filename,path,timestamp,process,label,type_kr,counter,event_id,temperature_1s,temperature_2s,temperature_3s,temperature_4s,temperature_5s,humidity_1s,humidity_2s,humidity_3s,humidity_4s,humidity_5s,vibration_1s,vibration_2s,vibration_3s,vibration_4s,vibration_5s,acceleration_1s,acceleration_2s,acceleration_3s,acceleration_4s,acceleration_5s,noise_1s,noise_2s,noise_3s,noise_4s,noise_5s,temp_mean,hum_mean,vib_mean,acc_mean,noise_mean,D,ewma,sensor_alert,sensor_alert_type,top_channel_1,top_pct_1,top_channel_2,top_pct_2,inspect_target_sensor,f_temperature_mean,f_temperature_max,f_temperature_min,f_temperature_std,f_temperature_slope,f_temperature_range,f_temperature_absdiff,f_humidity_mean,f_humidity_max,f_humidity_min,f_humidity_std,f_humidity_slope,f_humidity_range,f_humidity_absdiff,f_vibration_mean,f_vibration_max,f_vibration_min,f_vibration_std,f_vibration_slope,f_vibration_range,f_vibration_absdiff,f_acceleration_mean,f_acceleration_max,f_acceleration_min,f_acceleration_std,f_acceleration_slope,f_acceleration_range,f_acceleration_absdiff,f_noise_mean,f_noise_max,f_noise_min,f_noise_std,f_noise_slope,f_noise_range,f_noise_absdiff
PR_NOR_NB_A_20250902-163804_01070.jpg,stream_images/PR_NOR_NB_A_20250902-163804_01070.jpg,2025-09-02 16:38:04,사전공정,정상,납부족 검사군,1070,R013297,24.2,24.1,24.05,23.88,23.78,58.36,58.86,59.34,60.0,60.0,0.3819,0.4023,0.4155,0.4347,0.455,0.0178,0.0212,0.0242,0.0275,0.031,61.35,62.23,63.86,64.74,66.17,24.002,59.312,0.41788,0.02434,63.67,2.1436284389648033,2.1769429677827974,False,,습도,55.24827349702189,소음,16.666823355878545,,24.002,24.2,23.78,0.1518420231688183,-0.10599999999999987,0.41999999999999815,0.10499999999999954,59.312,60.0,58.36,0.6415730667663663,0.44200000000000017,1.6400000000000006,0.41000000000000014,0.41788,0.455,0.3819,0.02531311122718817,0.017859999999999997,0.0731,0.018275,0.02434,0.031,0.0178,0.004625840464175132,0.00327,0.0132,0.0033,63.67,66.17,61.35,1.7255144160510512,1.2149999999999999,4.82,1.205
PR_NOR_NB_A_20250902-163837_01071.jpg,stream_images/PR_NOR_NB_A_20250902-163837_01071.jpg,2025-09-02 16:38:37,사전공정,정상,납부족 검사군,1071,R013298,26.88,26.69,26.53,26.33,26.14,46.22,46.11,46.13,46.17,46.46,0.3808,0.3941,0.41,0.4241,0.4397,0.0126,0.0145,0.016,0.0177,0.0195,62.56,63.41,64.21,65.17,65.93,26.514,46.218,0.40974000000000005,0.016059999999999998,64.256,2.038790594487278,2.1493124931236935,False,,온도,40.708911636660176,가속도,24.676535793580744,,26.514,26.88,26.14,0.2603536056980966,-0.184,0.7399999999999984,0.1849999999999996,46.218,46.46,46.11,0.1267122724916572,0.054000000000000624,0.3500000000000014,0.11500000000000021,0.40974000000000005,0.4397,0.3808,0.020909385452470845,0.014779999999999988,0.05889999999999995,0.014724999999999988,0.016059999999999998,0.0195,0.0126,0.002405493712317702,0.0017000000000000001,0.0069,0.001725,64.256,65.93,62.56,1.2026570583503866,0.8500000000000014,3.3700000000000045,0.8425000000000011
PR_NOR_NB_A_20250902-164058_01072.jpg,stream_images/PR_NOR_NB_A_20250902-164058_01072.jpg,2025-09-02 16:40:58,사전공정,정상,납부족 검사군,1072,R013299,25.77,25.53,25.34,25.13,24.92,54.22,54.63,54.76,55.06,55.37,0.289,0.3004,0.314,0.3159,0.3209,0.0338,0.0324,0.03,0.0274,0.0257,69.78,69.86,69.61,69.51,68.98,25.338,54.80799999999999,0.30804,0.029859999999999998,69.548,1.238319387455279,1.9671138719900108,False,,습도,44.52591274696384,가속도,19.648136136892827,,25.338,25.77,24.92,0.2971464285499656,-0.2099999999999998,0.8499999999999979,0.21249999999999947,54.80799999999999,55.37,54.22,0.3896357273146288,0.2729999999999997,1.1499999999999986,0.28749999999999964,0.30804,0.3209,0.289,0.01169249331836458,0.00793000000000001,0.03190000000000004,0.00797500000000001,0.029859999999999998,0.0338,0.0257,0.003011710477452969,-0.002119999999999999,0.008099999999999996,0.002024999999999999,69.548,69.86,68.98,0.30954159655852237,-0.19499999999999887,0.8799999999999955,0.23999999999999844
PR_NOR_NB_A_20250902-164102_01073.jpg,stream_images/PR_NOR_NB_A_20250902-164102_01073.jpg,2025-09-02 16:41:02,사전공정,정상,납부족 검사군,1073,R013300,26.73,26.6,26.43,26.31,26.16,52.59,52.71,52.39,52.67,53.0,0.4962,0.5,0.5,0.5,0.5,0.0259,0.0246,0.0249,0.0236,0.0221,67.29,67.94,68.51,69.22,70.08,26.445999999999998,52.672000000000004,0.49924,0.02422,68.608,2.15251062353143,2.0041932222982948,False,,진동,60.73458650935382,온도,33.358537257005636,,26.445999999999998,26.73,26.16,0.20244505427399354,-0.14300000000000032,0.5700000000000003,0.14250000000000007,52.672000000000004,53.0,52.39,0.1976259092325696,0.0779999999999994,0.6099999999999994,0.2624999999999993,0.49924,0.5,0.4962,0.00152000000000001,0.0007600000000000051,0.0038000000000000256,0.0009500000000000064,0.02422,0.0259,0.0221,0.0012890306435457608,-0.0008599999999999997,0.003799999999999998,0.0010999999999999985,68.608,70.08,67.29,0.9730652598875348,0.6859999999999985,2.789999999999992,0.697499999999998
PR_NOR_NB_A_20250902-164115_01074.jpg,stream_images/PR_NOR_NB_A_20250902-164115_01074.jpg,2025-09-02 16:41:15,사전공정,정상,납부족 검사군,1074,R013301,23.77,24.06,24.33,24.6,24.87,50.73,50.66,50.89,51.38,51.61,0.3724,0.3781,0.3855,0.3918,0.3986,0.0208,0.0212,0.0219,0.0233,0.0238,65.41,66.02,66.49,67.3,68.03,24.326,51.053999999999995,0.38527999999999996,0.0222,66.65,0.8075995660850649,1.7648744910556489,False,,온도,50.49396367321499,진동,23.20895557578325,,24.326,24.87,23.77,0.3875358047974414,0.2740000000000006,1.1000000000000014,0.27500000000000036,51.053999999999995,51.61,50.66,0.37483863194713685,0.2480000000000011,0.9500000000000028,0.2550000000000008,0.38527999999999996,0.3986,0.3724,0.009353373722887371,0.0066099999999999996,0.0262,0.00655,0.0222,0.0238,0.0208,0.0011679041056525156,0.0008100000000000006,0.0030000000000000027,0.0007500000000000007,66.65,68.03,65.41,0.9259589623736049,0.652000000000001,2.6200000000000045,0.6550000000000011
PR_NOR_NB_A_20250902-164150_01075.jpg,stream_images/PR_NOR_NB_A_20250902-164150_01075.jpg,2025-09-02 16:41:50,사전공정,정상,납부족 검사군,1075,R013302,26.33,26.22,26.13,26.07,25.98,53.51,54.28,55.26,55.94,56.9,0.3887,0.3543,0.3281,0.2973,0.2709,0.0338,0.0339,0.0342,0.0352,0.0354,74.95,73.59,72.58,71.52,70.17,26.145999999999997,55.178,0.32785999999999993,0.034499999999999996,72.562,2.0902791607736995,1.8299554249992591,False,,소음,31.02163743059369,가속도,26.55648830750657,,26.145999999999997,26.33,25.98,0.12076423311560343,-0.08499999999999944,0.34999999999999787,0.08749999999999947,55.178,56.9,53.51,1.1950966488112997,0.8439999999999998,3.3900000000000006,0.8475000000000001,0.32785999999999993,0.3887,0.2709,0.04142219694801327,-0.02926,0.11780000000000002,0.029450000000000004,0.034499999999999996,0.0354,0.0338,0.0006693280212272618,0.00045000000000000107,0.0016000000000000042,0.00040000000000000105,72.562,74.95,70.17,1.647244972674072,-1.163000000000001,4.780000000000001,1.1950000000000003
PR_NOR_NB_A_20250902-164203_01076.jpg,stream_images/PR_NOR_NB_A_20250902-164203_01076.jpg,2025-09-02 16:42:03,사전공정,정상,납부족 검사군,1076,R013303,25.52,25.2,24.92,24.67,24.33,55.45,56.4,56.9,57.38,58.22,0.4389,0.4701,0.5,0.5,0.5,0.0336,0.0353,0.0368,0.0376,0.0376,64.49,64.67,65.25,65.61,65.66,24.928,56.870000000000005,0.48179999999999995,0.03618,65.136,2.3262075726919185,1.929205854537791,False,,진동,40.164011037454415,가속도,29.002101824767397,,24.928,25.52,24.33,0.4119902911477406,-0.29100000000000004,1.1900000000000013,0.2975000000000003,56.870000000000005,58.22,55.45,0.9296020654021798,0.6519999999999996,2.769999999999996,0.692499999999999,0.48179999999999995,0.5,0.4389,0.024376299965335173,0.015209999999999996,0.06109999999999999,0.015274999999999997,0.03618,0.0376,0.0336,0.00153935051239151,0.001030000000000001,0.0040000000000000036,0.0010000000000000009,65.136,65.66,64.49,0.4788987366865778,0.3280000000000001,1.1700000000000017,0.2925000000000004
PR_NOR_NB_A_20250902-164207_01077.jpg,stream_images/PR_NOR_NB_A_20250902-164207_01077.jpg,2025-09-02 16:42:07,사전공정,정상,납부족 검사군,1077,R013304,24.49,24.29,24.09,23.89,23.75,58.07,58.82,59.49,60.0,60.0,0.3367,0.318,0.2988,0.2803,0.2634,0.0291,0.0309,0.0331,0.035,0.0373,66.9,66.17,65.69,64.99,64.67,24.102,59.275999999999996,0.29944000000000004,0.03308,65.684,2.1094602356545917,1.9652567307611513,False,,습도,56.88299549444069,가속도,18.481962565480632,,24.102,24.49,23.75,0.26641321288554676,-0.18799999999999956,0.7399999999999984,0.1849999999999996,59.275999999999996,60.0,58.07,0.7424984848469389,0.5039999999999999,1.9299999999999997,0.48249999999999993,0.29944000000000004,0.3367,0.2634,0.026070719207570776,-0.018429999999999995,0.07329999999999998,0.018324999999999994,0.03308,0.0373,0.0291,0.0029013100489261746,0.00205,0.008199999999999999,0.0020499999999999997,65.684,66.9,64.67,0.8030840553765239,-0.5640000000000015,2.230000000000004,0.557500000000001
PR_NOR_NB_A_20250902-164225_01078.jpg,stream_images/PR_NOR_NB_A_20250902-164225_01078.jpg,2025-09-02 16:42:25,사전공정,정상,납부족 검사군,1078,R013305,24.07,24.38,24.68,24.98,25.33,44.56,44.27,44.3,44.23,44.09,0.3512,0.3455,0.3419,0.3394,0.3365,0.0186,0.019,0.0204,0.021,0.0216,66.32,65.65,64.59,63.45,62.52,24.688,44.29,0.3429,0.02012,64.506,1.3731126290703537,1.8468279104229919,False,,습도,53.87506349599427,소음,25.404407983356254,,24.688,25.33,24.07,0.4414249653112063,0.3119999999999997,1.259999999999998,0.3149999999999995,44.29,44.56,44.09,0.15297058540778358,-0.09800000000000039,0.46999999999999886,0.13249999999999673,0.3429,0.3512,0.3365,0.005096273148095576,-0.0035499999999999976,0.01469999999999999,0.0036749999999999977,0.02012,0.0216,0.0186,0.001149608629055994,0.0008000000000000007,0.0030000000000000027,0.0007500000000000007,64.506,66.32,62.52,1.3903754888518403,-0.9799999999999983,3.79999999999999,0.9499999999999975
PR_NOR_NB_A_20250902-164446_01079.jpg,stream_images/PR_NOR_NB_A_20250902-164446_01079.jpg,2025-09-02 16:44:46,사전공정,정상,납부족 검사군,1079,R013306,24.5,24.69,24.82,24.99,25.14,51.21,51.73,52.31,53.05,53.48,0.4301,0.416,0.3997,0.3835,0.372,0.0124,0.0127,0.0136,0.0144,0.0159,61.77,61.07,60.0,60.0,60.0,24.827999999999996,52.35600000000001,0.40026,0.013799999999999998,60.568000000000005,2.1511416381934874,1.9076906559770912,False,,소음,54.59303867508203,가속도,34.85974442951304,,24.827999999999996,25.14,24.5,0.22373198251479356,0.15799999999999984,0.6400000000000006,0.16000000000000014,52.35600000000001,53.48,51.21,0.8309416345327739,0.5859999999999992,2.269999999999996,0.567499999999999,0.40026,0.4301,0.372,0.02106187076211417,-0.014869999999999994,0.058099999999999985,0.014524999999999996,0.013799999999999998,0.0159,0.0124,0.001263328935788301,0.0008700000000000003,0.0035000000000000014,0.0008750000000000003,60.568000000000005,61.77,60.0,0.7300246571178275,-0.46100000000000063,1.7700000000000031,0.4425000000000008
PR_NOR_NB_A_20250902-164526_01080.jpg,stream_images/PR_NOR_NB_A_20250902-164526_01080.jpg,2025-09-02 16:45:26,사전공정,정상,납부족 검사군,1080,R013307,23.39,23.22,23.13,23.0,23.0,52.7,53.45,54.25,54.81,55.5,0.4533,0.4722,0.4932,0.5,0.5,0.0117,0.0111,0.0111,0.0106,0.0105,61.26,62.1,63.04,63.83,64.76,23.148,54.14200000000001,0.48374000000000006,0.011,62.998000000000005,2.9809081008161837,2.12233414494491,False,,가속도,28.448694213958152,온도,28.297111646922485,,23.148,23.39,23.0,0.14688771221582841,-0.1,0.39000000000000057,0.09750000000000014,54.14200000000001,55.5,52.7,0.9859290035291578,0.6959999999999994,2.799999999999997,0.6999999999999993,0.48374000000000006,0.5,0.4533,0.01831956331357274,0.012120000000000002,0.04670000000000002,0.011675000000000005,0.011,0.0117,0.0105,0.0004289522117905443,-0.00029,0.0011999999999999997,0.0002999999999999999,62.998000000000005,64.76,61.26,1.2349639670856813,0.8730000000000011,3.500000000000007,0.8750000000000018
PR_NOR_NB_A_20250902-164536_01081.jpg,stream_images/PR_NOR_NB_A_20250902-164536_01081.jpg,2025-09-02 16:45:36,사전공정,정상,납부족 검사군,1081,R013308,26.71,26.56,26.41,26.21,26.03,49.01,49.7,50.54,51.01,51.69,0.4984,0.5,0.5,0.5,0.5,0.0217,0.023,0.0238,0.0248,0.0264,61.11,60.11,60.0,60.0,60.0,26.383999999999997,50.39,0.49968,0.02394,60.24400000000001,2.639967303704601,2.225860776696848,False,,진동,40.29244716444686,소음,39.28482150543071,,26.383999999999997,26.71,26.03,0.24228908353452452,-0.17099999999999974,0.6799999999999997,0.16999999999999993,50.39,51.69,49.01,0.9462980502991637,0.6669999999999995,2.6799999999999997,0.6699999999999999,0.49968,0.5,0.4984,0.0006399999999999961,0.0003199999999999981,0.0015999999999999903,0.0003999999999999976,0.02394,0.0264,0.0217,0.0015944905142395796,0.00112,0.004699999999999999,0.0011749999999999998,60.24400000000001,61.11,60.0,0.4350907951221214,-0.23299999999999982,1.1099999999999994,0.27749999999999986
PR_NOR_NB_A_20250902-164545_01082.jpg,stream_images/PR_NOR_NB_A_20250902-164545_01082.jpg,2025-09-02 16:45:45,사전공정,정상,납부족 검사군,1082,R013309,25.1,24.99,24.89,24.79,24.65,45.37,45.56,46.14,46.39,46.85,0.273,0.2511,0.2277,0.2061,0.2,0.0272,0.0261,0.0267,0.0254,0.0248,66.98,66.84,66.82,66.73,66.86,24.884000000000004,46.062,0.23157999999999998,0.026039999999999997,66.846,1.5364460783700218,2.0879778370314828,False,,진동,77.64617866669383,습도,20.45075401325221,,24.884000000000004,25.1,24.65,0.15589740215924133,-0.1100000000000005,0.45000000000000284,0.11250000000000071,46.062,46.85,45.37,0.5413834131186518,0.3790000000000006,1.480000000000004,0.370000000000001,0.23157999999999998,0.273,0.2,0.02741615582097534,-0.0191,0.07300000000000001,0.018250000000000002,0.026039999999999997,0.0272,0.0248,0.0008639444426582072,-0.0005500000000000001,0.0023999999999999994,0.0008999999999999998,66.846,66.98,66.73,0.08039900496896767,-0.03500000000000085,0.25,0.09499999999999886
PR_NOR_NB_A_20250902-164703_01083.jpg,stream_images/PR_NOR_NB_A_20250902-164703_01083.jpg,2025-09-02 16:47:03,사전공정,정상,납부족 검사군,1083,R013310,24.62,24.89,25.04,25.3,25.45,57.45,57.66,58.12,58.51,58.92,0.3134,0.3151,0.3189,0.3235,0.3262,0.035,0.0343,0.0334,0.0325,0.0318,67.85,67.08,66.53,65.62,64.77,25.060000000000002,58.13199999999999,0.31942000000000004,0.0334,66.37,1.7446511576782946,2.019312501160845,False,,습도,64.07808607687967,가속도,29.352782724651277,,25.060000000000002,25.45,24.62,0.2941428224519506,0.20699999999999968,0.8299999999999983,0.20749999999999957,58.13199999999999,58.92,57.45,0.538865474863625,0.3789999999999999,1.4699999999999989,0.3674999999999997,0.31942000000000004,0.3262,0.3134,0.004853617207815216,0.0033999999999999976,0.012799999999999978,0.0031999999999999945,0.0334,0.035,0.0318,0.0011610340218959991,-0.0008199999999999999,0.0032000000000000015,0.0008000000000000004,66.37,67.85,64.77,1.08098103591136,-0.761999999999999,3.0799999999999983,0.7699999999999996
PR_NOR_NB_A_20250902-164711_01084.jpg,stream_images/PR_NOR_NB_A_20250902-164711_01084.jpg,2025-09-02 16:47:11,사전공정,정상,납부족 검사군,1084,R013311,26.92,26.95,26.93,26.95,26.96,40.08,40.77,41.1,41.62,42.3,0.4977,0.5,0.5,0.5,0.5,0.0321,0.0301,0.0286,0.0267,0.0241,70.48,69.5,68.74,67.87,66.82,26.942,41.174,0.49954,0.02832,68.682,2.854583970652313,2.1863667950591386,False,,진동,34.51162506042936,온도,33.97760542469087,,26.942,26.96,26.92,0.01469693845669866,0.00799999999999983,0.03999999999999915,0.019999999999999574,41.174,42.3,40.08,0.7526380272082978,0.5289999999999992,2.219999999999999,0.5549999999999997,0.49954,0.5,0.4977,0.0009200000000000097,0.00046000000000000484,0.0023000000000000242,0.0005750000000000061,0.02832,0.0321,0.0241,0.0027556487439439723,-0.001939999999999999,0.007999999999999997,0.001999999999999999,68.682,70.48,66.82,1.2674131133927904,-0.8950000000000017,3.660000000000011,0.9150000000000027
PR_NOR_NB_A_20250902-164712_01085.jpg,stream_images/PR_NOR_NB_A_20250902-164712_01085.jpg,2025-09-02 16:47:12,사전공정,정상,납부족 검사군,1085,R013312,24.82,24.95,25.03,25.13,25.2,49.77,49.86,49.4,49.15,49.25,0.3111,0.3027,0.2902,0.2831,0.2792,0.0127,0.0116,0.0106,0.01,0.01,69.05,68.4,67.81,67.19,66.95,25.026,49.486000000000004,0.29325999999999997,0.01098,67.88,1.720523097284868,2.0931980555042844,False,,가속도,84.95464085030858,진동,14.433381062564662,,25.026,25.2,24.82,0.13365627557282864,0.09399999999999978,0.379999999999999,0.09499999999999975,49.486000000000004,49.86,49.15,0.28160965892525863,-0.1750000000000007,0.7100000000000009,0.22499999999999964,0.29325999999999997,0.3111,0.2792,0.011980417355000612,-0.008339999999999997,0.031899999999999984,0.007974999999999996,0.01098,0.0127,0.01,0.0010399999999999997,-0.0006999999999999998,0.0026999999999999993,0.0006749999999999998,67.88,69.05,66.95,0.7726836351314808,-0.5409999999999997,2.0999999999999943,0.5249999999999986
PR_NOR_NB_A_20250902-164729_01086.jpg,stream_images/PR_NOR_NB_A_20250902-164729_01086.jpg,2025-09-02 16:47:29,사전공정,정상,납부족 검사군,1086,R013313,23.11,23.39,23.61,23.88,24.19,52.9,53.04,53.09,52.76,52.7,0.2531,0.2569,0.258,0.2666,0.2672,0.0249,0.0216,0.0192,0.0166,0.0139,72.39,72.53,72.76,72.96,72.93,23.636,52.898,0.26036000000000004,0.01924,72.714,2.109713083912606,2.0965010611859487,False,,소음,31.52259537592374,온도,30.11965786912941,,23.636,24.19,23.11,0.37531853138367716,0.26500000000000024,1.0800000000000018,0.27000000000000046,52.898,53.09,52.7,0.15184202316881878,-0.06799999999999926,0.39000000000000057,0.14500000000000135,0.26036000000000004,0.2672,0.2531,0.005585194714600377,0.003789999999999999,0.014100000000000001,0.0035250000000000004,0.01924,0.0249,0.0139,0.003823401626823946,-0.0027,0.011,0.00275,72.714,72.96,72.39,0.2227644495874508,0.15100000000000052,0.5699999999999932,0.14999999999999503
PR_NOR_NB_A_20250902-164903_01087.jpg,stream_images/PR_NOR_NB_A_20250902-164903_01087.jpg,2025-09-02 16:49:03,사전공정,정상,납부족 검사군,1087,R013314,23.56,23.51,23.43,23.36,23.28,52.53,52.92,53.45,53.77,54.25,0.2113,0.2,0.2,0.2,0.2,0.0348,0.0345,0.0342,0.0342,0.0335,74.96,75.0,74.89,74.34,74.4,23.428,53.384,0.20225999999999997,0.03424000000000001,74.71799999999999,2.9561558665735665,2.2684320222634726,False,,진동,32.39727112114903,소음,30.99759736112473,,23.428,23.56,23.28,0.10067770358922541,-0.07099999999999973,0.2799999999999976,0.0699999999999994,53.384,54.25,52.53,0.6079342069665103,0.42899999999999994,1.7199999999999989,0.4299999999999997,0.20225999999999997,0.2113,0.2,0.004519999999999991,-0.0022599999999999955,0.011299999999999977,0.002824999999999994,0.03424000000000001,0.0348,0.0335,0.00043174066289845706,-0.0002899999999999993,0.0012999999999999956,0.0003249999999999989,74.71799999999999,75.0,74.34,0.2869425029513721,-0.17799999999999727,0.6599999999999966,0.19000000000000128
PR_NOR_NB_A_20250902-164907_01088.jpg,stream_images/PR_NOR_NB_A_20250902-164907_01088.jpg,2025-09-02 16:49:07,사전공정,정상,납부족 검사군,1088,R013315,23.34,23.56,23.83,24.05,24.33,50.73,51.34,51.96,52.96,53.87,0.4262,0.4003,0.3796,0.355,0.3332,0.034,0.0336,0.0342,0.0341,0.0343,65.86,65.67,65.66,65.67,65.56,23.821999999999996,52.172000000000004,0.37886,0.03404,65.684,1.5644255779367553,2.1276307333981292,False,,가속도,42.239125278518905,온도,41.163452029765445,,23.821999999999996,24.33,23.34,0.34959405029262136,0.2469999999999999,0.9899999999999984,0.2474999999999996,52.172000000000004,53.87,50.73,1.124338027463271,0.7899999999999998,3.1400000000000006,0.7850000000000001,0.37886,0.4262,0.3332,0.03272745636312117,-0.023130000000000005,0.09300000000000003,0.023250000000000007,0.03404,0.0343,0.0336,0.0002416609194718916,0.00010999999999999899,0.0006999999999999992,0.00032500000000000237,65.684,65.86,65.56,0.09728309205612176,-0.05999999999999943,0.29999999999999716,0.08000000000000185
PR_NOR_NB_A_20250902-164918_01089.jpg,stream_images/PR_NOR_NB_A_20250902-164918_01089.jpg,2025-09-02 16:49:18,사전공정,정상,납부족 검사군,1089,R013316,25.83,25.77,25.7,25.55,25.48,57.15,57.2,57.07,57.22,57.33,0.4221,0.4125,0.3957,0.3862,0.3738,0.0296,0.0321,0.034,0.0365,0.0392,61.43,61.08,60.87,60.84,60.62,25.665999999999997,57.193999999999996,0.39805999999999997,0.03428,60.967999999999996,2.3244894716116877,2.167002481040841,False,,소음,40.986180819170094,습도,27.82049689521322,,25.665999999999997,25.83,25.48,0.1318483977907953,-0.09199999999999946,0.34999999999999787,0.08749999999999947,57.193999999999996,57.33,57.07,0.08546344247688548,0.03799999999999955,0.259999999999998,0.11000000000000121,0.39805999999999997,0.4221,0.3738,0.017442545685765008,-0.01228999999999999,0.048299999999999954,0.012074999999999989,0.03428,0.0392,0.0296,0.003342693524689333,0.0023599999999999997,0.009599999999999997,0.0023999999999999994,60.967999999999996,61.43,60.62,0.2731592941856457,-0.18599999999999994,0.8100000000000023,0.20250000000000057
PR_NOR_NB_A_20250902-165005_01090.jpg,stream_images/PR_NOR_NB_A_20250902-165005_01090.jpg,2025-09-02 16:50:05,사전공정,정상,납부족 검사군,1090,R013317,25.66,25.72,25.79,25.85,25.9,44.19,44.59,45.22,45.82,46.39,0.2824,0.2945,0.3063,0.3227,0.3334,0.0196,0.0164,0.0126,0.01,0.01,64.99,64.39,63.55,63.06,62.35,25.784,45.242,0.30785999999999997,0.013720000000000001,63.668000000000006,1.9529861438325895,2.1241992135991907,False,,가속도,42.95292667238752,소음,20.322107704595982,,25.784,25.9,25.66,0.08639444426582066,0.06099999999999994,0.23999999999999844,0.05999999999999961,45.242,46.39,44.19,0.7980325807885292,0.5630000000000003,2.200000000000003,0.5500000000000007,0.30785999999999997,0.3334,0.2824,0.018448045966985228,0.013019999999999999,0.05099999999999999,0.012749999999999997,0.013720000000000001,0.0196,0.01,0.00376,-0.0025599999999999998,0.0096,0.0024,63.668000000000006,64.99,62.35,0.9369823904428494,-0.6609999999999985,2.6399999999999935,0.6599999999999984
PR_NOR_NB_A_20250902-165028_01091.jpg,stream_images/PR_NOR_NB_A_20250902-165028_01091.jpg,2025-09-02 16:50:28,사전공정,정상,납부족 검사군,1091,R013318,25.73,25.78,25.79,25.86,25.89,55.3,56.21,57.11,58.25,58.86,0.4068,0.39,0.37,0.3515,0.3308,0.0375,0.0383,0.0396,0.04,0.0398,65.37,66.18,66.96,68.15,69.4,25.810000000000002,57.146,0.3698199999999999,0.039040000000000005,67.21199999999999,2.1321987702600183,2.125799124931356,False,,가속도,55.09016163720554,습도,33.042376206549484,,25.810000000000002,25.89,25.73,0.057619441163551624,0.039999999999999855,0.16000000000000014,0.040000000000000036,57.146,58.86,55.3,1.2993629208192765,0.9160000000000004,3.5600000000000023,0.8900000000000006,0.3698199999999999,0.4068,0.3308,0.026955400201072892,-0.019050000000000004,0.07600000000000001,0.019000000000000003,0.039040000000000005,0.04,0.0375,0.0009728309205612259,0.0006300000000000007,0.0025000000000000022,0.0006750000000000003,67.21199999999999,69.4,65.37,1.4274929071627647,1.0030000000000001,4.030000000000001,1.0075000000000003
PR_NOR_NB_A_20250902-165122_01092.jpg,stream_images/PR_NOR_NB_A_20250902-165122_01092.jpg,2025-09-02 16:51:22,사전공정,정상,납부족 검사군,1092,R013319,23.88,23.99,24.09,24.2,24.31,50.46,51.1,51.77,52.56,52.88,0.2908,0.2661,0.2355,0.2098,0.2,0.0165,0.0148,0.0146,0.014,0.0126,61.06,60.66,60.58,60.49,60.05,24.094,51.754000000000005,0.24044,0.014500000000000002,60.568000000000005,2.4903090388504436,2.198701107715174,False,,소음,40.77229066833469,진동,25.362180948622292,,24.094,24.31,23.88,0.15134067529914094,0.10700000000000003,0.4299999999999997,0.10749999999999993,51.754000000000005,52.88,50.46,0.896651548819273,0.6300000000000004,2.4200000000000017,0.6050000000000004,0.24044,0.2908,0.2,0.03403871912983801,-0.02379,0.09079999999999999,0.022699999999999998,0.014500000000000002,0.0165,0.0126,0.0012617448236470006,-0.0008600000000000002,0.0039000000000000007,0.0009750000000000002,60.568000000000005,61.06,60.05,0.32406172251594423,-0.21900000000000047,1.0100000000000051,0.2525000000000013
PR_NOR_NB_A_20250902-165141_01093.jpg,stream_images/PR_NOR_NB_A_20250902-165141_01093.jpg,2025-09-02 16:51:41,사전공정,정상,납부족 검사군,1093,R013320,24.42,24.25,24.1,23.92,23.72,46.77,46.26,45.92,45.65,45.31,0.4967,0.4773,0.4564,0.4333,0.4097,0.0106,0.01,0.01,0.01,0.01,70.88,70.23,69.67,69.25,68.71,24.082,45.982,0.45468000000000003,0.01012,69.748,2.3741368412694386,2.233788254426027,False,,가속도,50.78043802774669,진동,24.65172500074061,,24.082,24.42,23.72,0.24498163196452155,-0.1730000000000004,0.7000000000000028,0.1750000000000007,45.982,46.77,45.31,0.5027683363140526,-0.3530000000000001,1.4600000000000009,0.3650000000000002,0.45468000000000003,0.4967,0.4097,0.030856467717481843,-0.021799999999999993,0.08699999999999997,0.02174999999999999,0.01012,0.0106,0.01,0.00023999999999999995,-0.00011999999999999996,0.0005999999999999998,0.00014999999999999996,69.748,70.88,68.71,0.7543580051938212,-0.5320000000000007,2.1700000000000017,0.5425000000000004
PR_NOR_NB_A_20250902-165234_01094.jpg,stream_images/PR_NOR_NB_A_20250902-165234_01094.jpg,2025-09-02 16:52:34,사전공정,정상,납부족 검사군,1094,R013321,24.21,24.35,24.44,24.5,24.6,43.23,43.31,43.09,42.85,42.68,0.3035,0.3078,0.3082,0.3059,0.3063,0.0129,0.0152,0.0177,0.0196,0.0224,60.73,60.81,61.73,62.77,63.23,24.419999999999998,43.032,0.30634,0.01756,61.854,2.1044014417678816,2.207910891894398,False,,소음,38.30732257740701,습도,33.991157227209534,,24.419999999999998,24.6,24.21,0.13281566172707193,0.09299999999999997,0.39000000000000057,0.09750000000000014,43.032,43.31,42.68,0.2353210572813237,-0.15599999999999953,0.6300000000000026,0.177500000000002,0.30634,0.3082,0.3035,0.0016644518617250541,0.0003700000000000037,0.004699999999999982,0.0018499999999999905,0.01756,0.0224,0.0129,0.0033133668677042087,0.0023399999999999996,0.0095,0.002375,61.854,63.23,60.73,1.010061384273253,0.6960000000000001,2.5,0.625
PR_NOR_NB_A_20250902-165301_01095.jpg,stream_images/PR_NOR_NB_A_20250902-165301_01095.jpg,2025-09-02 16:53:01,사전공정,정상,납부족 검사군,1095,R013322,26.44,26.51,26.6,26.63,26.74,52.63,53.28,53.7,54.66,55.28,0.4656,0.4744,0.4759,0.4823,0.4886,0.0363,0.0387,0.04,0.04,0.04,61.53,61.34,61.61,61.85,61.77,26.584000000000003,53.910000000000004,0.47736,0.039,61.620000000000005,2.922712673873087,2.3508712482901357,False,,가속도,28.760203231687072,진동,23.67230076576639,,26.584000000000003,26.74,26.44,0.10287856919689238,0.07199999999999918,0.29999999999999716,0.07499999999999929,53.910000000000004,55.28,52.63,0.9506629265938573,0.6679999999999993,2.6499999999999986,0.6624999999999996,0.47736,0.4886,0.4656,0.007745088766437727,0.005389999999999995,0.022999999999999965,0.005749999999999991,0.039,0.04,0.0363,0.001440833092346231,0.0008700000000000007,0.003700000000000002,0.0009250000000000005,61.620000000000005,61.85,61.34,0.17999999999999972,0.0990000000000002,0.509999999999998,0.1949999999999985
PR_NOR_NB_A_20250902-165359_01096.jpg,stream_images/PR_NOR_NB_A_20250902-165359_01096.jpg,2025-09-02 16:53:59,사전공정,정상,납부족 검사군,1096,R013323,26.39,26.22,26.0,25.8,25.59,53.77,53.37,53.04,52.67,52.17,0.3891,0.4026,0.4142,0.43,0.4465,0.026,0.0283,0.0301,0.032,0.033,74.24,75.0,75.0,75.0,75.0,26.0,53.004000000000005,0.4164800000000001,0.02988,74.848,2.171927761777724,2.3150825509876536,False,,소음,60.35916841074298,온도,15.926269499324059,,26.0,26.39,25.59,0.2858671019897182,-0.20199999999999996,0.8000000000000007,0.20000000000000018,53.004000000000005,53.77,52.17,0.5530135622206744,-0.38999999999999985,1.6000000000000014,0.40000000000000036,0.4164800000000001,0.4465,0.3891,0.02015692436856377,0.01422,0.05740000000000001,0.014350000000000002,0.02988,0.033,0.026,0.0025230140705116972,0.0017700000000000007,0.007000000000000003,0.0017500000000000007,74.848,75.0,74.24,0.30400000000000205,0.15200000000000102,0.7600000000000051,0.19000000000000128
PR_NOR_NB_A_20250902-165421_01097.jpg,stream_images/PR_NOR_NB_A_20250902-165421_01097.jpg,2025-09-02 16:54:21,사전공정,정상,납부족 검사군,1097,R013324,24.07,24.12,24.2,24.23,24.23,53.37,53.56,53.83,53.94,54.26,0.371,0.3544,0.3359,0.3235,0.3087,0.0163,0.0174,0.0182,0.0194,0.0198,68.1,68.42,68.61,68.93,69.41,24.17,53.791999999999994,0.33870000000000006,0.01822,68.694,1.262190628479334,2.10450416648599,False,,가속도,37.0899299003665,온도,31.157597580011082,,24.17,24.23,24.07,0.06418722614352469,0.04299999999999997,0.16000000000000014,0.040000000000000036,53.791999999999994,54.26,53.37,0.30798701271319817,0.21599999999999966,0.8900000000000006,0.22250000000000014,0.33870000000000006,0.371,0.3087,0.022039328483418004,-0.015550000000000003,0.06230000000000002,0.015575000000000006,0.01822,0.0198,0.0163,0.001284367548640187,0.0009000000000000008,0.003500000000000003,0.0008750000000000008,68.694,69.41,68.1,0.4479553549183231,0.31300000000000094,1.3100000000000023,0.32750000000000057
PR_NOR_NB_A_20250902-165509_01098.jpg,stream_images/PR_NOR_NB_A_20250902-165509_01098.jpg,2025-09-02 16:55:09,사전공정,정상,납부족 검사군,1098,R013325,26.77,26.61,26.43,26.27,26.08,49.93,50.8,51.44,52.26,52.98,0.2797,0.2789,0.2776,0.2775,0.2779,0.0331,0.035,0.0372,0.0391,0.04,60.79,60.13,60.0,60.0,60.0,26.432,51.48199999999999,0.27832,0.03688,60.184000000000005,2.620570751388291,2.20771748346645,False,,소음,40.986094090096756,가속도,26.102731885832014,,26.432,26.77,26.08,0.24334337878808243,-0.17200000000000024,0.6900000000000013,0.17250000000000032,51.48199999999999,52.98,49.93,1.0700355134293433,0.7559999999999996,3.049999999999997,0.7624999999999993,0.27832,0.2797,0.2775,0.0008494704232638058,-0.0005000000000000004,0.0021999999999999797,0.0006499999999999839,0.03688,0.04,0.0331,0.002552959067435278,0.0017900000000000006,0.006900000000000003,0.0017250000000000008,60.184000000000005,60.79,60.0,0.30715468415767283,-0.1710000000000001,0.7899999999999991,0.1974999999999998
PR_NOR_NB_A_20250902-165542_01099.jpg,stream_images/PR_NOR_NB_A_20250902-165542_01099.jpg,2025-09-02 16:55:42,사전공정,정상,납부족 검사군,1099,R013326,25.9,26.02,26.14,26.31,26.48,59.37,60.0,60.0,60.0,60.0,0.3931,0.396,0.3953,0.3919,0.3854,0.0215,0.0223,0.0226,0.0239,0.0242,67.15,67.32,66.86,66.53,66.51,26.169999999999998,59.874,0.39234,0.0229,66.874,2.0523289016214066,2.176639767097442,False,,습도,68.67995879602204,온도,24.205946446442606,,26.169999999999998,26.48,25.9,0.2059126028197404,0.1450000000000003,0.5800000000000018,0.14500000000000046,59.874,60.0,59.37,0.252000000000001,0.1260000000000005,0.6300000000000026,0.15750000000000064,0.39234,0.396,0.3854,0.0037707293724158924,-0.0019499999999999962,0.010599999999999998,0.003375000000000003,0.0229,0.0242,0.0215,0.0010099504938362084,0.0007000000000000003,0.002700000000000001,0.0006750000000000003,66.874,67.32,66.51,0.32438249027960575,-0.20699999999999932,0.8099999999999881,0.2449999999999939
PR_NOR_NB_A_20250902-165623_01100.jpg,stream_images/PR_NOR_NB_A_20250902-165623_01100.jpg,2025-09-02 16:56:23,사전공정,정상,납부족 검사군,1100,R013327,23.93,23.98,23.99,24.03,24.13,50.72,50.83,50.58,50.47,50.93,0.4828,0.4809,0.4799,0.4839,0.4911,0.0352,0.036,0.0363,0.0373,0.0381,71.48,70.94,70.87,70.87,71.04,24.011999999999997,50.706,0.48372000000000004,0.036579999999999994,71.04,2.312160744318085,2.2037439625415707,False,,진동,42.381383995743036,가속도,31.89626889921358,,24.011999999999997,24.13,23.93,0.06705221845696069,0.04499999999999993,0.1999999999999993,0.04999999999999982,50.706,50.93,50.47,0.16572265988693302,0.006000000000000227,0.46000000000000085,0.23249999999999993,0.48372000000000004,0.4911,0.4799,0.003946846842734077,0.001959999999999995,0.011199999999999988,0.0035250000000000004,0.036579999999999994,0.0381,0.0352,0.001014692071517266,0.0007100000000000002,0.0029,0.000725,71.04,71.48,70.87,0.22864820139244518,-0.09499999999999886,0.6099999999999994,0.19500000000000028
PR_NOR_NB_A_20250902-165625_01101.jpg,stream_images/PR_NOR_NB_A_20250902-165625_01101.jpg,2025-09-02 16:56:25,사전공정,정상,납부족 검사군,1101,R013328,24.5,24.53,24.58,24.6,24.65,52.62,52.16,51.75,51.53,51.46,0.3807,0.3797,0.3745,0.373,0.3716,0.0343,0.0369,0.0385,0.04,0.04,63.08,62.89,62.57,62.68,62.33,24.572000000000003,51.903999999999996,0.3759,0.03794,62.71,1.9053062306544906,2.1440564161641547,False,,가속도,58.336764663250165,소음,33.13554542449304,,24.572000000000003,24.65,24.5,0.052687759489277466,0.03699999999999974,0.14999999999999858,0.037499999999999645,51.903999999999996,52.62,51.46,0.43334051276103713,-0.2949999999999989,1.1599999999999966,0.28999999999999915,0.3759,0.3807,0.3716,0.003642526595647582,-0.002489999999999998,0.009099999999999997,0.0022749999999999992,0.03794,0.04,0.0343,0.002150906785520936,0.0014500000000000006,0.005700000000000004,0.001425000000000001,62.71,63.08,62.33,0.2585343304089421,-0.1710000000000001,0.75,0.24249999999999972
PR_NOR_NB_A_20250902-165759_01102.jpg,stream_images/PR_NOR_NB_A_20250902-165759_01102.jpg,2025-09-02 16:57:59,사전공정,정상,납부족 검사군,1102,R013329,24.5,24.53,24.6,24.65,24.73,48.49,49.0,49.53,49.84,50.48,0.2006,0.2105,0.2247,0.2353,0.2523,0.0124,0.01,0.01,0.01,0.01,74.59,75.0,75.0,75.0,75.0,24.602,49.468,0.22468,0.01048,74.918,2.7713594119375387,2.2695170153188315,False,,소음,37.05436675994952,가속도,34.90328179842646,,24.602,24.73,24.5,0.08280096617793757,0.05799999999999983,0.23000000000000043,0.05750000000000011,49.468,50.48,48.49,0.6843800113971759,0.4819999999999993,1.9899999999999949,0.4974999999999987,0.22468,0.2523,0.2006,0.018202021865715918,0.012820000000000007,0.051700000000000024,0.012925000000000006,0.01048,0.0124,0.01,0.0009599999999999998,-0.00047999999999999985,0.0023999999999999994,0.0005999999999999998,74.918,75.0,74.59,0.16399999999999865,0.08199999999999932,0.4099999999999966,0.10249999999999915
PR_NOR_NB_A_20250902-165907_01103.jpg,stream_images/PR_NOR_NB_A_20250902-165907_01103.jpg,2025-09-02 16:59:07,사전공정,정상,납부족 검사군,1103,R013330,26.14,26.21,26.34,26.41,26.48,52.88,52.76,52.75,52.71,52.36,0.4754,0.4949,0.5,0.5,0.5,0.0297,0.029,0.0284,0.0279,0.0269,64.27,63.47,62.97,62.28,61.24,26.315999999999995,52.69199999999999,0.49406,0.028380000000000006,62.84599999999999,2.3083733907634616,2.277288290407758,False,,진동,48.64588445721447,온도,23.782712912728904,,26.315999999999995,26.48,26.14,0.12531560158256416,0.0879999999999999,0.33999999999999986,0.08499999999999996,52.69199999999999,52.88,52.36,0.17543089807670775,-0.10900000000000035,0.5200000000000031,0.13000000000000078,0.49406,0.5,0.4754,0.009536791913426657,0.005430000000000002,0.02460000000000001,0.006150000000000003,0.028380000000000006,0.0297,0.0269,0.0009537295214053093,-0.0006700000000000001,0.0028000000000000004,0.0007000000000000001,62.84599999999999,64.27,61.24,1.0326780718113444,-0.7249999999999985,3.029999999999994,0.7574999999999985
PR_NOR_NB_A_20250902-165922_01104.jpg,stream_images/PR_NOR_NB_A_20250902-165922_01104.jpg,2025-09-02 16:59:22,사전공정,정상,납부족 검사군,1104,R013331,23.82,23.76,23.67,23.56,23.5,48.59,48.3,47.89,47.83,47.58,0.3136,0.3058,0.296,0.2886,0.2793,0.0211,0.0214,0.0216,0.0224,0.0233,69.05,68.98,69.34,69.55,69.64,23.662,48.038,0.29666,0.02196,69.312,1.4416885338460244,2.110168339095411,False,,온도,62.11849633754712,진동,18.10393768089569,,23.662,23.82,23.5,0.11939849245279498,-0.08400000000000034,0.3200000000000003,0.08000000000000007,48.038,48.59,47.58,0.36007776937767333,-0.24900000000000092,1.0100000000000051,0.2525000000000013,0.29666,0.3136,0.2793,0.012143080334083274,-0.008579999999999999,0.0343,0.008575,0.02196,0.0233,0.0211,0.0007964923100695953,0.0005400000000000002,0.0022000000000000006,0.0005500000000000001,69.312,69.64,68.98,0.26225178741049526,0.175,0.6599999999999966,0.18249999999999744
PR_NOR_NB_A_20250902-170023_01105.jpg,stream_images/PR_NOR_NB_A_20250902-170023_01105.jpg,2025-09-02 17:00:23,사전공정,정상,납부족 검사군,1105,R013332,26.46,26.25,26.01,25.81,25.52,41.24,41.48,41.65,41.89,42.45,0.4212,0.4447,0.4684,0.4905,0.5,0.0109,0.01,0.01,0.01,0.01,70.89,69.92,69.58,68.86,68.5,26.01,41.742,0.46495999999999993,0.010180000000000002,69.55,2.7466014125708873,2.2374549537905066,False,,가속도,37.36233304997537,습도,27.606510795994726,,26.01,26.46,25.52,0.3286943869310827,-0.23200000000000037,0.9400000000000013,0.23500000000000032,41.742,42.45,41.24,0.4128631734606525,0.28300000000000053,1.2100000000000009,0.3025000000000002,0.46495999999999993,0.5,0.4212,0.029042493005938724,0.020339999999999997,0.07879999999999998,0.019699999999999995,0.010180000000000002,0.0109,0.01,0.00035999999999999997,-0.00017999999999999996,0.0008999999999999998,0.00022499999999999994,69.55,70.89,68.5,0.8380930735902788,-0.5840000000000003,2.3900000000000006,0.5975000000000001
PR_NOR_NB_A_20250902-170035_01106.jpg,stream_images/PR_NOR_NB_A_20250902-170035_01106.jpg,2025-09-02 17:00:35,사전공정,정상,납부족 검사군,1106,R013333,24.32,24.19,24.08,23.93,23.81,58.97,58.55,58.06,57.02,56.56,0.2906,0.2665,0.2488,0.2295,0.2116,0.0248,0.0262,0.0278,0.0296,0.0311,74.38,75.0,75.0,75.0,75.0,24.066000000000003,57.831999999999994,0.2494,0.0279,74.876,2.592440384886712,2.308452040009748,False,,소음,42.322093853842304,습도,26.928927542427516,,24.066000000000003,24.32,23.81,0.18117394956229282,-0.12800000000000047,0.5100000000000016,0.1275000000000004,57.831999999999994,58.97,56.56,0.9099318655811526,-0.6349999999999987,2.4099999999999966,0.6024999999999991,0.2494,0.2906,0.2116,0.027622671847596498,-0.019500000000000003,0.07900000000000001,0.019750000000000004,0.0279,0.0311,0.0248,0.0022645087767549058,0.0016,0.0063,0.001575,74.876,75.0,74.38,0.24800000000000183,0.12400000000000092,0.6200000000000045,0.15500000000000114
PR_NOR_NB_A_20250902-170110_01107.jpg,stream_images/PR_NOR_NB_A_20250902-170110_01107.jpg,2025-09-02 17:01:10,사전공정,정상,납부족 검사군,1107,R013334,24.65,24.43,24.22,24.07,23.88,40.95,41.77,42.36,43.09,43.59,0.3881,0.3843,0.3912,0.3903,0.3941,0.0108,0.012,0.0135,0.0149,0.016,71.99,71.43,70.72,69.81,69.0,24.25,42.352000000000004,0.3896,0.013439999999999999,70.59,2.1449157053056167,2.2757447730689218,False,,습도,38.888810005238525,가속도,37.336250534703886,,24.25,24.65,23.88,0.2692953768633986,-0.18999999999999986,0.7699999999999996,0.1924999999999999,42.352000000000004,43.59,40.95,0.9361281963491969,0.6600000000000001,2.6400000000000006,0.6600000000000001,0.3896,0.3941,0.3843,0.0032753625753494916,0.0018000000000000017,0.009800000000000031,0.00385000000000002,0.013439999999999999,0.016,0.0108,0.0018831887850133348,0.00133,0.0052,0.0013,70.59,71.99,69.0,1.0787956247593882,-0.7599999999999995,2.989999999999995,0.7474999999999987
PR_NOR_NB_A_20250902-170121_01108.jpg,stream_images/PR_NOR_NB_A_20250902-170121_01108.jpg,2025-09-02 17:01:21,사전공정,정상,납부족 검사군,1108,R013335,24.94,25.1,25.22,25.33,25.46,57.14,56.77,56.96,57.34,57.47,0.4903,0.4826,0.4784,0.4732,0.4665,0.031,0.033,0.0363,0.0388,0.04,62.24,61.9,61.59,61.01,60.38,25.21,57.136,0.4782,0.035820000000000005,61.424,2.633867447834973,2.347369308022132,False,,진동,29.52060508190022,소음,27.593640756203186,,25.21,25.46,24.94,0.17999999999999944,0.1269999999999996,0.5199999999999996,0.1299999999999999,57.136,57.47,56.77,0.2522379828653877,0.12299999999999969,0.6999999999999957,0.2674999999999983,0.4782,0.4903,0.4665,0.008095677859203631,-0.005699999999999994,0.023799999999999988,0.005949999999999997,0.035820000000000005,0.04,0.031,0.0033990586932267,0.00238,0.009000000000000001,0.0022500000000000003,61.424,62.24,60.38,0.6605028387524159,-0.46099999999999997,1.8599999999999994,0.46499999999999986
PR_NOR_NB_A_20250902-170127_01109.jpg,stream_images/PR_NOR_NB_A_20250902-170127_01109.jpg,2025-09-02 17:01:27,사전공정,정상,납부족 검사군,1109,R013336,25.24,25.35,25.48,25.6,25.7,47.15,47.47,48.2,49.14,49.54,0.3527,0.3817,0.4114,0.442,0.4731,0.0285,0.0279,0.0268,0.0258,0.0247,70.62,70.23,69.4,68.79,68.34,25.474000000000004,48.3,0.41217999999999994,0.026740000000000003,69.476,0.9903029943261806,2.0759560452829415,False,,진동,48.84589497708337,소음,20.55945114839671,,25.474000000000004,25.7,25.24,0.16560193235587586,0.11700000000000017,0.46000000000000085,0.11500000000000021,48.3,49.54,47.15,0.9235366803760426,0.6450000000000002,2.3900000000000006,0.5975000000000001,0.41217999999999994,0.4731,0.3527,0.04258635462210872,0.030110000000000005,0.12040000000000001,0.030100000000000002,0.026740000000000003,0.0285,0.0247,0.0013778243719719874,-0.0009700000000000004,0.0038000000000000013,0.0009500000000000003,69.476,70.62,68.34,0.8537118951965,-0.6,2.280000000000001,0.5700000000000003
PR_NOR_NB_A_20250902-170156_01110.jpg,stream_images/PR_NOR_NB_A_20250902-170156_01110.jpg,2025-09-02 17:01:56,사전공정,정상,납부족 검사군,1110,R013337,24.86,24.56,24.27,24.0,23.76,55.15,55.76,55.72,55.89,56.3,0.4988,0.5,0.5,0.5,0.5,0.038,0.0383,0.0386,0.0386,0.0391,74.69,75.0,75.0,75.0,75.0,24.29,55.763999999999996,0.49976000000000004,0.03852,74.938,3.0694883746089516,2.2746625111481436,False,,소음,30.77158489802192,진동,30.260989039894636,,24.29,24.86,23.76,0.39069169430639217,-0.27599999999999947,1.0999999999999979,0.27499999999999947,55.763999999999996,56.3,55.15,0.36935619664491864,0.24299999999999997,1.1499999999999986,0.3074999999999992,0.49976000000000004,0.5,0.4988,0.0004799999999999915,0.00023999999999999578,0.0011999999999999789,0.0002999999999999947,0.03852,0.0391,0.038,0.0003655133376499426,0.0002500000000000009,0.0011000000000000038,0.00027500000000000094,74.938,75.0,74.69,0.12400000000000092,0.06200000000000046,0.3100000000000023,0.07750000000000057
PR_NOR_NB_A_20250902-170237_01111.jpg,stream_images/PR_NOR_NB_A_20250902-170237_01111.jpg,2025-09-02 17:02:37,사전공정,정상,납부족 검사군,1111,R013338,24.55,24.49,24.44,24.31,24.17,47.6,46.39,45.66,44.79,44.29,0.242,0.257,0.2627,0.2739,0.2846,0.017,0.0183,0.0197,0.0203,0.0219,61.37,60.26,60.0,60.0,60.0,24.392000000000003,45.745999999999995,0.26404,0.01944,60.326,2.2253126113654096,2.264792531191597,False,,소음,55.14420127302719,진동,19.81934529464343,,24.392000000000003,24.55,24.17,0.13629380029920618,-0.09399999999999978,0.379999999999999,0.09499999999999975,45.745999999999995,47.6,44.29,1.1741652353906593,-0.8220000000000006,3.3100000000000023,0.8275000000000006,0.26404,0.2846,0.242,0.014539958734466894,0.010210000000000002,0.04260000000000003,0.010650000000000007,0.01944,0.0219,0.017,0.0016799999999999992,0.0011799999999999994,0.004899999999999998,0.0012249999999999995,60.326,61.37,60.0,0.5316239272267558,-0.29999999999999927,1.3699999999999974,0.34249999999999936
PR_NOR_NB_A_20250902-170237_01112.jpg,stream_images/PR_NOR_NB_A_20250902-170237_01112.jpg,2025-09-02 17:02:37,사전공정,정상,납부족 검사군,1112,R013339,25.86,26.15,26.42,26.73,26.97,56.82,57.0,56.5,56.13,56.16,0.3699,0.372,0.378,0.3797,0.3868,0.0233,0.0245,0.0263,0.0278,0.0288,71.63,70.72,69.76,69.0,68.49,26.426,56.522000000000006,0.37727999999999995,0.026139999999999997,69.92,1.7898709589874768,2.169808216750773,False,,온도,47.637744519725835,습도,39.47261816275672,,26.426,26.97,25.86,0.39621206443014845,0.2800000000000001,1.1099999999999994,0.27749999999999986,56.522000000000006,57.0,56.13,0.3471253375943625,-0.21900000000000047,0.8699999999999974,0.2699999999999978,0.37727999999999995,0.3868,0.3699,0.0059891234751005,0.004149999999999992,0.01689999999999997,0.004224999999999993,0.026139999999999997,0.0288,0.0233,0.002030369424513676,0.0014299999999999994,0.005499999999999998,0.0013749999999999995,69.92,71.63,68.49,1.1385077953180642,-0.8,3.1400000000000006,0.7850000000000001
PR_NOR_NB_A_20250902-170257_01113.jpg,stream_images/PR_NOR_NB_A_20250902-170257_01113.jpg,2025-09-02 17:02:57,사전공정,정상,납부족 검사군,1113,R013340,26.95,26.72,26.47,26.26,26.03,45.86,45.18,44.76,44.21,43.76,0.4085,0.3859,0.3751,0.3665,0.3504,0.0219,0.0233,0.0239,0.025,0.0255,68.0,67.72,67.89,67.89,68.2,26.486,44.754,0.37728,0.023920000000000004,67.94,1.606143125094043,2.0570751984194273,False,,온도,62.946910898212515,습도,32.66710154759207,,26.486,26.95,26.03,0.3253674845463195,-0.22999999999999937,0.9199999999999982,0.22999999999999954,44.754,45.86,43.76,0.7333103026686589,-0.5170000000000001,2.1000000000000014,0.5250000000000004,0.37728,0.4085,0.3504,0.019455014777686495,-0.01356,0.058099999999999985,0.014524999999999996,0.023920000000000004,0.0255,0.0219,0.001274990196040738,0.0008899999999999998,0.003599999999999999,0.0008999999999999998,67.94,68.2,67.72,0.1578606980853701,0.05700000000000074,0.480000000000004,0.19000000000000128
PR_NOR_NB_A_20250902-170322_01114.jpg,stream_images/PR_NOR_NB_A_20250902-170322_01114.jpg,2025-09-02 17:03:22,사전공정,정상,납부족 검사군,1114,R013341,26.95,27.0,27.0,27.0,27.0,52.93,53.63,54.45,55.01,55.83,0.2242,0.2357,0.2461,0.2569,0.268,0.0398,0.0369,0.0349,0.0324,0.0295,61.6,62.43,63.53,64.34,65.0,26.99,54.36999999999999,0.24618,0.0347,63.379999999999995,2.650490531394818,2.1757582650145055,False,,온도,41.93741070415934,진동,20.228856619909973,,26.99,27.0,26.95,0.020000000000000285,0.010000000000000142,0.05000000000000071,0.012500000000000178,54.36999999999999,55.83,52.93,1.01673988807364,0.7179999999999993,2.8999999999999986,0.7249999999999996,0.24618,0.268,0.2242,0.015388229267852755,0.010880000000000004,0.043800000000000006,0.010950000000000001,0.0347,0.0398,0.0295,0.0035558402663786815,-0.002510000000000001,0.010300000000000004,0.002575000000000001,63.379999999999995,65.0,61.6,1.2360744314158434,0.8710000000000001,3.3999999999999986,0.8499999999999996
PR_NOR_NB_A_20250902-170421_01115.jpg,stream_images/PR_NOR_NB_A_20250902-170421_01115.jpg,2025-09-02 17:04:21,사전공정,정상,납부족 검사군,1115,R013342,24.28,24.21,24.17,24.09,24.08,44.68,44.58,44.19,44.29,44.34,0.2815,0.2669,0.2524,0.2434,0.2341,0.0354,0.0323,0.0304,0.0277,0.0252,61.42,61.95,62.16,62.57,63.36,24.166,44.416,0.25566,0.030199999999999998,62.291999999999994,2.1095464591737265,2.1625159038463497,False,,소음,32.437229794919524,진동,26.5555153611937,,24.166,24.28,24.08,0.07499333303701158,-0.05200000000000067,0.20000000000000284,0.05000000000000071,44.416,44.68,44.19,0.1840217378463751,-0.09699999999999917,0.490000000000002,0.16000000000000192,0.25566,0.2815,0.2341,0.01685118393466761,-0.011829999999999997,0.04739999999999997,0.011849999999999992,0.030199999999999998,0.0354,0.0252,0.003542315626818142,-0.0025000000000000005,0.0102,0.00255,62.291999999999994,63.36,61.42,0.6500276917178214,0.4499999999999993,1.9399999999999977,0.48499999999999943
PR_NOR_NB_A_20250902-170549_01116.jpg,stream_images/PR_NOR_NB_A_20250902-170549_01116.jpg,2025-09-02 17:05:49,사전공정,정상,납부족 검사군,1116,R013343,26.92,26.9,26.88,26.83,26.78,47.18,46.26,45.45,45.14,44.52,0.3648,0.3466,0.3318,0.3186,0.3044,0.0134,0.0162,0.0184,0.0193,0.0205,72.66,72.23,71.49,70.62,70.1,26.862000000000002,45.709999999999994,0.33324000000000004,0.01756,71.42,2.1625912595730354,2.162530974991687,False,,온도,54.67235562926429,소음,17.058308347260322,,26.862000000000002,26.92,26.78,0.05075431016179804,-0.03500000000000014,0.14000000000000057,0.03500000000000014,45.709999999999994,47.18,44.52,0.9243376006633062,-0.643999999999999,2.6599999999999966,0.6649999999999991,0.33324000000000004,0.3648,0.3044,0.02108398444317393,-0.014880000000000004,0.06040000000000001,0.015100000000000002,0.01756,0.0205,0.0134,0.002511254666496411,0.0017300000000000002,0.0071,0.001775,71.42,72.66,70.1,0.9571833680126296,-0.6730000000000004,2.5600000000000023,0.6400000000000006
PR_NOR_NB_A_20250902-170556_01117.jpg,stream_images/PR_NOR_NB_A_20250902-170556_01117.jpg,2025-09-02 17:05:56,사전공정,정상,납부족 검사군,1117,R013344,25.38,25.62,25.85,26.1,26.39,58.44,57.73,56.69,55.92,55.21,0.3705,0.3548,0.3383,0.3244,0.3116,0.0178,0.0197,0.0211,0.0226,0.0249,71.05,71.11,70.96,70.93,70.97,25.867999999999995,56.79799999999999,0.33992000000000006,0.02122,71.00399999999999,1.6752463155324122,2.065074043099832,False,,습도,49.19618631464181,소음,23.144239793348696,,25.867999999999995,26.39,25.38,0.3539152440910116,0.25000000000000033,1.0100000000000016,0.2525000000000004,56.79799999999999,58.44,55.21,1.1720989719302701,-0.8269999999999988,3.229999999999997,0.8074999999999992,0.33992000000000006,0.3705,0.3116,0.02098603345084535,-0.01482,0.05890000000000001,0.014725000000000002,0.02122,0.0249,0.0178,0.0024276737836867617,0.0017099999999999997,0.007099999999999999,0.0017749999999999997,71.00399999999999,71.11,70.93,0.06621178142898625,-0.03399999999999892,0.1799999999999926,0.06999999999999673
PR_NOR_NB_A_20250902-170718_01118.jpg,stream_images/PR_NOR_NB_A_20250902-170718_01118.jpg,2025-09-02 17:07:18,사전공정,정상,납부족 검사군,1118,R013345,24.29,24.27,24.23,24.25,24.24,46.79,46.47,46.02,46.06,45.5,0.2659,0.2895,0.3154,0.3402,0.362,0.01,0.01,0.01,0.01,0.01,73.26,72.47,71.78,70.62,69.87,24.256,46.168,0.3146,0.01,71.6,2.179967812044495,2.0880527968887646,False,,가속도,60.272227702102434,소음,18.272058957364003,,24.256,24.29,24.23,0.02154065922853782,-0.012000000000000099,0.05999999999999872,0.022499999999999964,46.168,46.79,45.5,0.43769395700649033,-0.2989999999999995,1.2899999999999991,0.34249999999999936,0.3146,0.362,0.2659,0.03436410918385634,0.024289999999999996,0.09609999999999996,0.02402499999999999,0.01,0.01,0.01,0.0,0.0,0.0,0.0,71.6,73.26,69.87,1.2245978931877999,-0.8629999999999995,3.3900000000000006,0.8475000000000001
PR_NOR_NB_A_20250902-170748_01119.jpg,stream_images/PR_NOR_NB_A_20250902-170748_01119.jpg,2025-09-02 17:07:48,사전공정,정상,납부족 검사군,1119,R013346,24.21,24.56,24.92,25.23,25.54,55.93,56.61,57.09,57.95,58.92,0.3278,0.354,0.3788,0.4009,0.4174,0.0159,0.0137,0.0107,0.01,0.01,73.92,74.8,75.0,75.0,75.0,24.892000000000003,57.3,0.37578,0.012060000000000001,74.744,2.5678295602852703,2.184008149568066,False,,소음,41.860904097115856,가속도,32.8617445226662,,24.892000000000003,25.54,24.21,0.47122818251883,0.33299999999999985,1.3299999999999983,0.3324999999999996,57.3,58.92,55.93,1.0434557968596476,0.7320000000000008,2.990000000000002,0.7475000000000005,0.37578,0.4174,0.3278,0.032089898722183596,0.02261,0.08960000000000001,0.022400000000000003,0.012060000000000001,0.0159,0.01,0.0023567774608562434,-0.0015500000000000002,0.005900000000000001,0.0014750000000000002,74.744,75.0,73.92,0.41921832021036415,0.23599999999999993,1.0799999999999983,0.2699999999999996
PR_NOR_NB_A_20250902-170754_01120.jpg,stream_images/PR_NOR_NB_A_20250902-170754_01120.jpg,2025-09-02 17:07:54,사전공정,정상,납부족 검사군,1120,R013347,24.96,24.93,24.94,25.0,25.01,54.69,54.34,53.85,53.58,53.07,0.3356,0.3116,0.2865,0.2566,0.2276,0.0256,0.0239,0.0227,0.0206,0.0194,68.86,67.53,66.47,65.14,63.82,24.968,53.90599999999999,0.28358,0.022439999999999998,66.364,1.0875116899911283,1.9647088576526786,False,,진동,49.47635936976252,습도,37.34873531293663,,24.968,25.01,24.93,0.03187475490101867,0.01700000000000017,0.08000000000000185,0.027500000000000746,53.90599999999999,54.69,53.07,0.5676830101385808,-0.4,1.6199999999999974,0.40499999999999936,0.28358,0.3356,0.2276,0.038370321864691206,-0.027100000000000003,0.10800000000000001,0.027000000000000003,0.022439999999999998,0.0256,0.0194,0.0022276444958745103,-0.0015700000000000002,0.006200000000000001,0.0015500000000000002,66.364,68.86,63.82,1.7647050745096189,-1.2469999999999999,5.039999999999999,1.2599999999999998
PR_NOR_NB_A_20250902-170856_01121.jpg,stream_images/PR_NOR_NB_A_20250902-170856_01121.jpg,2025-09-02 17:08:56,사전공정,정상,납부족 검사군,1121,R013348,25.07,25.09,25.03,25.02,25.06,43.76,43.31,43.22,43.12,43.29,0.455,0.4853,0.5,0.5,0.5,0.0229,0.0196,0.017,0.0141,0.0113,68.05,67.57,67.16,66.38,66.13,25.054,43.339999999999996,0.48806000000000005,0.016980000000000002,67.05799999999999,2.1554328928936277,2.0028536647008686,False,,진동,52.25815855116053,습도,29.483180899256077,,25.054,25.09,25.02,0.02576819745345009,-0.009000000000000341,0.07000000000000028,0.03249999999999975,43.339999999999996,43.76,43.12,0.2202725584361337,-0.11300000000000025,0.6400000000000006,0.20250000000000057,0.48806000000000005,0.5,0.455,0.017482974575283226,0.010469999999999997,0.044999999999999984,0.011249999999999996,0.016980000000000002,0.0229,0.0113,0.004061231340369569,-0.00287,0.011600000000000001,0.0029000000000000002,67.05799999999999,68.05,66.13,0.7179805011279904,-0.5030000000000001,1.9200000000000017,0.4800000000000004
PR_NOR_NB_A_20250902-170935_01122.jpg,stream_images/PR_NOR_NB_A_20250902-170935_01122.jpg,2025-09-02 17:09:35,사전공정,정상,납부족 검사군,1122,R013349,24.36,24.18,24.13,24.01,23.91,57.17,56.8,56.9,56.58,56.53,0.2435,0.2306,0.2161,0.2005,0.2,0.0171,0.0146,0.0127,0.0108,0.01,74.9,75.0,75.0,75.0,75.0,24.118000000000002,56.79600000000001,0.21814,0.01304,74.97999999999999,2.9856143159483435,2.199405794950364,False,,소음,32.64703306943398,진동,25.34920784050016,,24.118000000000002,24.36,23.91,0.15328405005087728,-0.10699999999999968,0.4499999999999993,0.11249999999999982,56.79600000000001,57.17,56.53,0.2315685643605371,-0.15,0.6400000000000006,0.21000000000000085,0.21814,0.2435,0.2,0.01698688906186179,-0.011709999999999995,0.04349999999999998,0.010874999999999996,0.01304,0.0171,0.01,0.002580387567788994,-0.0018000000000000002,0.0071,0.001775,74.97999999999999,75.0,74.9,0.039999999999997725,0.019999999999998862,0.09999999999999432,0.02499999999999858
PR_NOR_NB_A_20250902-170936_01123.jpg,stream_images/PR_NOR_NB_A_20250902-170936_01123.jpg,2025-09-02 17:09:36,사전공정,정상,납부족 검사군,1123,R013350,23.97,23.95,23.95,23.96,23.95,50.01,49.36,48.86,47.67,47.03,0.49,0.4773,0.4714,0.4664,0.4583,0.0154,0.0136,0.0114,0.01,0.01,60.9,61.15,61.39,61.57,61.75,23.956000000000003,48.586000000000006,0.47268,0.01208,61.352,2.637206792067961,2.286965994373883,False,,가속도,31.121372814241248,소음,28.847128577442888,,23.956000000000003,23.97,23.95,0.008000000000000007,-0.0029999999999997585,0.019999999999999574,0.010000000000000675,48.586000000000006,50.01,47.03,1.0919816848280914,-0.7649999999999991,2.979999999999997,0.7449999999999992,0.47268,0.49,0.4583,0.010669470464835643,-0.0074300000000000034,0.031700000000000006,0.007925000000000001,0.01208,0.0154,0.01,0.002118867622103844,-0.0014399999999999999,0.0054,0.00135,61.352,61.75,60.9,0.3008255308314113,0.21200000000000047,0.8500000000000014,0.21250000000000036
PR_NOR_NB_A_20250902-170951_01124.jpg,stream_images/PR_NOR_NB_A_20250902-170951_01124.jpg,2025-09-02 17:09:51,사전공정,정상,납부족 검사군,1124,R013351,23.75,24.03,24.27,24.53,24.78,51.55,51.86,52.85,53.46,54.41,0.2295,0.2275,0.2285,0.227,0.228,0.0322,0.0334,0.0349,0.0357,0.0373,66.61,67.55,68.77,69.72,70.92,24.272,52.826,0.22810000000000002,0.034699999999999995,68.714,1.9560110933169672,2.2207750141625002,False,,진동,50.81855774704949,가속도,31.219445167564015,,24.272,24.78,23.75,0.36212704952820113,0.2560000000000002,1.0300000000000011,0.2575000000000003,52.826,54.41,51.55,1.046223685451634,0.732,2.8599999999999994,0.7149999999999999,0.22810000000000002,0.2295,0.227,0.0008602325267042634,-0.0003500000000000003,0.0025000000000000022,0.0013750000000000012,0.034699999999999995,0.0373,0.0322,0.0017742604092973505,0.0012500000000000005,0.0051,0.001275,68.714,70.92,66.61,1.5273061251759592,1.0790000000000006,4.310000000000002,1.0775000000000006
PR_NOR_NB_A_20250902-171044_01125.jpg,stream_images/PR_NOR_NB_A_20250902-171044_01125.jpg,2025-09-02 17:10:44,사전공정,정상,납부족 검사군,1125,R013352,26.09,26.0,25.86,25.7,25.62,56.54,56.92,57.15,56.85,57.11,0.472,0.4875,0.5,0.5,0.5,0.0337,0.0309,0.0286,0.0272,0.0252,66.77,66.58,66.08,66.0,65.56,25.854000000000003,56.914,0.49190000000000006,0.02912,66.19800000000001,2.1818816697145995,2.2129963452729204,False,,진동,53.086743666742066,습도,29.2701530961074,,25.854000000000003,26.09,25.62,0.17636326148038864,-0.12399999999999985,0.46999999999999886,0.11749999999999972,56.914,57.15,56.54,0.21822923727126922,0.10700000000000003,0.6099999999999994,0.29249999999999865,0.49190000000000006,0.5,0.472,0.01106526095489845,0.006850000000000006,0.028000000000000025,0.007000000000000006,0.02912,0.0337,0.0252,0.0029484911395491766,-0.0020700000000000002,0.0085,0.002125,66.19800000000001,66.77,65.56,0.4320370354495067,-0.2999999999999986,1.2099999999999937,0.30249999999999844
PR_NOR_NB_A_20250902-171056_01126.jpg,stream_images/PR_NOR_NB_A_20250902-171056_01126.jpg,2025-09-02 17:10:56,사전공정,정상,납부족 검사군,1126,R013353,23.18,23.0,23.0,23.0,23.0,41.25,41.93,42.87,43.18,43.87,0.383,0.3911,0.398,0.4053,0.4107,0.0345,0.036,0.0378,0.0398,0.04,61.4,61.64,61.92,62.18,62.47,23.036,42.620000000000005,0.39762,0.03762,61.922000000000004,2.921013710669347,2.354599818352206,False,,온도,33.44264291212763,가속도,24.014123112367862,,23.036,23.18,23.0,0.0719999999999999,-0.03599999999999994,0.17999999999999972,0.04499999999999993,42.620000000000005,43.87,41.25,0.9264556114569108,0.6489999999999995,2.6199999999999974,0.6549999999999994,0.39762,0.4107,0.383,0.009863751821695433,0.006959999999999999,0.027700000000000002,0.006925000000000001,0.03762,0.04,0.0345,0.002135790251873999,0.00148,0.005499999999999998,0.0013749999999999995,61.922000000000004,62.47,61.4,0.3791780584369301,0.26799999999999996,1.0700000000000003,0.26750000000000007
PR_NOR_NB_A_20250902-171234_01127.jpg,stream_images/PR_NOR_NB_A_20250902-171234_01127.jpg,2025-09-02 17:12:34,사전공정,정상,납부족 검사군,1127,R013354,26.69,26.39,26.09,25.78,25.52,43.83,44.06,44.42,45.2,46.23,0.4477,0.4304,0.4143,0.3966,0.3794,0.034,0.0325,0.0324,0.0322,0.0319,69.4,68.61,67.61,66.7,65.85,26.094,44.748,0.41368,0.0326,67.63399999999999,1.71875190387995,2.2274302354577546,False,,온도,29.888045150239634,습도,28.597107202920736,,26.094,26.69,25.52,0.4173535671346303,-0.29500000000000026,1.1700000000000017,0.2925000000000004,44.748,46.23,43.83,0.8745604610317107,0.5939999999999998,2.3999999999999986,0.5999999999999996,0.41368,0.4477,0.3794,0.02410040663557359,-0.017039999999999993,0.06829999999999997,0.017074999999999993,0.0326,0.034,0.0319,0.0007293833011524203,-0.00045000000000000107,0.0021000000000000046,0.0005250000000000012,67.63399999999999,69.4,65.85,1.2749054866930358,-0.9010000000000019,3.5500000000000114,0.8875000000000028
PR_NOR_NB_A_20250902-171440_01128.jpg,stream_images/PR_NOR_NB_A_20250902-171440_01128.jpg,2025-09-02 17:14:40,사전공정,정상,납부족 검사군,1128,R013355,26.22,25.94,25.66,25.44,25.17,41.8,41.27,40.51,40.0,40.0,0.3473,0.3574,0.3699,0.3819,0.3851,0.0272,0.0289,0.0304,0.0323,0.0348,73.28,73.22,73.44,73.03,72.56,25.686,40.715999999999994,0.36832000000000004,0.030719999999999997,73.10600000000001,2.243095876199354,2.2305633636060747,False,,습도,51.830073104940986,소음,32.333812213967356,,25.686,26.22,25.17,0.3679999999999992,-0.25999999999999945,1.0499999999999972,0.2624999999999993,40.715999999999994,41.8,40.0,0.7141036339355792,-0.48699999999999977,1.7999999999999972,0.4499999999999993,0.36832000000000004,0.3851,0.3473,0.014349689892119625,0.010010000000000002,0.0378,0.00945,0.030719999999999997,0.0348,0.0272,0.0026437851652507624,0.00186,0.007599999999999999,0.0018999999999999998,73.10600000000001,73.44,72.56,0.3028927202822795,-0.16299999999999953,0.8799999999999955,0.28999999999999915
PR_NOR_NB_A_20250902-171523_01129.jpg,stream_images/PR_NOR_NB_A_20250902-171523_01129.jpg,2025-09-02 17:15:23,사전공정,정상,납부족 검사군,1129,R013356,25.83,25.81,25.77,25.73,25.7,53.01,52.91,52.84,53.17,53.3,0.434,0.4128,0.3967,0.374,0.3599,0.0281,0.0304,0.0318,0.0337,0.0349,68.01,67.95,67.76,67.57,67.27,25.768,53.04600000000001,0.39548000000000005,0.031779999999999996,67.712,1.239956801755777,2.032442051236015,False,,가속도,37.65085379813563,온도,28.553323340836638,,25.768,25.83,25.7,0.04833218389437775,-0.03399999999999963,0.129999999999999,0.03249999999999975,53.04600000000001,53.3,52.84,0.16859418732565998,0.08400000000000034,0.45999999999999375,0.1574999999999971,0.39548000000000005,0.434,0.3599,0.026505048575695914,-0.0187,0.0741,0.018525,0.031779999999999996,0.0349,0.0281,0.0024028316628511457,0.00169,0.0068000000000000005,0.0017000000000000001,67.712,68.01,67.27,0.269547769421307,-0.18600000000000277,0.7400000000000091,0.18500000000000227
PR_DEF_PB_A_20250902-171714_01640.jpg,stream_images/PR_DEF_PB_A_20250902-171714_01640.jpg,2025-09-02 17:17:14,사전공정,불량,납볼 검사군,1640,R010946,23.11,23.01,23.0,23.0,23.0,52.12,52.73,53.2,53.84,54.67,0.5911,0.5833,0.5732,0.5641,0.5535,0.0283,0.0303,0.0328,0.0345,0.0367,67.1,67.04,67.26,66.88,66.77,23.024,53.312,0.57304,0.03252000000000001,67.00999999999999,3.2011958795628943,2.266192816901391,False,,진동,61.91252711896071,온도,27.882160447508614,,23.024,23.11,23.0,0.04317406628984548,-0.02300000000000004,0.10999999999999943,0.027499999999999858,53.312,54.67,52.12,0.8826188305265209,0.6210000000000016,2.5500000000000043,0.6375000000000011,0.57304,0.5911,0.5535,0.013365567702121738,-0.009439999999999994,0.03759999999999997,0.009399999999999992,0.03252000000000001,0.0367,0.0283,0.0029734828064073297,0.002100000000000001,0.008400000000000005,0.002100000000000001,67.00999999999999,67.26,66.77,0.17088007490635357,-0.08200000000000074,0.4900000000000091,0.192499999999999
PR_DEF_PB_A_20250902-171745_01641.jpg,stream_images/PR_DEF_PB_A_20250902-171745_01641.jpg,2025-09-02 17:17:45,사전공정,불량,납볼 검사군,1641,R010947,26.63,26.6,26.59,26.54,26.54,70.05,69.42,68.65,68.33,67.47,0.33,0.3065,0.2891,0.2675,0.2515,0.0352,0.0367,0.0378,0.0396,0.04,72.11,71.29,70.3,69.3,68.14,26.580000000000002,68.78399999999999,0.28892,0.037860000000000005,70.228,3.938407459651953,2.6006357454515037,True,단일점 이탈,습도,68.51119270741628,가속도,13.68911168444257,자재 보관 환경 점검,26.580000000000002,26.63,26.54,0.035213633723318274,-0.024000000000000198,0.08999999999999986,0.022499999999999964,68.78399999999999,70.05,67.47,0.8897100651335803,-0.625,2.5799999999999983,0.6449999999999996,0.28892,0.33,0.2515,0.0277695084580192,-0.0196,0.07850000000000001,0.019625000000000004,0.037860000000000005,0.04,0.0352,0.001790642342847951,0.0012499999999999998,0.004799999999999999,0.0011999999999999997,70.228,72.11,68.14,1.40683190182765,-0.9930000000000007,3.969999999999999,0.9924999999999997
PR_NOR_NB_A_20250902-171801_01130.jpg,stream_images/PR_NOR_NB_A_20250902-171801_01130.jpg,2025-09-02 17:18:01,사전공정,정상,납부족 검사군,1130,R013357,26.19,25.9,25.66,25.37,25.13,57.27,56.69,56.08,55.1,54.19,0.3249,0.342,0.3512,0.3726,0.3785,0.019,0.0165,0.0126,0.01,0.01,68.9,68.71,68.38,68.35,68.18,25.65,55.86600000000001,0.35384000000000004,0.013620000000000002,68.504,1.750156326913478,2.430539861743899,False,,가속도,54.73775217291942,습도,33.13119266010749,,25.65,26.19,25.13,0.3749666651850538,-0.26500000000000024,1.0600000000000023,0.26500000000000057,55.86600000000001,57.27,54.19,1.1037862111840326,-0.7750000000000007,3.0800000000000054,0.7700000000000014,0.35384000000000004,0.3785,0.3249,0.019721724062566122,0.013779999999999992,0.05359999999999998,0.013399999999999995,0.013620000000000002,0.019,0.01,0.003591322876044425,-0.00245,0.009,0.00225,68.504,68.9,68.18,0.2620381651591998,-0.17999999999999972,0.7199999999999989,0.17999999999999972
PR_NOR_NB_A_20250902-171801_01131.jpg,stream_images/PR_NOR_NB_A_20250902-171801_01131.jpg,2025-09-02 17:18:01,사전공정,정상,납부족 검사군,1131,R013358,24.59,24.7,24.8,24.88,24.99,59.62,59.53,59.54,59.08,58.75,0.372,0.363,0.3652,0.3657,0.3589,0.0311,0.0307,0.0314,0.0318,0.0326,63.19,61.85,60.76,60.0,60.0,24.791999999999998,59.303999999999995,0.36496,0.03152,61.15999999999999,2.281248404560507,2.4006815703072206,False,,습도,48.60728862445659,소음,40.15264248662371,,24.791999999999998,24.99,24.59,0.1387659900696128,0.09799999999999968,0.3999999999999986,0.09999999999999964,59.303999999999995,59.62,58.75,0.33577373333838945,-0.21899999999999978,0.8699999999999974,0.22249999999999837,0.36496,0.372,0.3589,0.004259859152601177,-0.0023499999999999966,0.0131,0.004625000000000018,0.03152,0.0326,0.0307,0.000649307323229916,0.0004099999999999996,0.0018999999999999954,0.0005749999999999983,61.15999999999999,63.19,60.0,1.220508090919515,-0.8229999999999997,3.1899999999999977,0.7974999999999994
PR_DEF_PB_A_20250902-171840_01642.jpg,stream_images/PR_DEF_PB_A_20250902-171840_01642.jpg,2025-09-02 17:18:40,사전공정,불량,납볼 검사군,1642,R010948,24.08,23.96,23.85,23.68,23.58,76.55,76.47,76.23,76.01,75.63,0.4984,0.5,0.5,0.5,0.5,0.0235,0.0256,0.0264,0.0293,0.0321,71.02,70.0,68.81,67.73,66.66,23.83,76.178,0.49968,0.027379999999999998,68.84400000000001,4.939174878215293,2.9083802318888354,True,EWMA+단일점,습도,83.65902960965406,진동,11.604746695330057,자재 보관 환경 점검,23.83,24.08,23.58,0.18154889148656367,-0.1280000000000001,0.5,0.125,76.178,76.55,75.63,0.3331306050185125,-0.2299999999999997,0.9200000000000017,0.23000000000000043,0.49968,0.5,0.4984,0.0006399999999999961,0.0003199999999999981,0.0015999999999999903,0.0003999999999999976,0.027379999999999998,0.0321,0.0235,0.00300492928369371,0.002089999999999999,0.008599999999999997,0.002149999999999999,68.84400000000001,71.02,66.66,1.5545623178245374,-1.0989999999999995,4.359999999999999,1.0899999999999999
PR_NOR_NB_A_20250902-171843_01132.jpg,stream_images/PR_NOR_NB_A_20250902-171843_01132.jpg,2025-09-02 17:18:43,사전공정,정상,납부족 검사군,1132,R013359,24.26,24.24,24.15,24.11,24.07,41.82,42.0,41.55,41.73,41.38,0.3821,0.3842,0.3836,0.3898,0.3927,0.0281,0.0307,0.0327,0.0353,0.0376,73.18,74.14,75.0,75.0,75.0,24.166000000000004,41.696,0.38648,0.03288,74.464,2.4631752854224147,2.8193392425955515,True,EWMA 상한 이탈,소음,41.58444566632356,습도,34.59259433504669,설비 가동 소음원 점검,24.166000000000004,24.26,24.07,0.07337574531137672,-0.051000000000000156,0.19000000000000128,0.04750000000000032,41.696,42.0,41.38,0.2145320488878056,-0.11499999999999985,0.6199999999999974,0.28999999999999915,0.38648,0.3927,0.3821,0.004059261016490561,0.0026799999999999992,0.010599999999999998,0.0029499999999999943,0.03288,0.0376,0.0281,0.003339700585381869,0.00236,0.009500000000000001,0.0023750000000000004,74.464,75.0,73.18,0.7232592896050464,0.44999999999999857,1.8199999999999932,0.4549999999999983
PR_DEF_PB_A_20250902-171913_01643.jpg,stream_images/PR_DEF_PB_A_20250902-171913_01643.jpg,2025-09-02 17:19:13,사전공정,불량,납볼 검사군,1643,R010949,24.61,24.73,24.97,25.17,25.33,47.78,47.27,46.8,46.07,45.68,0.4787,0.4819,0.4897,0.4995,0.5,0.0384,0.0388,0.0389,0.0386,0.0382,82.9,82.21,81.9,81.92,81.81,24.962,46.720000000000006,0.48995999999999995,0.03857999999999999,82.148,4.050987375970202,3.065668869270482,True,EWMA+단일점,소음,68.50305907481902,진동,15.13257494562531,설비 가동 소음원 점검,24.962,25.33,24.61,0.26701310829245806,0.1879999999999999,0.7199999999999989,0.17999999999999972,46.720000000000006,47.78,45.68,0.7663680577894679,-0.5400000000000006,2.1000000000000014,0.5250000000000004,0.48995999999999995,0.5,0.4787,0.008759360707266253,0.006019999999999998,0.021299999999999986,0.005324999999999996,0.03857999999999999,0.0389,0.0382,0.00025612496949731456,-5.9999999999999636e-05,0.0006999999999999992,0.0002999999999999999,82.148,82.9,81.81,0.3992693326565422,-0.2469999999999999,1.0900000000000034,0.28249999999999886
PR_NOR_NB_A_20250902-171915_01133.jpg,stream_images/PR_NOR_NB_A_20250902-171915_01133.jpg,2025-09-02 17:19:15,사전공정,정상,납부족 검사군,1133,R013360,24.02,23.83,23.58,23.33,23.13,44.19,44.34,44.69,44.97,45.29,0.2462,0.2513,0.2587,0.2669,0.2699,0.0373,0.0364,0.0365,0.0362,0.0356,61.99,63.0,63.58,64.37,65.22,23.577999999999996,44.696,0.2586,0.0364,63.63199999999999,2.434790899472717,2.9394932753109293,True,EWMA 상한 이탈,가속도,28.067277900840352,온도,25.06585997479092,컨베이어 이송계열 점검,23.577999999999996,24.02,23.13,0.3228250300085173,-0.22800000000000012,0.8900000000000006,0.22250000000000014,44.696,45.29,44.19,0.4026710816535,0.2829999999999998,1.1000000000000014,0.27500000000000036,0.2586,0.2699,0.2462,0.008984876181673283,0.006299999999999995,0.02369999999999997,0.005924999999999993,0.0364,0.0373,0.0356,0.0005477225575051659,-0.0003599999999999999,0.0017000000000000001,0.000474999999999998,63.63199999999999,65.22,61.99,1.1103765127198968,0.7829999999999998,3.229999999999997,0.8074999999999992
PR_DEF_PB_A_20250902-171945_01644.jpg,stream_images/PR_DEF_PB_A_20250902-171945_01644.jpg,2025-09-02 17:19:45,사전공정,불량,납볼 검사군,1644,R010950,25.36,25.18,24.99,24.77,24.52,53.14,53.19,53.67,53.83,54.21,0.2862,0.2662,0.2447,0.2209,0.2,0.0485,0.0483,0.047,0.0457,0.0441,73.6,73.9,73.74,73.94,74.08,24.964,53.60799999999999,0.24359999999999998,0.04672,73.852,3.167025757967124,2.984999771842168,True,EWMA 상한 이탈,가속도,60.234496126364355,소음,21.122423203375423,컨베이어 이송계열 점검,24.964,25.36,24.52,0.2962836478781777,-0.209,0.8399999999999999,0.20999999999999996,53.60799999999999,54.21,53.14,0.4023133107417655,0.27800000000000014,1.0700000000000003,0.26750000000000007,0.24359999999999998,0.2862,0.2,0.030799285706002984,-0.021769999999999998,0.0862,0.02155,0.04672,0.0485,0.0441,0.0016521501142450718,-0.0011400000000000008,0.004400000000000001,0.0011000000000000003,73.852,74.08,73.6,0.16618062462272992,0.1,0.480000000000004,0.2000000000000064
PR_NOR_NB_A_20250902-172007_01134.jpg,stream_images/PR_NOR_NB_A_20250902-172007_01134.jpg,2025-09-02 17:20:07,사전공정,정상,납부족 검사군,1134,R013361,25.72,25.62,25.53,25.48,25.39,46.05,46.66,46.99,47.95,48.58,0.4308,0.4291,0.4225,0.4199,0.4119,0.0152,0.0133,0.0115,0.01,0.01,66.91,66.78,67.02,67.02,67.26,25.548000000000002,47.245999999999995,0.42284,0.012,66.99799999999999,1.822575975083393,2.7525150124904134,True,EWMA 상한 이탈,가속도,65.53842886805977,진동,19.991979230270925,컨베이어 이송계열 점검,25.548000000000002,25.72,25.39,0.11373653766490299,-0.07999999999999971,0.3299999999999983,0.08249999999999957,47.245999999999995,48.58,46.05,0.907140562426795,0.6350000000000009,2.530000000000001,0.6325000000000003,0.42284,0.4308,0.4119,0.006796940488190261,-0.0047000000000000045,0.018900000000000028,0.004725000000000007,0.012,0.0152,0.01,0.0020089798406156293,-0.00137,0.0052,0.0013,66.99799999999999,67.26,66.78,0.15803797012110882,0.0940000000000012,0.480000000000004,0.15249999999999986
PR_NOR_NB_A_20250902-172020_01135.jpg,stream_images/PR_NOR_NB_A_20250902-172020_01135.jpg,2025-09-02 17:20:20,사전공정,정상,납부족 검사군,1135,R013362,23.31,23.09,23.0,23.0,23.0,51.79,51.36,50.93,50.22,49.57,0.3828,0.3688,0.349,0.328,0.3097,0.0251,0.0249,0.0247,0.0245,0.0253,65.81,66.26,66.69,67.5,67.94,23.080000000000002,50.774,0.34766,0.024900000000000002,66.84,1.6530811156878782,2.5326282331299064,False,,온도,98.53066618085819,소음,0.8655487331351672,,23.080000000000002,23.31,23.0,0.12016655108639791,-0.07099999999999973,0.3099999999999987,0.07749999999999968,50.774,51.79,49.57,0.7945464114826771,-0.5579999999999998,2.219999999999999,0.5549999999999997,0.34766,0.3828,0.3097,0.02649902639720939,-0.0187,0.0731,0.018275,0.024900000000000002,0.0253,0.0245,0.0002828427124746188,0.0,0.0007999999999999986,0.0003499999999999996,66.84,67.94,65.81,0.7829942528524696,0.5499999999999986,2.1299999999999955,0.5324999999999989
PR_NOR_NB_A_20250902-172035_01136.jpg,stream_images/PR_NOR_NB_A_20250902-172035_01136.jpg,2025-09-02 17:20:35,사전공정,정상,납부족 검사군,1136,R013363,24.91,25.18,25.46,25.7,25.94,41.54,40.93,40.65,40.0,40.0,0.3291,0.3571,0.3853,0.4075,0.4385,0.0225,0.0241,0.0267,0.0283,0.0296,70.76,71.12,71.73,72.11,72.5,25.438000000000002,40.624,0.3835,0.026239999999999996,71.644,1.9606892340515132,2.418240433314228,False,,습도,69.1902567291293,소음,23.094516093826492,,25.438000000000002,25.94,24.91,0.3650972473191221,0.2580000000000002,1.0300000000000011,0.2575000000000003,40.624,41.54,40.0,0.585170060751573,-0.4009999999999998,1.5399999999999991,0.3849999999999998,0.3835,0.4385,0.3291,0.03810658735704366,0.02692,0.1094,0.02735,0.026239999999999996,0.0296,0.0225,0.002619618292805271,0.0018400000000000003,0.007100000000000002,0.0017750000000000005,71.644,72.5,70.76,0.6345581139659292,0.44699999999999845,1.7399999999999949,0.4349999999999987
PR_DEF_PB_A_20250902-172056_01645.jpg,stream_images/PR_DEF_PB_A_20250902-172056_01645.jpg,2025-09-02 17:20:56,사전공정,불량,납볼 검사군,1645,R010951,23.04,23.0,23.0,23.0,23.0,46.5,46.79,47.47,47.9,48.13,0.5882,0.5929,0.5981,0.6,0.6,0.0395,0.0363,0.0343,0.0329,0.0311,68.21,68.93,69.46,70.46,71.4,23.008,47.358,0.59584,0.034820000000000004,69.69199999999998,3.5162210454079337,2.6378365557329695,False,,진동,62.645185439994385,온도,23.580131942940696,,23.008,23.04,23.0,0.01599999999999966,-0.00799999999999983,0.03999999999999915,0.009999999999999787,47.358,48.13,46.5,0.6262715066167394,0.43700000000000044,1.6300000000000026,0.40750000000000064,0.59584,0.6,0.5882,0.004620216445146275,0.003070000000000006,0.011800000000000033,0.002950000000000008,0.034820000000000004,0.0395,0.0311,0.0028944084024200875,-0.00202,0.008400000000000001,0.0021000000000000003,69.69199999999998,71.4,68.21,1.1258667771987962,0.791000000000001,3.190000000000012,0.797500000000003
PR_DEF_PB_A_20250902-172104_01646.jpg,stream_images/PR_DEF_PB_A_20250902-172104_01646.jpg,2025-09-02 17:21:04,사전공정,불량,납볼 검사군,1646,R010952,23.17,23.0,23.0,23.0,23.0,45.56,45.84,46.39,46.52,46.87,0.3826,0.3539,0.3254,0.2945,0.2661,0.0403,0.0413,0.0421,0.0427,0.0439,60.94,60.26,60.0,60.0,60.0,23.034,46.236000000000004,0.3245,0.04206,60.239999999999995,3.1478677129485297,2.739842787176082,True,EWMA 상한 이탈,가속도,37.66951371913886,온도,28.72143040747307,컨베이어 이송계열 점검,23.034,23.17,23.0,0.0680000000000007,-0.03400000000000034,0.1700000000000017,0.042500000000000426,46.236000000000004,46.87,45.56,0.4733117365965042,0.329999999999999,1.3099999999999952,0.3274999999999988,0.3245,0.3826,0.2661,0.041355386589899026,-0.02924,0.11649999999999999,0.029124999999999998,0.04206,0.0439,0.0403,0.0012224565431948895,0.0008599999999999997,0.003599999999999999,0.0008999999999999998,60.239999999999995,60.94,60.0,0.3641977484828803,-0.21399999999999936,0.9399999999999977,0.23499999999999943
PR_NOR_NB_A_20250902-172121_01137.jpg,stream_images/PR_NOR_NB_A_20250902-172121_01137.jpg,2025-09-02 17:21:21,사전공정,정상,납부족 검사군,1137,R013364,24.72,24.9,25.08,25.28,25.46,51.24,51.04,50.72,50.13,50.07,0.4306,0.4284,0.426,0.4298,0.429,0.0316,0.0299,0.0288,0.0268,0.0247,64.65,65.28,65.61,65.92,66.34,25.088,50.64,0.4287599999999999,0.028359999999999996,65.56000000000002,1.0594626964171505,2.403766769024296,False,,진동,68.50092678837947,소음,17.61771173794263,,25.088,25.46,24.72,0.26308933843848653,0.18600000000000066,0.740000000000002,0.1850000000000005,50.64,51.24,50.07,0.47146579939588373,-0.325,1.1700000000000017,0.2925000000000004,0.4287599999999999,0.4306,0.426,0.0015666524822052922,-0.00017999999999999684,0.004599999999999993,0.0023000000000000104,0.028359999999999996,0.0316,0.0247,0.0024038302768706454,-0.0016900000000000005,0.006900000000000003,0.0017250000000000008,65.56000000000002,66.34,64.65,0.573933794091269,0.4019999999999996,1.6899999999999977,0.42249999999999943
PR_NOR_NB_A_20250902-172133_01138.jpg,stream_images/PR_NOR_NB_A_20250902-172133_01138.jpg,2025-09-02 17:21:33,사전공정,정상,납부족 검사군,1138,R013365,23.21,23.29,23.35,23.41,23.47,54.49,54.4,54.27,54.04,54.11,0.4898,0.5,0.5,0.5,0.5,0.0171,0.0168,0.0161,0.0149,0.013,64.59,65.47,66.28,67.61,68.84,23.345999999999997,54.262,0.49795999999999996,0.01558,66.55799999999999,2.552770175717009,2.4335674503628386,False,,진동,42.75731718087531,온도,30.7653862517918,,23.345999999999997,23.47,23.21,0.09068627239003664,0.0639999999999997,0.259999999999998,0.0649999999999995,54.262,54.49,54.04,0.16939893742287826,-0.11200000000000046,0.45000000000000284,0.13000000000000078,0.49795999999999996,0.5,0.4898,0.004079999999999994,0.0020399999999999975,0.010199999999999987,0.0025499999999999967,0.01558,0.0171,0.013,0.0014958609561052125,-0.00101,0.004100000000000001,0.0010250000000000003,66.55799999999999,68.84,64.59,1.5131609299740727,1.064,4.25,1.0625
PR_DEF_PB_A_20250902-172141_01647.jpg,stream_images/PR_DEF_PB_A_20250902-172141_01647.jpg,2025-09-02 17:21:41,사전공정,불량,납볼 검사군,1647,R010953,24.96,24.84,24.76,24.73,24.63,41.9,42.72,43.57,44.37,45.04,0.4121,0.4017,0.3845,0.3761,0.3675,0.034,0.0325,0.0311,0.0296,0.0284,79.46,80.21,80.98,81.7,82.85,24.784,43.519999999999996,0.38838000000000006,0.031120000000000002,81.03999999999999,3.3935193611057395,2.625557832511419,False,,소음,82.93363950638344,습도,11.148827375726713,,24.784,24.96,24.63,0.11074294559925744,-0.07700000000000032,0.33000000000000185,0.08250000000000046,43.519999999999996,45.04,41.9,1.1224793984746446,0.7929999999999999,3.1400000000000006,0.7850000000000001,0.38838000000000006,0.4121,0.3675,0.016382234279853292,-0.011480000000000008,0.04460000000000003,0.011150000000000007,0.031120000000000002,0.034,0.0284,0.0019953946977979073,-0.0014100000000000002,0.005600000000000001,0.0014000000000000002,81.03999999999999,82.85,79.46,1.1747850867286334,0.8270000000000011,3.3900000000000006,0.8475000000000001
PR_NOR_NB_A_20250902-172147_01139.jpg,stream_images/PR_NOR_NB_A_20250902-172147_01139.jpg,2025-09-02 17:21:47,사전공정,정상,납부족 검사군,1139,R013366,23.98,23.94,23.87,23.81,23.76,53.38,53.01,52.26,51.9,51.35,0.4453,0.4305,0.4138,0.3928,0.3715,0.0199,0.0216,0.0238,0.0258,0.0282,67.39,68.58,69.66,70.85,72.3,23.872000000000003,52.38000000000001,0.41078000000000003,0.02386,69.756,1.3526959714825553,2.3709854603056466,False,,온도,50.67892038801225,진동,25.12706893268943,,23.872000000000003,23.98,23.76,0.08084553172563104,-0.05700000000000003,0.21999999999999886,0.054999999999999716,52.38000000000001,53.38,51.35,0.7352006528832794,-0.5170000000000001,2.030000000000001,0.5075000000000003,0.41078000000000003,0.4453,0.3715,0.026290028527941912,-0.018529999999999998,0.07379999999999998,0.018449999999999994,0.02386,0.0282,0.0199,0.0029459124223235145,0.0020799999999999994,0.008299999999999998,0.0020749999999999996,69.756,72.3,67.39,1.7122453095278125,1.208999999999999,4.909999999999997,1.2274999999999991
PR_DEF_PB_A_20250902-172218_01648.jpg,stream_images/PR_DEF_PB_A_20250902-172218_01648.jpg,2025-09-02 17:22:18,사전공정,불량,납볼 검사군,1648,R010954,24.5,24.48,24.37,24.35,24.26,55.75,56.42,57.17,57.64,58.14,0.5612,0.5584,0.5574,0.554,0.5544,0.0328,0.0332,0.0336,0.0339,0.0353,61.34,62.42,63.17,64.56,65.59,24.392000000000003,57.024,0.55708,0.03376,63.41600000000001,2.990613710963335,2.4949111104371844,False,,진동,60.45102694313101,습도,16.083206780166062,,24.392000000000003,24.5,24.26,0.0884081444212008,-0.06099999999999959,0.23999999999999844,0.05999999999999961,57.024,58.14,55.75,0.8525397351443509,0.6,2.3900000000000006,0.5975000000000001,0.55708,0.5612,0.554,0.0026641321288554728,-0.0018000000000000017,0.007199999999999984,0.001899999999999985,0.03376,0.0353,0.0328,0.0008546344247688586,0.000569999999999999,0.0024999999999999953,0.0006249999999999988,63.41600000000001,65.59,61.34,1.5097893892858036,1.064,4.25,1.0625
PR_NOR_NB_A_20250902-172226_01140.jpg,stream_images/PR_NOR_NB_A_20250902-172226_01140.jpg,2025-09-02 17:22:26,사전공정,정상,납부족 검사군,1140,R013367,24.52,24.77,24.96,25.09,25.3,49.79,49.88,49.9,49.7,49.59,0.3114,0.2802,0.2463,0.2201,0.2,0.0264,0.0255,0.0234,0.0215,0.0198,73.36,73.21,72.96,72.75,72.32,24.928,49.772,0.2516,0.02332,72.91999999999999,1.6816809158680943,2.3322650715233664,False,,소음,53.84041619512941,진동,44.62951961513976,,24.928,25.3,24.52,0.2672377218882099,0.18800000000000025,0.7800000000000011,0.19500000000000028,49.772,49.9,49.59,0.1154816002660151,-0.05799999999999912,0.30999999999999517,0.10499999999999865,0.2516,0.3114,0.2,0.040191790206458834,-0.028290000000000003,0.1114,0.02785,0.02332,0.0264,0.0198,0.0024473659309551562,-0.0017199999999999997,0.006599999999999998,0.0016499999999999996,72.91999999999999,73.36,72.32,0.36556805112044555,-0.2540000000000006,1.0400000000000063,0.26000000000000156
PR_NOR_NB_A_20250902-172240_01141.jpg,stream_images/PR_NOR_NB_A_20250902-172240_01141.jpg,2025-09-02 17:22:40,사전공정,정상,납부족 검사군,1141,R013368,25.47,25.5,25.55,25.51,25.57,49.71,49.41,49.63,49.62,49.56,0.2012,0.215,0.2379,0.2528,0.2706,0.0104,0.01,0.01,0.01,0.01,73.17,72.79,72.5,72.64,72.53,25.52,49.586,0.2355,0.010080000000000002,72.726,2.48549761548778,2.3629115803162493,False,,가속도,46.03634481461529,진동,27.62506080480629,,25.52,25.57,25.47,0.03577708763999706,0.021000000000000442,0.10000000000000142,0.04499999999999993,49.586,49.71,49.41,0.10011992808627196,-0.00899999999999963,0.30000000000000426,0.14750000000000263,0.2355,0.2706,0.2012,0.02503517525403009,0.017660000000000006,0.06940000000000002,0.017350000000000004,0.010080000000000002,0.0104,0.01,0.00015999999999999974,-7.999999999999986e-05,0.0003999999999999993,9.999999999999983e-05,72.726,73.17,72.5,0.24418026128252124,-0.14300000000000068,0.6700000000000017,0.23000000000000043
PR_DEF_PB_A_20250902-172240_01649.jpg,stream_images/PR_DEF_PB_A_20250902-172240_01649.jpg,2025-09-02 17:22:40,사전공정,불량,납볼 검사군,1649,R010955,23.7,23.42,23.12,23.0,23.0,44.19,43.4,42.66,41.97,41.14,0.4601,0.4369,0.4179,0.3919,0.3664,0.0434,0.0444,0.0458,0.0465,0.0471,66.41,66.56,66.91,67.26,67.21,23.248,42.672000000000004,0.41464,0.045439999999999994,66.86999999999999,3.131104079178954,2.5165500800887903,False,,가속도,54.58056012575744,온도,22.98808431442437,,23.248,23.7,23.0,0.2732325017270089,-0.18200000000000002,0.6999999999999993,0.17499999999999982,42.672000000000004,44.19,41.14,1.0652962029407587,-0.7529999999999994,3.049999999999997,0.7624999999999993,0.41464,0.4601,0.3664,0.03291489632370122,-0.02324,0.0937,0.023425,0.045439999999999994,0.0471,0.0434,0.001360294085850556,0.0009500000000000001,0.003700000000000002,0.0009250000000000005,66.86999999999999,67.26,66.41,0.3397057550292609,0.2299999999999997,0.8500000000000085,0.22500000000000497
PR_NOR_NB_A_20250902-172309_01142.jpg,stream_images/PR_NOR_NB_A_20250902-172309_01142.jpg,2025-09-02 17:23:09,사전공정,정상,납부족 검사군,1142,R013369,25.67,25.77,25.83,25.95,26.02,52.01,52.48,53.29,54.01,54.6,0.2943,0.3096,0.3262,0.3442,0.3558,0.0207,0.0216,0.0238,0.0263,0.0281,62.46,61.79,60.91,60.0,60.0,25.848000000000003,53.278,0.32602000000000003,0.024100000000000003,61.032,1.7669974485972557,2.3666395537904834,False,,소음,70.14248722880778,온도,17.09735414712639,,25.848000000000003,26.02,25.67,0.12496399481450586,0.08799999999999955,0.34999999999999787,0.08749999999999947,53.278,54.6,52.01,0.9516596030093966,0.6710000000000008,2.5900000000000034,0.6475000000000009,0.32602000000000003,0.3558,0.2943,0.02233010523934001,0.015760000000000003,0.0615,0.015375,0.024100000000000003,0.0281,0.0207,0.002783522947633089,0.00195,0.0074,0.00185,61.032,62.46,60.0,0.9755695772214303,-0.671,2.460000000000001,0.6150000000000002
PR_DEF_PB_A_20250902-172319_01650.jpg,stream_images/PR_DEF_PB_A_20250902-172319_01650.jpg,2025-09-02 17:23:19,사전공정,불량,납볼 검사군,1650,R010956,23.19,23.0,23.0,23.0,23.0,52.11,52.49,53.0,53.48,54.19,0.3857,0.4119,0.4412,0.4632,0.487,0.0479,0.0483,0.0484,0.0495,0.0494,66.54,67.23,67.84,68.59,69.45,23.038,53.053999999999995,0.4378,0.0487,67.93,3.3464164790015514,2.562594938832697,False,,가속도,63.82511985292819,온도,25.082161667226345,,23.038,23.19,23.0,0.07600000000000051,-0.038000000000000256,0.19000000000000128,0.04750000000000032,53.053999999999995,54.19,52.11,0.7326827417102154,0.5149999999999991,2.0799999999999983,0.5199999999999996,0.4378,0.487,0.3857,0.0359515785467064,0.025390000000000003,0.1013,0.025325,0.0487,0.0495,0.0479,0.0006356099432828289,0.00042000000000000023,0.0016000000000000042,0.00042500000000000177,67.93,69.45,66.54,1.017467444196618,0.7179999999999993,2.9099999999999966,0.7274999999999991
PR_DEF_PB_A_20250902-172328_01651.jpg,stream_images/PR_DEF_PB_A_20250902-172328_01651.jpg,2025-09-02 17:23:28,사전공정,불량,납볼 검사군,1651,R010957,26.2,26.22,26.27,26.31,26.37,65.08,65.51,65.85,66.04,66.17,0.3987,0.3778,0.3454,0.3189,0.2914,0.0174,0.016,0.015,0.0136,0.0115,63.31,64.51,65.47,66.59,67.21,26.274,65.73,0.34643999999999997,0.0147,65.41799999999999,3.193284384311979,2.6887328279285536,True,EWMA 상한 이탈,습도,72.43070349745018,가속도,13.431458153105167,자재 보관 환경 점검,26.274,26.37,26.2,0.06151422599691933,0.04300000000000033,0.1700000000000017,0.042500000000000426,65.73,66.17,65.08,0.3937003937005915,0.2710000000000008,1.0900000000000034,0.27250000000000085,0.34643999999999997,0.3987,0.2914,0.038738848718050466,-0.027350000000000003,0.1073,0.026825,0.0147,0.0174,0.0115,0.0020258331619360955,-0.0014199999999999998,0.005899999999999999,0.0014749999999999997,65.41799999999999,67.21,63.31,1.4039715096824412,0.9879999999999981,3.8999999999999915,0.9749999999999979
PR_DEF_PB_A_20250902-172356_01652.jpg,stream_images/PR_DEF_PB_A_20250902-172356_01652.jpg,2025-09-02 17:23:56,사전공정,불량,납볼 검사군,1652,R010958,23.02,23.0,23.0,23.0,23.0,79.49,79.01,79.04,78.48,78.03,0.3163,0.3099,0.3002,0.2941,0.286,0.0238,0.022,0.0205,0.0196,0.019,67.7,68.36,68.82,69.5,70.26,23.003999999999998,78.81000000000002,0.3013,0.020980000000000002,68.928,5.316353776187014,3.2142570175802456,True,EWMA+단일점,습도,87.49873413943291,온도,10.26702728490498,자재 보관 환경 점검,23.003999999999998,23.02,23.0,0.00799999999999983,-0.003999999999999915,0.019999999999999574,0.004999999999999893,78.81000000000002,79.49,78.03,0.5044997522298685,-0.34499999999999886,1.4599999999999937,0.379999999999999,0.3013,0.3163,0.286,0.010826818553942815,-0.007640000000000013,0.03030000000000005,0.007575000000000012,0.020980000000000002,0.0238,0.019,0.0017348198753761156,-0.0012000000000000003,0.004800000000000002,0.0012000000000000005,68.928,70.26,67.7,0.8881081015281876,0.6260000000000006,2.5600000000000023,0.6400000000000006
PR_NOR_NB_A_20250902-172407_01143.jpg,stream_images/PR_NOR_NB_A_20250902-172407_01143.jpg,2025-09-02 17:24:07,사전공정,정상,납부족 검사군,1143,R013370,25.49,25.38,25.28,25.18,25.07,57.83,58.01,58.68,58.77,58.61,0.206,0.222,0.2389,0.2501,0.2631,0.0366,0.0383,0.0396,0.04,0.04,65.67,65.84,65.57,65.41,65.49,25.28,58.38000000000001,0.23601999999999998,0.038900000000000004,65.596,2.5520807069100653,3.0818217554462097,True,EWMA 상한 이탈,가속도,37.89035807737536,습도,31.983079463916177,컨베이어 이송계열 점검,25.28,25.49,25.07,0.14710540438746572,-0.10399999999999957,0.41999999999999815,0.10499999999999954,58.38000000000001,58.77,57.83,0.38324926614411287,0.23200000000000073,0.9400000000000048,0.27500000000000213,0.23601999999999998,0.2631,0.206,0.02018726331130597,0.014230000000000001,0.05710000000000001,0.014275000000000003,0.038900000000000004,0.04,0.0366,0.0013084341787036905,0.0008500000000000001,0.0034000000000000002,0.0008500000000000001,65.596,65.84,65.41,0.14934523762075885,-0.07900000000000204,0.4300000000000068,0.1700000000000017
PR_DEF_PB_A_20250902-172418_01653.jpg,stream_images/PR_DEF_PB_A_20250902-172418_01653.jpg,2025-09-02 17:24:18,사전공정,불량,납볼 검사군,1653,R010959,24.31,24.56,24.8,25.03,25.27,50.07,49.51,48.74,48.13,47.54,0.3839,0.3779,0.3716,0.363,0.352,0.0116,0.0134,0.0155,0.0164,0.0175,85.16,85.02,84.91,83.88,83.27,24.794,48.797999999999995,0.36967999999999995,0.01488,84.44800000000001,4.055451205861988,3.276547645529366,True,EWMA+단일점,소음,91.25239420851837,가속도,8.00239545171584,설비 가동 소음원 점검,24.794,25.27,24.31,0.33802958450407916,0.2390000000000004,0.9600000000000009,0.2400000000000002,48.797999999999995,50.07,47.54,0.9118201577065509,-0.6439999999999998,2.530000000000001,0.6325000000000003,0.36967999999999995,0.3839,0.352,0.011230921600652385,-0.00787000000000001,0.03190000000000004,0.00797500000000001,0.01488,0.0175,0.0116,0.002121697433660135,0.0014800000000000006,0.0059000000000000025,0.0014750000000000006,84.44800000000001,85.16,83.27,0.7426816276171105,-0.49200000000000016,1.8900000000000006,0.47250000000000014
PR_NOR_NB_A_20250902-172453_01144.jpg,stream_images/PR_NOR_NB_A_20250902-172453_01144.jpg,2025-09-02 17:24:53,사전공정,정상,납부족 검사군,1144,R013371,26.55,26.37,26.18,26.02,25.85,52.52,52.23,51.69,51.22,51.23,0.261,0.2472,0.235,0.2174,0.2,0.0178,0.0203,0.0217,0.0248,0.0271,63.54,63.87,63.87,63.98,63.99,26.194,51.778,0.23212000000000002,0.02234,63.85,1.944633860431763,3.0101648885098458,True,EWMA 상한 이탈,진동,48.341234107438105,온도,28.16809801094131,실장 설비(마운터) 점검,26.194,26.55,25.85,0.2475964458549436,-0.175,0.6999999999999993,0.17499999999999982,51.778,52.52,51.22,0.5242671074938817,-0.35900000000000104,1.3000000000000043,0.32750000000000057,0.23212000000000002,0.261,0.2,0.02153196693291163,-0.015179999999999999,0.061,0.01525,0.02234,0.0271,0.0178,0.0032830473648730687,0.00231,0.0093,0.002325,63.85,63.99,63.54,0.1633401359127634,0.1010000000000005,0.45000000000000284,0.11250000000000071
PR_DEF_PB_A_20250902-172527_01654.jpg,stream_images/PR_DEF_PB_A_20250902-172527_01654.jpg,2025-09-02 17:25:27,사전공정,불량,납볼 검사군,1654,R010960,25.18,24.88,24.6,24.33,24.05,45.29,44.55,43.85,43.45,43.29,0.2162,0.2,0.2,0.2,0.2,0.0372,0.0349,0.034,0.0328,0.0311,76.6,77.32,77.1,77.29,77.37,24.607999999999997,44.086,0.20324,0.033999999999999996,77.136,3.130181651689794,3.0341682411458355,True,EWMA 상한 이탈,소음,49.164863915241284,진동,28.430138942931197,설비 가동 소음원 점검,24.607999999999997,25.18,24.05,0.39746194786419475,-0.28099999999999986,1.129999999999999,0.28249999999999975,44.086,45.29,43.29,0.7427947226522268,-0.5099999999999995,2.0,0.5,0.20324,0.2162,0.2,0.006479999999999997,-0.0032399999999999985,0.016199999999999992,0.004049999999999998,0.033999999999999996,0.0372,0.0311,0.002044504830026086,-0.0014299999999999994,0.006099999999999998,0.0015249999999999994,77.136,77.37,76.6,0.28316779477899956,0.15100000000000335,0.7700000000000102,0.302500000000002
PR_NOR_NB_A_20250902-172535_01145.jpg,stream_images/PR_NOR_NB_A_20250902-172535_01145.jpg,2025-09-02 17:25:35,사전공정,정상,납부족 검사군,1145,R013372,23.67,23.81,23.93,23.99,24.13,55.01,54.58,54.1,53.78,53.37,0.2106,0.2227,0.2354,0.25,0.2685,0.0155,0.0138,0.0114,0.01,0.01,70.5,71.25,72.52,73.3,74.6,23.906,54.16799999999999,0.23744,0.012140000000000001,72.434,2.5243045532287316,2.932195503562415,True,EWMA 상한 이탈,가속도,33.07004456678996,진동,25.80120595953171,컨베이어 이송계열 점검,23.906,24.13,23.67,0.1566652482205283,0.10999999999999943,0.4599999999999973,0.11499999999999932,54.16799999999999,55.01,53.37,0.5780449809487145,-0.4079999999999998,1.6400000000000006,0.41000000000000014,0.23744,0.2685,0.2106,0.020318917293989856,0.01431,0.05790000000000001,0.014475000000000002,0.012140000000000001,0.0155,0.01,0.002179541236132044,-0.00148,0.0055,0.001375,72.434,74.6,70.5,1.4554119691688652,1.0249999999999986,4.099999999999994,1.0249999999999986
PR_DEF_PB_A_20250902-172548_01655.jpg,stream_images/PR_DEF_PB_A_20250902-172548_01655.jpg,2025-09-02 17:25:48,사전공정,불량,납볼 검사군,1655,R010961,23.51,23.64,23.71,23.78,23.92,54.48,54.82,55.52,56.1,56.23,0.227,0.2324,0.2353,0.2356,0.2351,0.0401,0.0414,0.0424,0.0434,0.0444,65.77,66.72,67.57,68.67,69.51,23.712000000000003,55.42999999999999,0.23308000000000004,0.042339999999999996,67.648,2.772601001112775,2.9002766030724874,True,EWMA 상한 이탈,가속도,49.78431401836126,진동,23.267591069187613,컨베이어 이송계열 점검,23.712000000000003,23.92,23.51,0.13702554506368522,0.09600000000000009,0.41000000000000014,0.10250000000000004,55.42999999999999,56.23,54.48,0.6887089370699357,0.4780000000000001,1.75,0.4375,0.23308000000000004,0.2356,0.227,0.003249246066397557,0.00194,0.008599999999999997,0.0022749999999999992,0.042339999999999996,0.0444,0.0401,0.0015014659503298786,0.0010600000000000013,0.004300000000000005,0.0010750000000000013,67.648,69.51,65.77,1.3345920725075537,0.9430000000000021,3.740000000000009,0.9350000000000023
PR_DEF_PB_A_20250902-172617_01656.jpg,stream_images/PR_DEF_PB_A_20250902-172617_01656.jpg,2025-09-02 17:26:17,사전공정,불량,납볼 검사군,1656,R010962,23.63,23.64,23.66,23.62,23.64,40.5,40.6,40.96,41.12,41.94,0.3617,0.3818,0.4003,0.4114,0.4258,0.0394,0.0396,0.04,0.04,0.04,76.18,76.59,76.85,77.27,77.76,23.637999999999998,41.024,0.3962,0.0398,76.92999999999999,3.3876348991228817,2.9977482622825664,True,EWMA 상한 이탈,소음,40.40337208084439,가속도,24.204711711470374,설비 가동 소음원 점검,23.637999999999998,23.66,23.62,0.01326649916142153,3.552713678800501e-16,0.03999999999999915,0.022499999999999964,41.024,41.94,40.5,0.5112181530423179,0.33999999999999914,1.4399999999999977,0.35999999999999943,0.3962,0.4258,0.3617,0.02245715921482501,0.01578,0.06409999999999999,0.016024999999999998,0.0398,0.04,0.0394,0.000252982212813471,0.00016000000000000042,0.0006000000000000033,0.00015000000000000083,76.92999999999999,77.76,76.18,0.545710545985689,0.3839999999999989,1.5799999999999983,0.3949999999999996
PR_DEF_PB_A_20250902-172619_01657.jpg,stream_images/PR_DEF_PB_A_20250902-172619_01657.jpg,2025-09-02 17:26:19,사전공정,불량,납볼 검사군,1657,R010963,26.52,26.68,26.86,27.0,27.0,46.9,47.02,46.44,46.3,46.09,0.597,0.6,0.6,0.6,0.6,0.0252,0.0243,0.0233,0.0232,0.0225,62.31,62.5,62.74,62.9,63.32,26.812,46.550000000000004,0.5994,0.0237,62.754000000000005,3.441854110989949,3.086569432024043,True,EWMA 상한 이탈,진동,66.39543546407658,온도,20.355251755876903,실장 설비(마운터) 점검,26.812,27.0,26.52,0.18744599222175987,0.1280000000000001,0.4800000000000004,0.1200000000000001,46.550000000000004,47.02,46.09,0.3548520818594702,-0.23399999999999962,0.9299999999999997,0.26250000000000107,0.5994,0.6,0.597,0.001200000000000001,0.0006000000000000005,0.0030000000000000027,0.0007500000000000007,0.0237,0.0252,0.0225,0.0009444575162494078,-0.0006500000000000002,0.002700000000000001,0.0006750000000000003,62.754000000000005,63.32,62.31,0.3474248120097348,0.24199999999999947,1.009999999999998,0.2524999999999995
PR_NOR_NB_A_20250902-172623_01146.jpg,stream_images/PR_NOR_NB_A_20250902-172623_01146.jpg,2025-09-02 17:26:23,사전공정,정상,납부족 검사군,1146,R013373,23.58,23.61,23.62,23.62,23.66,58.69,58.55,58.84,58.96,59.41,0.2489,0.2498,0.2502,0.2543,0.2558,0.0235,0.0218,0.0191,0.0177,0.0153,65.53,65.66,65.81,66.22,66.27,23.618000000000002,58.89,0.2518,0.01948,65.898,2.34161306130358,2.9375781578799507,True,EWMA 상한 이탈,습도,42.27987865371786,온도,25.19147406402422,자재 보관 환경 점검,23.618000000000002,23.66,23.58,0.025612496949732014,0.017000000000000525,0.08000000000000185,0.020000000000000462,58.89,59.41,58.55,0.29441467354736217,0.18500000000000014,0.8599999999999994,0.25,0.2518,0.2558,0.2489,0.0027283694764456074,0.0018300000000000065,0.006900000000000017,0.0017250000000000043,0.01948,0.0235,0.0153,0.002909570415026933,-0.00205,0.0082,0.00205,65.898,66.27,65.53,0.2972810118389658,0.2039999999999992,0.7399999999999949,0.18499999999999872
PR_NOR_NB_A_20250902-172625_01147.jpg,stream_images/PR_NOR_NB_A_20250902-172625_01147.jpg,2025-09-02 17:26:25,사전공정,정상,납부족 검사군,1147,R013374,25.64,25.7,25.77,25.8,25.87,53.99,53.93,53.53,53.26,53.5,0.2763,0.2594,0.2444,0.2276,0.2124,0.0262,0.0247,0.0231,0.0213,0.019,69.19,68.46,67.3,66.33,65.69,25.756,53.641999999999996,0.24402,0.02286,67.39399999999999,1.5380289986460305,2.657668326033167,False,,진동,62.819253297651215,온도,18.228389947359478,,25.756,25.87,25.64,0.0796492310069598,0.05600000000000023,0.23000000000000043,0.05750000000000011,53.641999999999996,53.99,53.26,0.276651405201565,-0.16500000000000056,0.730000000000004,0.2425000000000015,0.24402,0.2763,0.2124,0.02257488870404459,-0.01596,0.06389999999999998,0.015974999999999996,0.02286,0.0262,0.019,0.002527132762638323,-0.0017800000000000003,0.0072000000000000015,0.0018000000000000004,67.39399999999999,69.19,65.69,1.2966510710287475,-0.9129999999999996,3.5,0.875
PR_DEF_PB_A_20250902-172651_01658.jpg,stream_images/PR_DEF_PB_A_20250902-172651_01658.jpg,2025-09-02 17:26:51,사전공정,불량,납볼 검사군,1658,R010964,23.37,23.11,23.0,23.0,23.0,53.9,54.17,54.01,54.42,54.62,0.4488,0.4349,0.4148,0.3887,0.3742,0.0418,0.042,0.0416,0.0422,0.043,65.93,66.68,67.85,68.64,69.74,23.096,54.224000000000004,0.41228,0.042120000000000005,67.768,2.7138636045898634,2.668907381744506,True,EWMA 상한 이탈,가속도,50.53152656467708,온도,35.8756379274783,컨베이어 이송계열 점검,23.096,23.37,23.0,0.143471251475688,-0.08500000000000014,0.370000000000001,0.09250000000000025,54.224000000000004,54.62,53.9,0.26416661409042597,0.16899999999999976,0.7199999999999989,0.26000000000000156,0.41228,0.4488,0.3742,0.027777069679863646,-0.019540000000000002,0.0746,0.01865,0.042120000000000005,0.043,0.0416,0.0004833218389437824,0.0002599999999999998,0.0013999999999999985,0.0005000000000000022,67.768,69.74,65.93,1.357783487894881,0.957999999999997,3.809999999999988,0.952499999999997
PR_DEF_PB_A_20250902-172652_01659.jpg,stream_images/PR_DEF_PB_A_20250902-172652_01659.jpg,2025-09-02 17:26:52,사전공정,불량,납볼 검사군,1659,R010965,23.88,23.86,23.85,23.85,23.83,41.65,41.27,40.89,41.1,40.65,0.5599,0.5523,0.5443,0.5406,0.5335,0.0226,0.0254,0.0283,0.0309,0.0336,70.06,70.8,71.37,72.42,73.24,23.854,41.112,0.5461199999999999,0.02816,71.578,3.050906584922004,2.745307222380006,True,EWMA 상한 이탈,진동,52.88245612538779,습도,26.073503703926736,실장 설비(마운터) 점검,23.854,23.88,23.83,0.016248076809271924,-0.010999999999999944,0.05000000000000071,0.012500000000000178,41.112,41.65,40.65,0.33978816930552497,-0.21700000000000016,1.0,0.3550000000000004,0.5461199999999999,0.5599,0.5335,0.009177450626399467,-0.00645,0.02639999999999998,0.006599999999999995,0.02816,0.0336,0.0226,0.0038897814848651846,0.00275,0.011,0.00275,71.578,73.24,70.06,1.133497243049138,0.7979999999999989,3.1799999999999926,0.7949999999999982
PR_DEF_PB_A_20250902-172715_01660.jpg,stream_images/PR_DEF_PB_A_20250902-172715_01660.jpg,2025-09-02 17:27:15,사전공정,불량,납볼 검사군,1660,R010966,23.07,23.22,23.38,23.55,23.69,79.55,79.71,79.67,79.89,79.93,0.2042,0.2169,0.2262,0.2329,0.2433,0.0225,0.0207,0.0182,0.016,0.0143,69.58,70.67,71.89,73.0,73.83,23.381999999999998,79.75,0.22469999999999998,0.018340000000000002,71.794,5.652861550950477,3.3268180880941003,True,EWMA+단일점,습도,82.80019166762112,진동,6.420209834019953,자재 보관 환경 점검,23.381999999999998,23.69,23.07,0.22211708624056872,0.1570000000000004,0.620000000000001,0.15500000000000025,79.75,79.93,79.55,0.1414213562373123,0.09400000000000261,0.38000000000000966,0.11499999999999844,0.22469999999999998,0.2433,0.2042,0.013390593713499037,0.009419999999999998,0.039099999999999996,0.009774999999999999,0.018340000000000002,0.0225,0.0143,0.002989715705547937,-0.00211,0.008199999999999999,0.0020499999999999997,71.794,73.83,69.58,1.5345435803521512,1.0829999999999997,4.25,1.0625
PR_NOR_NB_A_20250902-172719_01148.jpg,stream_images/PR_NOR_NB_A_20250902-172719_01148.jpg,2025-09-02 17:27:19,사전공정,정상,납부족 검사군,1148,R013375,23.74,23.75,23.79,23.79,23.82,42.02,42.53,43.19,43.78,44.45,0.461,0.426,0.3982,0.3698,0.3423,0.0321,0.0298,0.0273,0.0249,0.0226,60.14,60.44,60.64,60.94,61.0,23.778,43.194,0.39946000000000004,0.027340000000000003,60.63199999999999,2.3335697099624126,3.128168412467763,True,EWMA 상한 이탈,소음,46.30427411493004,습도,26.523312222795774,설비 가동 소음원 점검,23.778,23.82,23.74,0.029257477676655933,0.020000000000000285,0.08000000000000185,0.020000000000000462,43.194,44.45,42.02,0.8648838072249936,0.611,2.4299999999999997,0.6074999999999999,0.39946000000000004,0.461,0.3423,0.04156948881090553,-0.029360000000000004,0.11870000000000003,0.029675000000000007,0.027340000000000003,0.0321,0.0226,0.0033802958450407854,-0.0023899999999999998,0.009499999999999998,0.0023749999999999995,60.63199999999999,61.0,60.14,0.3191488680850988,0.2219999999999999,0.8599999999999994,0.21499999999999986
PR_NOR_NB_A_20250902-172725_01149.jpg,stream_images/PR_NOR_NB_A_20250902-172725_01149.jpg,2025-09-02 17:27:25,사전공정,정상,납부족 검사군,1149,R013376,23.38,23.35,23.29,23.23,23.23,45.38,45.28,44.97,45.0,44.91,0.4414,0.4516,0.4651,0.4787,0.4825,0.0216,0.0248,0.0283,0.0319,0.035,63.49,62.57,61.54,60.35,60.0,23.296000000000003,45.108,0.46386000000000005,0.02832,61.589999999999996,2.5610792892913183,3.0147505878324745,True,EWMA 상한 이탈,온도,32.74810041037172,소음,28.40412662249106,리플로우 오븐 점검,23.296000000000003,23.38,23.23,0.061188234163113225,-0.041999999999999815,0.14999999999999858,0.037499999999999645,45.108,45.38,44.91,0.18626862323000265,-0.1220000000000013,0.47000000000000597,0.13250000000000206,0.46386000000000005,0.4825,0.4414,0.015645906812965488,0.010929999999999995,0.04109999999999997,0.010274999999999992,0.02832,0.035,0.0216,0.004795581299488103,0.00339,0.013400000000000002,0.0033500000000000005,61.589999999999996,63.49,60.0,1.3144276320893444,-0.9200000000000003,3.490000000000002,0.8725000000000005
PR_DEF_PB_A_20250902-172809_01661.jpg,stream_images/PR_DEF_PB_A_20250902-172809_01661.jpg,2025-09-02 17:28:09,사전공정,불량,납볼 검사군,1661,R010967,26.64,26.83,26.99,27.0,27.0,59.74,60.0,60.0,60.0,60.0,0.4311,0.4418,0.4493,0.4612,0.4745,0.041,0.0402,0.04,0.04,0.04,68.53,68.66,68.45,67.91,68.16,26.891999999999996,59.948,0.45158000000000004,0.040240000000000005,68.34199999999998,3.139027559692658,3.0396059822045114,True,EWMA 상한 이탈,가속도,29.934245179247544,습도,29.688485177458517,컨베이어 이송계열 점검,26.891999999999996,27.0,26.64,0.14161920773680356,0.08900000000000005,0.35999999999999943,0.08999999999999986,59.948,60.0,59.74,0.10399999999999919,0.0519999999999996,0.259999999999998,0.0649999999999995,0.45158000000000004,0.4745,0.4311,0.015087398715484384,0.010619999999999996,0.043399999999999994,0.010849999999999999,0.040240000000000005,0.041,0.04,0.0003878143885933067,-0.00022000000000000006,0.0010000000000000009,0.0002500000000000002,68.34199999999998,68.66,67.91,0.2712489631316599,-0.1490000000000009,0.75,0.28249999999999886
PR_DEF_PB_A_20250902-172815_01662.jpg,stream_images/PR_DEF_PB_A_20250902-172815_01662.jpg,2025-09-02 17:28:15,사전공정,불량,납볼 검사군,1662,R010968,25.98,25.77,25.52,25.31,25.12,58.76,59.75,60.0,60.0,60.0,0.2667,0.2808,0.2929,0.3006,0.3105,0.0398,0.038,0.0357,0.0331,0.03,87.51,88.08,88.24,89.01,89.86,25.54,59.702,0.2903,0.035320000000000004,88.53999999999999,5.314755210399176,3.494635827843445,True,EWMA+단일점,소음,82.75367897978948,습도,9.94538395715175,설비 가동 소음원 점검,25.54,25.98,25.12,0.3086097859757529,-0.21799999999999997,0.8599999999999994,0.21499999999999986,59.702,60.0,58.76,0.4808492487256279,0.2730000000000004,1.240000000000002,0.3100000000000005,0.2903,0.3105,0.2667,0.015284632805533799,0.01074,0.043800000000000006,0.010950000000000001,0.035320000000000004,0.0398,0.03,0.003482183223209257,-0.002450000000000001,0.009800000000000003,0.002450000000000001,88.53999999999999,89.86,87.51,0.8155734179091417,0.5629999999999995,2.3499999999999943,0.5874999999999986
PR_NOR_NB_A_20250902-172821_01150.jpg,stream_images/PR_NOR_NB_A_20250902-172821_01150.jpg,2025-09-02 17:28:21,사전공정,정상,납부족 검사군,1150,R013377,24.72,24.92,25.14,25.38,25.66,49.4,49.19,49.2,49.15,49.31,0.2887,0.2748,0.2673,0.2581,0.2472,0.0338,0.0318,0.029,0.0264,0.0239,63.24,63.32,63.34,63.77,63.69,25.163999999999998,49.25000000000001,0.26722,0.02898,63.472,1.4185940173141114,3.0794274657375786,True,EWMA 상한 이탈,진동,45.17723857299369,소음,42.79977004811779,실장 설비(마운터) 점검,25.163999999999998,25.66,24.72,0.331638357250786,0.23399999999999999,0.9400000000000013,0.23500000000000032,49.25000000000001,49.4,49.15,0.09186947262284695,-0.021999999999999176,0.25,0.10750000000000348,0.26722,0.2887,0.2472,0.014162118485593886,-0.009970000000000001,0.04150000000000001,0.010375000000000002,0.02898,0.0338,0.0239,0.0035678564993564406,-0.0025199999999999992,0.009899999999999996,0.002474999999999999,63.472,63.77,63.24,0.21479292353334128,0.13499999999999943,0.5300000000000011,0.15250000000000163
PR_NOR_NB_A_20250902-172904_01151.jpg,stream_images/PR_NOR_NB_A_20250902-172904_01151.jpg,2025-09-02 17:29:04,사전공정,정상,납부족 검사군,1151,R013378,25.04,24.72,24.42,24.19,23.93,45.13,44.64,44.33,43.86,43.36,0.2374,0.2211,0.2101,0.2014,0.2,0.0213,0.0218,0.0228,0.0228,0.0231,64.75,64.98,65.09,65.48,65.9,24.46,44.26400000000001,0.21400000000000002,0.022359999999999998,65.24000000000001,2.0002042878127755,2.863582830152618,True,EWMA 상한 이탈,진동,60.36221575026669,습도,25.342744112546473,실장 설비(마운터) 점검,24.46,25.04,23.93,0.3897178466531903,-0.27499999999999963,1.1099999999999994,0.27749999999999986,44.26400000000001,45.13,43.36,0.6125553036257226,-0.4320000000000007,1.7700000000000031,0.4425000000000008,0.21400000000000002,0.2374,0.2,0.013913590478377603,-0.009449999999999997,0.03739999999999999,0.009349999999999997,0.022359999999999998,0.0231,0.0213,0.0006887670143089028,0.00046,0.0017999999999999995,0.0004499999999999999,65.24000000000001,65.9,64.75,0.40580783629693656,0.28000000000000114,1.1500000000000057,0.2875000000000014
PR_NOR_NB_A_20250902-172912_01152.jpg,stream_images/PR_NOR_NB_A_20250902-172912_01152.jpg,2025-09-02 17:29:12,사전공정,정상,납부족 검사군,1152,R013379,23.67,23.66,23.6,23.57,23.62,49.9,49.41,49.28,49.11,49.06,0.4321,0.4261,0.4132,0.4058,0.4004,0.0118,0.0133,0.0148,0.017,0.0192,62.68,62.86,62.92,62.92,62.93,23.624000000000002,49.352,0.41552,0.015220000000000001,62.862,2.082020297468233,2.7072703236157407,True,EWMA 상한 이탈,온도,32.12268163561433,가속도,28.6812870046508,리플로우 오븐 점검,23.624000000000002,23.67,23.57,0.03720215047547671,-0.019000000000000128,0.10000000000000142,0.03750000000000053,49.352,49.9,49.06,0.30089200720524195,-0.19799999999999898,0.8399999999999963,0.20999999999999908,0.41552,0.4321,0.4004,0.011960836091176902,-0.008369999999999999,0.031700000000000006,0.007925000000000001,0.015220000000000001,0.0192,0.0118,0.002629372548727167,0.0018499999999999999,0.007399999999999999,0.0018499999999999996,62.862,62.93,62.68,0.09431860898041325,0.05600000000000023,0.25,0.0625
PR_DEF_PB_A_20250902-172919_01663.jpg,stream_images/PR_DEF_PB_A_20250902-172919_01663.jpg,2025-09-02 17:29:19,사전공정,불량,납볼 검사군,1663,R010969,26.37,26.64,26.94,27.0,27.0,43.79,44.31,44.93,45.12,45.19,0.3772,0.3787,0.3794,0.3895,0.392,0.0302,0.0306,0.0309,0.0313,0.0313,88.62,88.29,88.14,87.81,87.34,26.79,44.668,0.38336,0.03086,88.04,5.090244800588298,3.1838652190102525,True,EWMA+단일점,소음,85.26605474609231,온도,9.156445068745976,설비 가동 소음원 점검,26.79,27.0,26.37,0.2488372962399324,0.16199999999999976,0.629999999999999,0.15749999999999975,44.668,45.19,43.79,0.5374904650317055,0.3609999999999992,1.3999999999999986,0.34999999999999964,0.38336,0.392,0.3772,0.0061268589015906144,0.004040000000000011,0.014800000000000035,0.003700000000000009,0.03086,0.0313,0.0302,0.00042237424163885795,0.0002900000000000003,0.0011000000000000003,0.00027500000000000007,88.04,88.62,87.34,0.4363026472530284,-0.3040000000000006,1.2800000000000011,0.3200000000000003
PR_NOR_NB_A_20250902-172929_01153.jpg,stream_images/PR_NOR_NB_A_20250902-172929_01153.jpg,2025-09-02 17:29:29,사전공정,정상,납부족 검사군,1153,R013380,26.18,26.3,26.46,26.59,26.75,43.05,42.52,42.21,42.32,42.14,0.2544,0.2694,0.2854,0.3077,0.3272,0.0323,0.0332,0.0328,0.032,0.0311,72.62,71.96,70.95,70.03,69.22,26.456,42.448,0.28881999999999997,0.032279999999999996,70.95599999999999,2.25467002942586,2.9980261810933744,True,EWMA 상한 이탈,습도,34.184646896838586,온도,30.77481600496452,자재 보관 환경 점검,26.456,26.75,26.18,0.202445054273993,0.14299999999999996,0.5700000000000003,0.14250000000000007,42.448,43.05,42.14,0.3272552520586938,-0.2019999999999996,0.9099999999999966,0.28249999999999886,0.28881999999999997,0.3272,0.2544,0.026088495548804644,0.018389999999999997,0.07279999999999998,0.018199999999999994,0.032279999999999996,0.0332,0.0311,0.0007194442299441986,-0.0003600000000000006,0.002100000000000001,0.0007499999999999998,70.95599999999999,72.62,69.22,1.2367796893545757,-0.8730000000000004,3.4000000000000057,0.8500000000000014
PR_DEF_PB_A_20250902-172930_01664.jpg,stream_images/PR_DEF_PB_A_20250902-172930_01664.jpg,2025-09-02 17:29:30,사전공정,불량,납볼 검사군,1664,R010970,26.8,26.69,26.52,26.36,26.24,66.34,66.27,66.19,65.92,66.04,0.4964,0.5,0.5,0.5,0.5,0.0293,0.0291,0.0284,0.0269,0.0266,69.12,67.9,66.81,65.3,64.4,26.522000000000002,66.15200000000002,0.49928,0.028059999999999995,66.70599999999999,3.524717959513,3.1033645367772995,True,EWMA 상한 이탈,습도,62.33817528552119,진동,22.6698781497279,자재 보관 환경 점검,26.522000000000002,26.8,26.24,0.2055626425204745,-0.14500000000000063,0.5600000000000023,0.14000000000000057,66.15200000000002,66.34,65.92,0.15302287410710727,-0.09499999999999886,0.4200000000000017,0.13500000000000156,0.49928,0.5,0.4964,0.001439999999999997,0.0007199999999999984,0.003599999999999992,0.000899999999999998,0.028059999999999995,0.0293,0.0266,0.0011146299834474222,-0.0007600000000000003,0.002700000000000001,0.0006750000000000003,66.70599999999999,69.12,64.4,1.7063598682575736,-1.2040000000000006,4.719999999999999,1.1799999999999997
PR_DEF_PB_A_20250902-172938_01665.jpg,stream_images/PR_DEF_PB_A_20250902-172938_01665.jpg,2025-09-02 17:29:38,사전공정,불량,납볼 검사군,1665,R010971,25.02,24.77,24.53,24.29,24.05,59.73,60.0,60.0,60.0,60.0,0.4813,0.457,0.4352,0.4136,0.3881,0.0335,0.0326,0.0341,0.0358,0.037,85.17,85.74,86.42,86.89,87.23,24.531999999999996,59.946000000000005,0.43504,0.0346,86.28999999999999,4.880448389702864,3.458781307362413,True,EWMA+단일점,소음,78.17244851226835,습도,12.38563407191161,설비 가동 소음원 점검,24.531999999999996,25.02,24.05,0.3422513696101154,-0.24199999999999983,0.9699999999999989,0.24249999999999972,59.946000000000005,60.0,59.73,0.10800000000000125,0.054000000000000624,0.2700000000000031,0.06750000000000078,0.43504,0.4813,0.3881,0.032512434544340114,-0.02298,0.0932,0.0233,0.0346,0.037,0.0326,0.0015912259424732868,0.0010199999999999994,0.004400000000000001,0.0013250000000000015,86.28999999999999,87.23,85.17,0.7506530490179882,0.527000000000001,2.0600000000000023,0.5150000000000006
PR_DEF_PB_A_20250902-173021_01666.jpg,stream_images/PR_DEF_PB_A_20250902-173021_01666.jpg,2025-09-02 17:30:21,사전공정,불량,납볼 검사군,1666,R010972,25.72,25.42,25.15,24.88,24.61,56.87,57.01,57.1,57.09,57.56,0.5657,0.558,0.5517,0.5466,0.5426,0.0352,0.0378,0.04,0.04,0.04,61.16,61.46,61.79,61.89,62.28,25.156,57.126,0.55292,0.03860000000000001,61.71600000000001,3.274713815191496,3.4219678089282297,True,EWMA 상한 이탈,진동,48.216854050251435,가속도,21.64049519839835,실장 설비(마운터) 점검,25.156,25.72,24.61,0.3904151636399388,-0.27600000000000013,1.1099999999999994,0.27749999999999986,57.126,57.56,56.87,0.23208619088606003,0.14600000000000152,0.6900000000000048,0.1775000000000002,0.55292,0.5657,0.5426,0.008210578542344029,-0.00576000000000001,0.02310000000000001,0.005775000000000002,0.03860000000000001,0.04,0.0352,0.0019015782918407535,0.0011799999999999998,0.004799999999999999,0.0011999999999999997,61.71600000000001,62.28,61.16,0.3817119332690569,0.2670000000000009,1.1200000000000045,0.28000000000000114
PR_DEF_PB_A_20250902-173052_01667.jpg,stream_images/PR_DEF_PB_A_20250902-173052_01667.jpg,2025-09-02 17:30:52,사전공정,불량,납볼 검사군,1667,R010973,24.97,25.11,25.19,25.33,25.42,64.61,63.94,62.73,62.65,61.9,0.3449,0.3333,0.3178,0.3074,0.2932,0.0316,0.0332,0.0357,0.0377,0.0395,68.55,68.48,68.69,68.81,69.12,25.204,63.166,0.31932,0.03554,68.72999999999999,2.6131622429621704,3.260206695735018,True,EWMA 상한 이탈,습도,75.74186299256343,가속도,20.73462821350997,자재 보관 환경 점검,25.204,25.42,24.97,0.1589465318904448,0.11200000000000046,0.45000000000000284,0.11250000000000071,63.166,64.61,61.9,0.9739938398162488,-0.671,2.710000000000001,0.6775000000000002,0.31932,0.3449,0.2932,0.018310805553006113,-0.012929999999999992,0.05169999999999997,0.012924999999999992,0.03554,0.0395,0.0316,0.002876525682138088,0.0020299999999999993,0.007899999999999997,0.0019749999999999993,68.72999999999999,69.12,68.48,0.22583179581272567,0.1470000000000013,0.6400000000000006,0.17749999999999844
PR_DEF_PB_A_20250902-173118_01668.jpg,stream_images/PR_DEF_PB_A_20250902-173118_01668.jpg,2025-09-02 17:31:18,사전공정,불량,납볼 검사군,1668,R010974,25.79,26.02,26.19,26.39,26.61,57.85,57.59,57.54,57.42,57.31,0.2657,0.2907,0.3152,0.3448,0.3698,0.04,0.04,0.04,0.04,0.04,71.16,72.06,72.79,73.76,74.44,26.2,57.541999999999994,0.31723999999999997,0.04,72.842,2.7075821598559013,3.149681788559195,True,EWMA 상한 이탈,가속도,39.504653835846135,습도,23.1399565614919,컨베이어 이송계열 점검,26.2,26.61,25.79,0.28453470790046004,0.20100000000000015,0.8200000000000003,0.20500000000000007,57.541999999999994,57.85,57.31,0.18214280112043943,-0.125,0.5399999999999991,0.1349999999999998,0.31723999999999997,0.3698,0.2657,0.03711337225313809,0.026230000000000003,0.10410000000000003,0.026025000000000006,0.04,0.04,0.04,0.0,0.0,0.0,0.0,72.842,74.44,71.16,1.1695879616343536,0.8260000000000005,3.280000000000001,0.8200000000000003
PR_DEF_PB_A_20250902-173118_01669.jpg,stream_images/PR_DEF_PB_A_20250902-173118_01669.jpg,2025-09-02 17:31:18,사전공정,불량,납볼 검사군,1669,R010975,23.66,23.57,23.45,23.42,23.29,49.9,50.5,51.36,52.24,52.8,0.2146,0.225,0.2363,0.2497,0.2632,0.0473,0.0467,0.0461,0.0455,0.045,72.48,72.18,71.48,70.7,70.07,23.478,51.36,0.23776000000000003,0.046119999999999994,71.382,3.139156977406109,3.1475768263285784,True,EWMA 상한 이탈,가속도,57.64835368444662,온도,17.14229883380395,컨베이어 이송계열 점검,23.478,23.66,23.29,0.12734205903785306,-0.08900000000000005,0.370000000000001,0.09250000000000025,51.36,52.8,49.9,1.069504558195055,0.7539999999999999,2.8999999999999986,0.7249999999999996,0.23776000000000003,0.2632,0.2146,0.017269001129190994,0.012189999999999996,0.04859999999999998,0.012149999999999994,0.046119999999999994,0.0473,0.045,0.0008207313811473285,-0.0005800000000000007,0.0023000000000000034,0.0005750000000000009,71.382,72.48,70.07,0.8987190884809373,-0.6300000000000026,2.410000000000011,0.6025000000000027
PR_DEF_PB_A_20250902-173120_01670.jpg,stream_images/PR_DEF_PB_A_20250902-173120_01670.jpg,2025-09-02 17:31:20,사전공정,불량,납볼 검사군,1670,R010976,25.15,24.84,24.6,24.37,24.05,67.46,67.65,67.68,67.34,67.35,0.3272,0.3498,0.3718,0.3922,0.4148,0.03,0.0282,0.0271,0.0257,0.0249,74.32,75.0,75.0,75.0,75.0,24.602,67.49600000000001,0.37116,0.02718,74.864,3.502571267122896,3.218575714487442,True,EWMA 상한 이탈,습도,74.89393225428317,소음,23.269833091953647,자재 보관 환경 점검,24.602,25.15,24.05,0.37828031934003575,-0.26699999999999946,1.0999999999999979,0.27499999999999947,67.49600000000001,67.68,67.34,0.14458215657542622,-0.053000000000000116,0.3400000000000034,0.14250000000000185,0.37116,0.4148,0.3272,0.030777498273901343,0.02176,0.08760000000000001,0.021900000000000003,0.02718,0.03,0.0249,0.0018104143172213369,-0.0012699999999999999,0.0051,0.001275,74.864,75.0,74.32,0.2720000000000028,0.13600000000000137,0.6800000000000068,0.1700000000000017
PR_NOR_NB_A_20250902-173129_01154.jpg,stream_images/PR_NOR_NB_A_20250902-173129_01154.jpg,2025-09-02 17:31:29,사전공정,정상,납부족 검사군,1154,R013381,24.0,23.91,23.79,23.69,23.63,44.52,44.7,44.87,44.64,44.7,0.3093,0.3217,0.3321,0.3464,0.3572,0.038,0.0365,0.0343,0.0314,0.0301,64.05,64.74,64.72,65.14,65.34,23.803999999999995,44.686,0.33334,0.03405999999999999,64.798,1.848299832752391,2.944520538140432,True,EWMA 상한 이탈,온도,30.800988704550036,가속도,30.79315389398609,리플로우 오븐 점검,23.803999999999995,24.0,23.63,0.13646977687385592,-0.09600000000000009,0.370000000000001,0.09250000000000025,44.686,44.87,44.52,0.1130663522008189,0.029999999999999714,0.3499999999999943,0.15999999999999837,0.33334,0.3572,0.3093,0.01705761999811228,0.01205,0.0479,0.011975,0.03405999999999999,0.038,0.0301,0.002976306435836203,-0.0020900000000000003,0.0079,0.001975,64.798,65.34,64.05,0.44264658588991945,0.2980000000000018,1.2900000000000063,0.3324999999999996
PR_DEF_PB_A_20250902-173133_01671.jpg,stream_images/PR_DEF_PB_A_20250902-173133_01671.jpg,2025-09-02 17:31:33,사전공정,불량,납볼 검사군,1671,R010977,23.82,23.92,24.03,24.18,24.33,63.0,63.26,63.46,63.56,63.96,0.4652,0.4901,0.5,0.5,0.5,0.0274,0.0295,0.0325,0.0354,0.0383,72.69,74.02,75.0,75.0,75.0,24.056000000000004,63.448,0.49106000000000005,0.03262,74.342,3.4291890007277765,3.041454230657901,True,EWMA 상한 이탈,습도,45.85146767955843,진동,21.499094578225534,자재 보관 환경 점검,24.056000000000004,24.33,23.82,0.1818350901228904,0.1279999999999994,0.509999999999998,0.1274999999999995,63.448,63.96,63.0,0.31964980838411344,0.22200000000000059,0.9600000000000009,0.2400000000000002,0.49106000000000005,0.5,0.4652,0.013486526609917025,0.007950000000000002,0.0348,0.0087,0.03262,0.0383,0.0274,0.003923977573840096,0.0027700000000000003,0.0109,0.002725,74.342,75.0,72.69,0.909030252521885,0.5600000000000008,2.3100000000000023,0.5775000000000006
PR_DEF_PB_A_20250902-173143_01672.jpg,stream_images/PR_DEF_PB_A_20250902-173143_01672.jpg,2025-09-02 17:31:43,사전공정,불량,납볼 검사군,1672,R010978,26.58,26.71,26.83,27.0,27.0,64.21,63.9,64.12,63.93,63.73,0.2448,0.2646,0.2892,0.3091,0.3338,0.0311,0.0338,0.0371,0.0395,0.04,61.96,62.95,64.16,65.1,66.1,26.824,63.977999999999994,0.2883,0.036300000000000006,64.054,3.325936792206071,3.0983507429675354,True,EWMA 상한 이탈,습도,52.68483429121504,온도,22.337253863120875,자재 보관 환경 점검,26.824,27.0,26.58,0.1640243884305018,0.11300000000000025,0.4200000000000017,0.10500000000000043,63.977999999999994,64.21,63.73,0.16963490206912032,-0.09299999999999926,0.4799999999999969,0.2300000000000022,0.2883,0.3338,0.2448,0.03148853759703679,0.02225,0.089,0.02225,0.036300000000000006,0.04,0.0311,0.0034017642481512455,0.0023500000000000005,0.008900000000000002,0.0022250000000000004,64.054,66.1,61.96,1.4761517537163957,1.042999999999998,4.1399999999999935,1.0349999999999984
PR_NOR_NB_A_20250902-173200_01155.jpg,stream_images/PR_NOR_NB_A_20250902-173200_01155.jpg,2025-09-02 17:32:00,사전공정,정상,납부족 검사군,1155,R013382,23.62,23.51,23.47,23.4,23.27,45.52,44.83,43.7,43.29,42.54,0.3365,0.3652,0.3905,0.4174,0.4469,0.0152,0.0132,0.0104,0.01,0.01,73.43,72.79,71.78,71.43,70.8,23.454,43.976,0.39130000000000004,0.011760000000000001,72.04600000000002,2.5282180834096106,2.9843242110559505,True,EWMA 상한 이탈,가속도,35.210798916413324,온도,27.24348861531876,컨베이어 이송계열 점검,23.454,23.62,23.27,0.11637869220780991,-0.08100000000000059,0.3500000000000014,0.08750000000000036,43.976,45.52,42.54,1.069777546969463,-0.7500000000000007,2.980000000000004,0.745000000000001,0.39130000000000004,0.4469,0.3365,0.038619839461085284,0.027299999999999998,0.1104,0.0276,0.011760000000000001,0.0152,0.01,0.002095328136593407,-0.0013599999999999999,0.0052,0.0013,72.04600000000002,73.43,70.8,0.9456976260940942,-0.6620000000000019,2.6300000000000097,0.6575000000000024
PR_DEF_PB_A_20250902-173217_01673.jpg,stream_images/PR_DEF_PB_A_20250902-173217_01673.jpg,2025-09-02 17:32:17,사전공정,불량,납볼 검사군,1673,R010979,25.83,25.75,25.66,25.55,25.47,45.85,46.24,46.53,46.98,47.22,0.5676,0.5736,0.5829,0.5865,0.593,0.0257,0.0245,0.023,0.0218,0.0206,69.36,69.51,69.87,69.86,70.17,25.651999999999997,46.564,0.58072,0.02312,69.754,2.789615550271639,2.945382478899088,True,EWMA 상한 이탈,진동,87.16127480927206,습도,4.752539142409919,실장 설비(마운터) 점검,25.651999999999997,25.83,25.47,0.1302919797992184,-0.09199999999999982,0.35999999999999943,0.08999999999999986,46.564,47.22,45.85,0.49382588024525254,0.347999999999999,1.3699999999999974,0.34249999999999936,0.58072,0.593,0.5676,0.009075108814774616,0.006369999999999998,0.025399999999999978,0.0063499999999999945,0.02312,0.0257,0.0206,0.0018258148865643528,-0.0012900000000000001,0.0051,0.001275,69.754,70.17,69.36,0.28723509534874053,0.1969999999999999,0.8100000000000023,0.20750000000000313
PR_NOR_NB_A_20250902-173226_01156.jpg,stream_images/PR_NOR_NB_A_20250902-173226_01156.jpg,2025-09-02 17:32:26,사전공정,정상,납부족 검사군,1156,R013383,25.2,24.97,24.72,24.47,24.22,42.32,41.96,41.79,41.46,41.18,0.338,0.3136,0.2927,0.2662,0.2434,0.0186,0.0177,0.0171,0.016,0.0161,74.54,75.0,75.0,75.0,75.0,24.716,41.742000000000004,0.29078,0.0171,74.908,2.4881612873684804,2.8539382405929663,True,EWMA 상한 이탈,소음,45.65671238368741,습도,33.189524887906,설비 가동 소음원 점검,24.716,25.2,24.22,0.34794252398923603,-0.24600000000000008,0.9800000000000004,0.2450000000000001,41.742000000000004,42.32,41.18,0.39478601798949275,-0.27800000000000014,1.1400000000000006,0.28500000000000014,0.29078,0.338,0.2434,0.03347598542238899,-0.023660000000000004,0.09460000000000002,0.023650000000000004,0.0171,0.0186,0.016,0.0009818350166906856,-0.0006699999999999998,0.002599999999999998,0.0006749999999999994,74.908,75.0,74.54,0.18399999999999753,0.09199999999999875,0.45999999999999375,0.11499999999999844
PR_DEF_PB_A_20250902-173232_01674.jpg,stream_images/PR_DEF_PB_A_20250902-173232_01674.jpg,2025-09-02 17:32:32,사전공정,불량,납볼 검사군,1674,R010980,25.97,25.75,25.57,25.42,25.24,59.07,58.25,57.5,56.89,56.05,0.3529,0.3563,0.3605,0.3636,0.369,0.0302,0.0304,0.0313,0.0323,0.0336,80.22,79.45,78.96,78.32,77.8,25.589999999999996,57.552,0.36046,0.03156,78.95,3.076700589676936,2.89849071040976,True,EWMA 상한 이탈,소음,73.30711012885665,습도,17.964440069257858,설비 가동 소음원 점검,25.589999999999996,25.97,25.24,0.25369272752682515,-0.1789999999999999,0.7300000000000004,0.1825000000000001,57.552,59.07,56.05,1.0477098835078353,-0.7400000000000005,3.020000000000003,0.7550000000000008,0.36046,0.369,0.3529,0.005608065620158164,0.003949999999999998,0.016100000000000003,0.004025000000000001,0.03156,0.0336,0.0302,0.001262695529413167,0.0008699999999999996,0.0033999999999999968,0.0008499999999999992,78.95,80.22,77.8,0.8464514162076894,-0.5970000000000013,2.4200000000000017,0.6050000000000004
PR_NOR_NB_A_20250902-173246_01157.jpg,stream_images/PR_NOR_NB_A_20250902-173246_01157.jpg,2025-09-02 17:32:46,사전공정,정상,납부족 검사군,1157,R013384,24.46,24.31,24.15,24.0,23.87,52.76,53.78,54.78,55.73,56.42,0.3256,0.3418,0.354,0.3691,0.3821,0.0203,0.0178,0.0154,0.0135,0.0115,74.25,73.44,72.71,71.94,71.14,24.157999999999998,54.693999999999996,0.35451999999999995,0.0157,72.696,1.9178770610629978,2.7023679805404077,True,EWMA 상한 이탈,소음,38.284216304404055,가속도,30.279267681786198,설비 가동 소음원 점검,24.157999999999998,24.46,23.87,0.21084591530309502,-0.14899999999999985,0.5899999999999999,0.14749999999999996,54.693999999999996,56.42,52.76,1.3141932886756047,0.9270000000000003,3.6600000000000037,0.9150000000000009,0.35451999999999995,0.3821,0.3256,0.019857834725870792,0.014029999999999997,0.056499999999999995,0.014124999999999999,0.0157,0.0203,0.0115,0.0031029018676071596,-0.0021899999999999997,0.008799999999999999,0.0021999999999999997,72.696,74.25,71.14,1.0919084210683603,-0.7719999999999999,3.1099999999999994,0.7774999999999999
PR_DEF_PB_A_20250902-173253_01675.jpg,stream_images/PR_DEF_PB_A_20250902-173253_01675.jpg,2025-09-02 17:32:53,사전공정,불량,납볼 검사군,1675,R010981,23.32,23.25,23.11,23.01,23.0,51.84,52.33,52.34,52.35,52.59,0.2776,0.3028,0.3286,0.3489,0.3702,0.047,0.0472,0.0474,0.0475,0.0474,68.45,68.99,69.81,70.29,70.95,23.138,52.29,0.32561999999999997,0.047299999999999995,69.69800000000001,3.056909044027794,2.773276193237885,True,EWMA 상한 이탈,가속도,67.76416762717832,온도,27.08688293133139,컨베이어 이송계열 점검,23.138,23.32,23.0,0.12796874618437093,-0.0879999999999999,0.3200000000000003,0.08000000000000007,52.29,52.59,51.84,0.24503061033266818,0.1520000000000003,0.75,0.1875,0.32561999999999997,0.3702,0.2776,0.03275633679152782,0.02312999999999999,0.09259999999999996,0.02314999999999999,0.047299999999999995,0.0475,0.047,0.00017888543819998286,0.00010999999999999968,0.0005000000000000004,0.00015000000000000083,69.69800000000001,70.95,68.45,0.8932278544693975,0.6300000000000011,2.5,0.625
PR_DEF_PB_A_20250902-173253_01676.jpg,stream_images/PR_DEF_PB_A_20250902-173253_01676.jpg,2025-09-02 17:32:53,사전공정,불량,납볼 검사군,1676,R010982,23.46,23.31,23.18,23.02,23.0,45.53,45.75,45.84,46.15,46.1,0.2874,0.2859,0.2805,0.2784,0.2734,0.0177,0.0208,0.0235,0.0247,0.0266,88.06,87.23,86.46,85.87,85.1,23.193999999999996,45.874,0.2811199999999999,0.02266,86.54400000000001,4.733257251800436,3.1652724049503953,True,EWMA+단일점,소음,84.01879133625805,온도,10.538570528319848,설비 가동 소음원 점검,23.193999999999996,23.46,23.0,0.17453939383417158,-0.12100000000000008,0.46000000000000085,0.11500000000000021,45.874,46.15,45.53,0.22896287908741836,0.15399999999999991,0.6199999999999974,0.16749999999999865,0.2811199999999999,0.2874,0.2734,0.005092504295530838,-0.0035500000000000032,0.014000000000000012,0.003500000000000003,0.02266,0.0266,0.0177,0.003112940731848263,0.0021699999999999996,0.008899999999999998,0.0022249999999999995,86.54400000000001,88.06,85.1,1.0310499502933914,-0.7280000000000015,2.960000000000008,0.740000000000002
PR_DEF_PB_A_20250902-173305_01677.jpg,stream_images/PR_DEF_PB_A_20250902-173305_01677.jpg,2025-09-02 17:33:05,사전공정,불량,납볼 검사군,1677,R010983,26.87,26.78,26.74,26.72,26.68,47.0,46.76,46.8,46.35,45.84,0.3523,0.3439,0.3381,0.3322,0.3257,0.0443,0.0456,0.0466,0.0467,0.0475,70.7,70.0,69.66,69.18,68.83,26.758,46.55,0.33844,0.04614,69.67399999999999,2.935476908663681,3.1193133056930527,True,EWMA 상한 이탈,가속도,66.04300678023277,온도,26.552555105564696,컨베이어 이송계열 점검,26.758,26.87,26.68,0.06462197768561476,-0.04400000000000048,0.19000000000000128,0.04750000000000032,46.55,47.0,45.84,0.4130859474734023,-0.27299999999999897,1.1599999999999966,0.3099999999999987,0.33844,0.3523,0.3257,0.009200782575411726,-0.006490000000000001,0.026600000000000013,0.006650000000000003,0.04614,0.0475,0.0443,0.0011001818031580056,0.00075,0.0032000000000000015,0.0008000000000000004,69.67399999999999,70.7,68.83,0.6504644494513135,-0.45600000000000024,1.8700000000000045,0.46750000000000114
PR_DEF_PB_A_20250902-173319_01678.jpg,stream_images/PR_DEF_PB_A_20250902-173319_01678.jpg,2025-09-02 17:33:19,사전공정,불량,납볼 검사군,1678,R010984,24.91,25.1,25.3,25.49,25.72,51.87,51.41,50.68,50.01,49.02,0.4621,0.4713,0.4804,0.4864,0.4907,0.0489,0.0474,0.047,0.0454,0.0448,66.41,65.83,65.41,64.87,64.77,25.304,50.598,0.47817999999999994,0.0467,65.458,2.883961774238104,3.072242999402063,True,EWMA 상한 이탈,가속도,71.6100420523571,진동,24.8062863605114,컨베이어 이송계열 점검,25.304,25.72,24.91,0.28443628460518106,0.20099999999999946,0.8099999999999987,0.20249999999999968,50.598,51.87,49.02,1.0119169926431695,-0.7099999999999987,2.8499999999999943,0.7124999999999986,0.47817999999999994,0.4907,0.4621,0.010345511103855627,0.007230000000000003,0.028600000000000014,0.007150000000000004,0.0467,0.0489,0.0448,0.0014642404174178493,-0.0010199999999999994,0.0040999999999999995,0.0010249999999999999,65.458,66.41,64.77,0.6109140692437837,-0.4239999999999995,1.6400000000000006,0.41000000000000014
PR_DEF_PB_A_20250902-173405_01679.jpg,stream_images/PR_DEF_PB_A_20250902-173405_01679.jpg,2025-09-02 17:34:05,사전공정,불량,납볼 검사군,1679,R010985,26.07,26.39,26.64,26.83,27.0,65.96,66.14,66.6,67.16,67.9,0.4553,0.4783,0.5,0.5,0.5,0.0236,0.0255,0.0268,0.0285,0.0303,68.82,67.57,66.21,64.88,63.77,26.586000000000002,66.752,0.48672000000000004,0.02694,66.24999999999999,3.5613404184646864,3.170062483214588,True,EWMA 상한 이탈,습도,65.71717024949099,진동,18.606107113933554,자재 보관 환경 점검,26.586000000000002,27.0,26.07,0.3281828758482071,0.2299999999999997,0.9299999999999997,0.23249999999999993,66.752,67.9,65.96,0.7084179557295285,0.490000000000002,1.940000000000012,0.485000000000003,0.48672000000000004,0.5,0.4553,0.017816778608940514,0.011110000000000004,0.04470000000000002,0.011175000000000004,0.02694,0.0303,0.0236,0.0023225847670214324,0.0016400000000000004,0.006700000000000001,0.0016750000000000003,66.24999999999999,68.82,63.77,1.8097624153462768,-1.2789999999999977,5.04999999999999,1.2624999999999975
PR_NOR_NB_A_20250902-173426_01158.jpg,stream_images/PR_NOR_NB_A_20250902-173426_01158.jpg,2025-09-02 17:34:26,사전공정,정상,납부족 검사군,1158,R013385,25.09,25.02,25.02,25.02,25.01,49.75,49.24,49.08,49.17,49.26,0.3452,0.3652,0.3878,0.4049,0.4243,0.0229,0.0251,0.0288,0.0318,0.0349,67.13,67.21,67.33,67.6,67.75,25.032,49.3,0.38548,0.028700000000000003,67.404,0.5848767545909634,2.6530253374898636,False,,가속도,49.91551928044082,진동,44.380844730208466,,25.032,25.09,25.01,0.0292574776766554,-0.01599999999999966,0.0799999999999983,0.019999999999999574,49.3,49.75,49.08,0.23366642891095857,-0.10500000000000043,0.6700000000000017,0.21250000000000036,0.38548,0.4243,0.3452,0.02801166899704478,0.019789999999999995,0.0791,0.019775,0.028700000000000003,0.0349,0.0229,0.004351091817004096,0.0030700000000000002,0.012,0.003,67.404,67.75,67.13,0.23508296407864307,0.16300000000000098,0.6200000000000045,0.15500000000000114
PR_DEF_PB_A_20250902-173442_01680.jpg,stream_images/PR_DEF_PB_A_20250902-173442_01680.jpg,2025-09-02 17:34:42,사전공정,불량,납볼 검사군,1680,R010986,26.32,26.47,26.65,26.76,26.98,45.61,44.87,44.41,43.98,43.09,0.3353,0.3479,0.3607,0.3671,0.3773,0.0211,0.0192,0.0176,0.0163,0.0147,84.12,83.4,82.29,81.75,80.96,26.636000000000003,44.391999999999996,0.35766,0.01778,82.50399999999999,3.9209276060021105,2.9066057911923133,True,EWMA+단일점,소음,76.44308742442576,온도,12.864789312155226,설비 가동 소음원 점검,26.636000000000003,26.98,26.32,0.22861321046693728,0.1610000000000003,0.6600000000000001,0.16500000000000004,44.391999999999996,45.61,43.09,0.8458463217393558,-0.5929999999999993,2.519999999999996,0.629999999999999,0.35766,0.3773,0.3353,0.014692256463865594,0.010320000000000006,0.04200000000000004,0.01050000000000001,0.01778,0.0211,0.0147,0.002224769650997604,-0.0015700000000000002,0.006400000000000001,0.0016000000000000003,82.50399999999999,84.12,80.96,1.132476931332382,-0.7970000000000027,3.160000000000011,0.7900000000000027
PR_NOR_NB_A_20250902-173448_01159.jpg,stream_images/PR_NOR_NB_A_20250902-173448_01159.jpg,2025-09-02 17:34:48,사전공정,정상,납부족 검사군,1159,R013386,24.21,24.09,23.96,23.83,23.68,57.72,58.57,59.03,59.74,60.0,0.4782,0.4465,0.4108,0.3783,0.3523,0.0101,0.01,0.01,0.01,0.01,64.1,63.59,63.01,62.32,61.47,23.953999999999997,59.012,0.41322000000000003,0.010020000000000001,62.898,2.768630475368858,2.8790107280276223,True,EWMA 상한 이탈,가속도,37.47686378555887,습도,31.21624597491359,컨베이어 이송계열 점검,23.953999999999997,24.21,23.68,0.18682612237050844,-0.1320000000000004,0.5300000000000011,0.13250000000000028,59.012,60.0,57.72,0.8211065704279812,0.5730000000000004,2.280000000000001,0.5700000000000003,0.41322000000000003,0.4782,0.3523,0.04531328282082418,-0.032,0.1259,0.031475,0.010020000000000001,0.0101,0.01,3.999999999999976e-05,-1.999999999999988e-05,9.99999999999994e-05,2.499999999999985e-05,62.898,64.1,61.47,0.928383541431018,-0.6529999999999994,2.6299999999999955,0.6574999999999989
PR_DEF_PB_A_20250902-173503_01681.jpg,stream_images/PR_DEF_PB_A_20250902-173503_01681.jpg,2025-09-02 17:35:03,사전공정,불량,납볼 검사군,1681,R010987,25.59,25.76,25.88,26.02,26.08,53.73,53.68,53.59,53.4,53.27,0.3582,0.3855,0.4098,0.4339,0.4655,0.0227,0.026,0.0296,0.032,0.0355,80.78,79.75,78.77,78.02,77.11,25.865999999999996,53.534000000000006,0.41058000000000006,0.029160000000000002,78.886,2.9068373180070486,2.8845760460235077,True,EWMA 상한 이탈,소음,80.98534339234679,온도,6.679493200292312,설비 가동 소음원 점검,25.865999999999996,26.08,25.59,0.17726815844928207,0.12399999999999949,0.48999999999999844,0.12249999999999961,53.534000000000006,53.73,53.27,0.17350504315436935,-0.11999999999999886,0.45999999999999375,0.11499999999999844,0.41058000000000006,0.4655,0.3582,0.03723790541907533,0.0263,0.1073,0.026825,0.029160000000000002,0.0355,0.0227,0.00447598033954574,0.0031599999999999987,0.012799999999999995,0.003199999999999999,78.886,80.78,77.11,1.2846260156169977,-0.9070000000000007,3.6700000000000017,0.9175000000000004
PR_DEF_PB_A_20250902-173520_01682.jpg,stream_images/PR_DEF_PB_A_20250902-173520_01682.jpg,2025-09-02 17:35:20,사전공정,불량,납볼 검사군,1682,R010988,24.46,24.28,24.14,23.96,23.77,45.41,46.35,47.1,47.97,48.5,0.2878,0.2678,0.2443,0.2276,0.2076,0.0466,0.0462,0.046,0.0462,0.0464,61.7,62.43,63.42,63.93,64.96,24.122,47.065999999999995,0.24701999999999996,0.046279999999999995,63.288,2.9952511051621715,2.9067110578512403,True,EWMA 상한 이탈,가속도,64.63214787021415,진동,15.584049367624406,컨베이어 이송계열 점검,24.122,24.46,23.77,0.24069898213328655,-0.1700000000000003,0.6900000000000013,0.17250000000000032,47.065999999999995,48.5,45.41,1.1072235546627436,0.7800000000000005,3.0900000000000034,0.7725000000000009,0.24701999999999996,0.2878,0.2076,0.0284017182578801,-0.020059999999999998,0.0802,0.02005,0.046279999999999995,0.0466,0.046,0.00020396078054371234,-4.000000000000115e-05,0.0006000000000000033,0.0002500000000000002,63.288,64.96,61.7,1.1386904759415502,0.8019999999999982,3.259999999999991,0.8149999999999977
PR_NOR_NB_A_20250902-173651_01160.jpg,stream_images/PR_NOR_NB_A_20250902-173651_01160.jpg,2025-09-02 17:36:51,사전공정,정상,납부족 검사군,1160,R013387,24.74,24.89,24.99,25.15,25.23,41.61,42.19,42.56,42.65,43.21,0.4949,0.4693,0.4325,0.4097,0.3856,0.0324,0.031,0.0306,0.0302,0.0301,67.9,68.12,68.11,68.21,68.26,24.999999999999996,42.444,0.4384,0.03086,68.11999999999999,1.7849037320159664,2.6823495926841856,True,EWMA 상한 이탈,습도,54.93826128963079,진동,30.831117992490974,자재 보관 환경 점검,24.999999999999996,25.23,24.74,0.17618172436436222,0.1240000000000002,0.490000000000002,0.1225000000000005,42.444,43.21,41.61,0.5296640444659243,0.3660000000000004,1.6000000000000014,0.40000000000000036,0.4384,0.4949,0.3856,0.039480121580359906,-0.02782,0.10930000000000001,0.027325000000000002,0.03086,0.0324,0.0301,0.0008333066662399859,-0.0005399999999999999,0.0023,0.000575,68.11999999999999,68.26,67.9,0.12345039489608595,0.08099999999999881,0.35999999999999943,0.09500000000000242
PR_DEF_PB_A_20250902-173658_01683.jpg,stream_images/PR_DEF_PB_A_20250902-173658_01683.jpg,2025-09-02 17:36:58,사전공정,불량,납볼 검사군,1683,R010989,23.95,23.88,23.83,23.75,23.66,61.17,61.02,61.38,60.83,60.57,0.4778,0.4592,0.4415,0.4189,0.4017,0.0315,0.0282,0.0247,0.023,0.0205,72.22,71.33,70.15,69.13,68.29,23.814,60.99399999999999,0.43982,0.02558,70.22400000000002,2.450215323181556,2.63592273878366,False,,습도,59.630492712154314,온도,17.030425682031275,,23.814,23.95,23.66,0.1009158064923425,-0.07099999999999973,0.28999999999999915,0.07249999999999979,60.99399999999999,61.38,60.57,0.27832355272236775,-0.13900000000000076,0.8100000000000023,0.33000000000000007,0.43982,0.4778,0.4017,0.02724579967628038,-0.01925,0.0761,0.019025,0.02558,0.0315,0.0205,0.003876802806437283,-0.0027199999999999998,0.011,0.00275,70.22400000000002,72.22,68.29,1.4247750699671844,-1.005999999999999,3.9299999999999926,0.9824999999999982
PR_DEF_PB_A_20250902-173701_01684.jpg,stream_images/PR_DEF_PB_A_20250902-173701_01684.jpg,2025-09-02 17:37:01,사전공정,불량,납볼 검사군,1684,R010990,26.24,26.44,26.68,26.93,27.0,59.71,59.89,60.0,60.0,60.0,0.3874,0.3809,0.375,0.3666,0.3563,0.045,0.044,0.043,0.0429,0.0424,68.77,67.69,66.79,65.69,64.95,26.657999999999998,59.92,0.37324,0.04346,66.77799999999999,3.0628075041264027,2.7212996918522085,True,EWMA 상한 이탈,가속도,46.251268348549594,습도,31.06094379949494,컨베이어 이송계열 점검,26.657999999999998,27.0,26.24,0.28763866221354895,0.20100000000000015,0.7600000000000016,0.1900000000000004,59.92,60.0,59.71,0.11331372379372201,0.06899999999999977,0.28999999999999915,0.07249999999999979,0.37324,0.3874,0.3563,0.010893410852437366,-0.007650000000000007,0.031100000000000017,0.007775000000000004,0.04346,0.045,0.0424,0.0009286549412995113,-0.0006299999999999993,0.002599999999999998,0.0006499999999999995,66.77799999999999,68.77,64.95,1.3656705312775828,-0.9639999999999986,3.819999999999993,0.9549999999999983
PR_NOR_NB_A_20250902-173706_01161.jpg,stream_images/PR_NOR_NB_A_20250902-173706_01161.jpg,2025-09-02 17:37:06,사전공정,정상,납부족 검사군,1161,R013388,25.8,25.83,25.82,25.85,25.82,43.62,43.06,42.35,41.56,40.86,0.3516,0.3192,0.2923,0.2615,0.2386,0.0175,0.0182,0.0187,0.019,0.0192,73.01,74.03,74.98,75.0,75.0,25.823999999999995,42.29,0.29264,0.018520000000000002,74.40400000000001,2.393633270996253,2.6557664076810177,False,,소음,42.95221570714025,습도,31.381757630632517,,25.823999999999995,25.85,25.8,0.01624807680927201,0.006000000000000227,0.05000000000000071,0.024999999999999467,42.29,43.62,40.86,0.9943037765190269,-0.7019999999999996,2.759999999999998,0.6899999999999995,0.29264,0.3516,0.2386,0.04017922846446905,-0.02837,0.11300000000000002,0.028250000000000004,0.018520000000000002,0.0192,0.0175,0.000611228271597444,0.0004199999999999992,0.0016999999999999967,0.00042499999999999916,74.40400000000001,75.0,73.01,0.7906098911599817,0.4949999999999989,1.9899999999999949,0.4974999999999987
PR_NOR_NB_A_20250902-173749_01162.jpg,stream_images/PR_NOR_NB_A_20250902-173749_01162.jpg,2025-09-02 17:37:49,사전공정,정상,납부족 검사군,1162,R013389,26.22,25.94,25.69,25.44,25.2,40.66,41.17,41.91,42.81,43.53,0.3429,0.3609,0.3804,0.395,0.4164,0.038,0.0387,0.0386,0.0383,0.0382,61.68,60.86,60.0,60.0,60.0,25.697999999999997,42.016000000000005,0.37912,0.03835999999999999,60.507999999999996,2.69533152579246,2.663679431303306,True,EWMA 상한 이탈,소음,35.439138496248376,가속도,31.26752081039703,설비 가동 소음원 점검,25.697999999999997,26.22,25.2,0.3593549777031061,-0.2539999999999999,1.0199999999999996,0.2549999999999999,42.016000000000005,43.53,40.66,1.047694611993401,0.738000000000001,2.8700000000000045,0.7175000000000011,0.37912,0.4164,0.3429,0.02564163801320033,0.018110000000000005,0.07350000000000001,0.018375000000000002,0.03835999999999999,0.0387,0.038,0.000257681974534503,0.0,0.0006999999999999992,0.0002999999999999999,60.507999999999996,61.68,60.0,0.6740445089161397,-0.4219999999999999,1.6799999999999997,0.41999999999999993
PR_DEF_PB_A_20250902-173756_01685.jpg,stream_images/PR_DEF_PB_A_20250902-173756_01685.jpg,2025-09-02 17:37:56,사전공정,불량,납볼 검사군,1685,R010991,25.18,25.29,25.38,25.45,25.54,42.94,43.39,43.73,44.47,45.06,0.2328,0.2353,0.2291,0.2259,0.2211,0.0401,0.04,0.0403,0.0402,0.0406,74.57,75.0,75.0,75.0,75.0,25.368000000000002,43.918,0.22884000000000002,0.040240000000000005,74.914,2.9941321907096863,2.7297699831845823,True,EWMA 상한 이탈,가속도,32.87325311466375,소음,31.96225104404694,컨베이어 이송계열 점검,25.368000000000002,25.54,25.18,0.12480384609458141,0.0879999999999999,0.35999999999999943,0.08999999999999986,43.918,45.06,42.94,0.7588781193314258,0.5320000000000007,2.1200000000000045,0.5300000000000011,0.22884000000000002,0.2353,0.2211,0.005020597573994561,-0.003280000000000005,0.014200000000000018,0.004175000000000005,0.040240000000000005,0.0406,0.04,0.00020591260281973943,0.00011999999999999996,0.0005999999999999964,0.0002249999999999995,74.914,75.0,74.57,0.1720000000000027,0.08600000000000137,0.4300000000000068,0.1075000000000017
PR_NOR_NB_A_20250902-173757_01163.jpg,stream_images/PR_NOR_NB_A_20250902-173757_01163.jpg,2025-09-02 17:37:57,사전공정,정상,납부족 검사군,1163,R013390,26.55,26.35,26.18,26.0,25.82,43.11,43.83,44.73,45.61,45.92,0.4564,0.428,0.3984,0.3685,0.3376,0.0205,0.0225,0.0254,0.0288,0.0307,67.14,66.71,66.68,66.62,66.24,26.18,44.64,0.39778,0.02558,66.678,1.4911745050234069,2.4820508875523473,False,,온도,46.14385432432823,습도,39.537495740885156,,26.18,26.55,25.82,0.25604687070925153,-0.18100000000000022,0.7300000000000004,0.1825000000000001,44.64,45.92,43.11,1.056825434970223,0.7400000000000005,2.8100000000000023,0.7025000000000006,0.39778,0.4564,0.3376,0.042021156576181946,-0.029709999999999993,0.11879999999999996,0.02969999999999999,0.02558,0.0307,0.0205,0.0037923080043688437,0.00267,0.0102,0.00255,66.678,67.14,66.24,0.28624465060503895,-0.18900000000000006,0.9000000000000057,0.22500000000000142
PR_NOR_NB_A_20250902-173802_01164.jpg,stream_images/PR_NOR_NB_A_20250902-173802_01164.jpg,2025-09-02 17:38:02,사전공정,정상,납부족 검사군,1164,R013391,25.68,25.92,26.16,26.39,26.62,46.32,47.28,47.47,48.25,48.99,0.2376,0.2521,0.2732,0.2908,0.3059,0.0229,0.0211,0.0184,0.0165,0.0148,60.21,60.0,60.0,60.0,60.0,26.154000000000003,47.662,0.27192000000000005,0.01874,60.04200000000001,2.3266021053020767,2.450961131102293,False,,소음,54.15984931659772,온도,18.32628045876827,,26.154000000000003,26.62,25.68,0.332361249245456,0.23500000000000015,0.9400000000000013,0.23500000000000032,47.662,48.99,46.32,0.9047740049316187,0.6310000000000002,2.6700000000000017,0.6675000000000004,0.27192000000000005,0.3059,0.2376,0.02483315525663221,0.01753,0.0683,0.017075,0.01874,0.0229,0.0148,0.0029506609429075376,-0.00208,0.0081,0.002025,60.04200000000001,60.21,60.0,0.08400000000000034,-0.04200000000000017,0.21000000000000085,0.05250000000000021
PR_DEF_PB_A_20250902-173802_01686.jpg,stream_images/PR_DEF_PB_A_20250902-173802_01686.jpg,2025-09-02 17:38:02,사전공정,불량,납볼 검사군,1686,R010992,23.43,23.63,23.93,24.18,24.45,43.51,44.24,44.62,44.91,44.87,0.5596,0.5652,0.5753,0.5813,0.5896,0.021,0.0208,0.0198,0.0195,0.019,67.39,66.32,64.85,63.9,62.44,23.924000000000003,44.43,0.5742,0.020020000000000003,64.97999999999999,2.9913437950851933,2.559037663898873,False,,진동,72.27503757186588,습도,10.797713352251554,,23.924000000000003,24.45,23.43,0.36680239911974405,0.259,1.0199999999999996,0.2549999999999999,44.43,44.91,43.51,0.5181891546530083,0.33899999999999936,1.3999999999999986,0.35999999999999943,0.5742,0.5896,0.5596,0.010797592324217476,0.007610000000000006,0.030000000000000027,0.007500000000000007,0.020020000000000003,0.021,0.019,0.0007652450587883598,-0.0005300000000000003,0.0020000000000000018,0.0005000000000000004,64.97999999999999,67.39,62.44,1.7457720355189563,-1.232,4.950000000000003,1.2375000000000007
PR_DEF_PB_A_20250902-173805_01687.jpg,stream_images/PR_DEF_PB_A_20250902-173805_01687.jpg,2025-09-02 17:38:05,사전공정,불량,납볼 검사군,1687,R010993,24.61,24.91,25.15,25.38,25.68,60.82,61.29,61.68,61.89,62.11,0.4546,0.4533,0.4451,0.4398,0.4401,0.0311,0.0318,0.0332,0.0347,0.0358,68.84,68.31,67.98,67.98,67.26,25.145999999999997,61.55800000000001,0.44658,0.03332,68.074,2.454589208802962,2.538147972879691,False,,습도,65.53910082394829,진동,19.403527491104157,,25.145999999999997,25.68,24.61,0.3695727262664278,0.26099999999999995,1.0700000000000003,0.26750000000000007,61.55800000000001,62.11,60.82,0.45744507867065304,0.31799999999999995,1.2899999999999991,0.3224999999999998,0.44658,0.4546,0.4398,0.00631867074628833,-0.004249999999999999,0.01479999999999998,0.0037749999999999867,0.03332,0.0358,0.0311,0.001749742838247952,0.0012299999999999998,0.004699999999999999,0.0011749999999999998,68.074,68.84,67.26,0.5143384099987083,-0.3489999999999995,1.5799999999999983,0.3949999999999996
PR_DEF_PB_A_20250902-173819_01688.jpg,stream_images/PR_DEF_PB_A_20250902-173819_01688.jpg,2025-09-02 17:38:19,사전공정,불량,납볼 검사군,1688,R010994,24.25,24.15,24.05,24.0,23.91,57.45,57.95,58.67,59.47,60.0,0.3606,0.3631,0.362,0.3644,0.3636,0.0373,0.0371,0.0359,0.0353,0.0347,81.26,81.93,82.17,82.26,83.14,24.072,58.70799999999999,0.36274,0.03606,82.152,3.9687315332507227,2.8242646849538975,True,EWMA+단일점,소음,71.69552049902957,습도,14.295738462604682,설비 가동 소음원 점검,24.072,24.25,23.91,0.11805083650698941,-0.08299999999999982,0.33999999999999986,0.08499999999999996,58.70799999999999,60.0,57.45,0.9389866878715573,0.661999999999999,2.549999999999997,0.6374999999999993,0.36274,0.3644,0.3606,0.0013230268326833038,0.0007300000000000029,0.0038000000000000256,0.001700000000000007,0.03606,0.0373,0.0347,0.0010071742649611338,-0.0006999999999999999,0.002599999999999998,0.0006499999999999995,82.152,83.14,81.26,0.6054882327510569,0.4089999999999989,1.8799999999999955,0.46999999999999886
PR_DEF_PB_A_20250902-173843_01689.jpg,stream_images/PR_DEF_PB_A_20250902-173843_01689.jpg,2025-09-02 17:38:43,사전공정,불량,납볼 검사군,1689,R010995,24.09,24.3,24.56,24.81,25.0,51.79,51.96,52.03,52.26,52.5,0.3191,0.3225,0.3323,0.3374,0.3447,0.0244,0.0272,0.0299,0.0325,0.0349,84.96,85.1,85.38,85.57,85.96,24.552,52.10799999999999,0.3312,0.02978,85.39399999999999,4.169543794746278,3.0933205069123737,True,EWMA+단일점,소음,96.51031932967523,가속도,1.6553965761386273,설비 가동 소음원 점검,24.552,25.0,24.09,0.3299333265979656,0.23299999999999982,0.9100000000000001,0.22750000000000004,52.10799999999999,52.5,51.79,0.24733782565551896,0.17199999999999988,0.7100000000000009,0.1775000000000002,0.3312,0.3447,0.3191,0.009423375191511795,0.0066099999999999996,0.02560000000000001,0.006400000000000003,0.02978,0.0349,0.0244,0.0037209676160912765,0.00263,0.010499999999999999,0.0026249999999999997,85.39399999999999,85.96,84.96,0.35392654605157814,0.2469999999999999,1.0,0.25
PR_NOR_NB_A_20250902-173851_01165.jpg,stream_images/PR_NOR_NB_A_20250902-173851_01165.jpg,2025-09-02 17:38:51,사전공정,정상,납부족 검사군,1165,R013392,24.3,24.29,24.26,24.24,24.26,55.09,55.62,56.07,56.55,56.84,0.2571,0.2559,0.2549,0.2522,0.2476,0.0266,0.0268,0.0258,0.0258,0.0261,66.63,67.55,68.61,69.2,70.42,24.270000000000003,56.03399999999999,0.25354,0.026220000000000004,68.482,1.653476114472155,2.80535162842433,True,EWMA 상한 이탈,진동,44.56025784696901,습도,38.9401327703626,실장 설비(마운터) 점검,24.270000000000003,24.3,24.24,0.02190890230020683,-0.0129999999999999,0.060000000000002274,0.02000000000000135,56.03399999999999,56.84,55.09,0.6292408124080952,0.44299999999999995,1.75,0.4375,0.25354,0.2571,0.2476,0.003381478966369606,-0.0022700000000000055,0.009500000000000008,0.002375000000000002,0.026220000000000004,0.0268,0.0258,0.0004118252056394799,-0.0001999999999999995,0.0010000000000000009,0.0003750000000000012,68.482,70.42,66.63,1.3104411470951325,0.9230000000000018,3.7900000000000063,0.9475000000000016
PR_NOR_NB_A_20250902-173935_01166.jpg,stream_images/PR_NOR_NB_A_20250902-173935_01166.jpg,2025-09-02 17:39:35,사전공정,정상,납부족 검사군,1166,R013393,24.41,24.15,23.93,23.73,23.57,54.91,55.0,55.26,55.57,56.05,0.2782,0.2832,0.2858,0.2897,0.2954,0.0124,0.0145,0.0162,0.0186,0.0197,66.86,66.75,66.74,66.49,66.34,23.958000000000006,55.35799999999999,0.28646000000000005,0.01628,66.63600000000001,1.7780778620994917,2.5998968751593625,False,,가속도,30.778299718578605,습도,26.356111018233886,,23.958000000000006,24.41,23.57,0.2981543224573473,-0.2099999999999998,0.8399999999999999,0.20999999999999996,55.35799999999999,56.05,54.91,0.4152782199923323,0.28500000000000014,1.1400000000000006,0.28500000000000014,0.28646000000000005,0.2954,0.2782,0.0058260106419401585,0.004089999999999999,0.017199999999999993,0.004299999999999998,0.01628,0.0197,0.0124,0.0026573671180324327,0.0018699999999999995,0.007299999999999999,0.0018249999999999998,66.63600000000001,66.86,66.34,0.19126944345608274,-0.12999999999999973,0.519999999999996,0.129999999999999
PR_NOR_NB_A_20250902-173937_01167.jpg,stream_images/PR_NOR_NB_A_20250902-173937_01167.jpg,2025-09-02 17:39:37,사전공정,정상,납부족 검사군,1167,R013394,23.73,23.49,23.26,23.0,23.0,52.87,52.37,51.69,51.19,50.19,0.3248,0.3002,0.2779,0.2575,0.2339,0.0184,0.0182,0.0198,0.0205,0.0215,61.48,61.88,62.46,63.23,64.1,23.296,51.662,0.27886,0.019680000000000003,62.629999999999995,2.1164355918710043,2.503204618501691,False,,온도,47.29713312329328,소음,27.87930202679728,,23.296,23.73,23.0,0.28373226816842656,-0.19499999999999992,0.7300000000000004,0.1825000000000001,51.662,52.87,50.19,0.9328322464409127,-0.6539999999999999,2.6799999999999997,0.6699999999999999,0.27886,0.3248,0.2339,0.03176303511945922,-0.022449999999999998,0.09089999999999998,0.022724999999999995,0.019680000000000003,0.0215,0.0182,0.0012512393855693637,0.0008499999999999997,0.0032999999999999974,0.000874999999999999,62.629999999999995,64.1,61.48,0.9417855382198204,0.6589999999999989,2.6199999999999974,0.6549999999999994
PR_DEF_PB_A_20250902-173946_01690.jpg,stream_images/PR_DEF_PB_A_20250902-173946_01690.jpg,2025-09-02 17:39:46,사전공정,불량,납볼 검사군,1690,R010996,26.88,27.0,27.0,27.0,27.0,48.17,48.27,48.32,48.36,48.48,0.2131,0.2,0.2,0.2,0.2,0.0179,0.0153,0.0125,0.01,0.01,78.91,78.78,78.78,78.75,78.71,26.976,48.32,0.20261999999999997,0.013140000000000002,78.786,3.7788781166585643,2.7583393181330655,True,EWMA+단일점,소음,46.64494965251796,온도,20.224135829798655,설비 가동 소음원 점검,26.976,27.0,26.88,0.048000000000000397,0.024000000000000198,0.120000000000001,0.03000000000000025,48.32,48.48,48.17,0.10217631819555657,0.07099999999999866,0.30999999999999517,0.07749999999999879,0.20261999999999997,0.2131,0.2,0.00524,-0.00262,0.0131,0.003275,0.013140000000000002,0.0179,0.01,0.0030806492822130853,-0.00211,0.007899999999999999,0.0019749999999999998,78.786,78.91,78.71,0.06711184694225018,-0.043000000000000684,0.20000000000000284,0.05000000000000071
PR_DEF_PB_A_20250902-173957_01691.jpg,stream_images/PR_DEF_PB_A_20250902-173957_01691.jpg,2025-09-02 17:39:57,사전공정,불량,납볼 검사군,1691,R010997,26.28,26.04,25.82,25.63,25.45,45.69,45.76,45.5,45.15,45.06,0.2574,0.2749,0.2883,0.3028,0.3175,0.0401,0.0406,0.0408,0.04,0.04,68.48,68.67,69.44,69.6,69.82,25.844,45.432,0.28818,0.0403,69.202,2.195446427892229,2.6457607400848984,False,,가속도,61.85838156524288,습도,13.437761226196002,,25.844,26.28,25.45,0.29329848277821063,-0.20700000000000038,0.8300000000000018,0.20750000000000046,45.432,45.76,45.06,0.2816664694279376,-0.18699999999999903,0.6999999999999957,0.192499999999999,0.28818,0.3175,0.2574,0.02096276699293297,0.01481,0.06009999999999999,0.015024999999999997,0.0403,0.0408,0.04,0.0003346640106136307,-7.999999999999883e-05,0.0008000000000000021,0.00037500000000000207,69.202,69.82,68.48,0.5293921042100984,0.3609999999999971,1.3399999999999892,0.3349999999999973
PR_DEF_PB_A_20250902-174008_01692.jpg,stream_images/PR_DEF_PB_A_20250902-174008_01692.jpg,2025-09-02 17:40:08,사전공정,불량,납볼 검사군,1692,R010998,23.63,23.49,23.42,23.33,23.23,52.96,53.33,54.09,54.42,54.62,0.5189,0.5267,0.5319,0.542,0.5437,0.01,0.0128,0.0152,0.0172,0.0206,69.26,69.9,70.58,71.17,71.85,23.419999999999998,53.884,0.53264,0.015160000000000002,70.55199999999999,2.8773390308954365,2.692076398247006,True,EWMA 상한 이탈,진동,51.51906121392608,온도,22.133097092250935,실장 설비(마운터) 점검,23.419999999999998,23.63,23.23,0.13652838532700773,-0.09599999999999972,0.3999999999999986,0.09999999999999964,53.884,54.62,52.96,0.6375139214166229,0.44099999999999967,1.6599999999999966,0.41499999999999915,0.53264,0.5437,0.5189,0.009322574751644523,0.006489999999999996,0.024799999999999933,0.006199999999999983,0.015160000000000002,0.0206,0.01,0.003631859028101173,0.0025599999999999998,0.0106,0.00265,70.55199999999999,71.85,69.26,0.9123464254327921,0.6449999999999975,2.589999999999989,0.6474999999999973
PR_NOR_NB_A_20250902-174023_01168.jpg,stream_images/PR_NOR_NB_A_20250902-174023_01168.jpg,2025-09-02 17:40:23,사전공정,정상,납부족 검사군,1168,R013395,24.76,25.04,25.3,25.52,25.79,59.95,60.0,59.87,60.0,60.0,0.2868,0.2835,0.2765,0.2682,0.2633,0.0297,0.0296,0.0295,0.0293,0.0283,68.03,67.57,66.86,66.46,65.91,25.282,59.964,0.27565999999999996,0.02928,66.96599999999998,1.9993339927234524,2.5535279171422958,False,,습도,73.91922794882582,진동,18.365778089410522,,25.282,25.79,24.76,0.3594662710185749,0.25399999999999956,1.0299999999999976,0.2574999999999994,59.964,60.0,59.87,0.05083306010855613,0.009999999999999431,0.13000000000000256,0.07750000000000057,0.27565999999999996,0.2868,0.2633,0.008884728470808777,-0.006230000000000002,0.02350000000000002,0.005875000000000005,0.02928,0.0297,0.0283,0.0005075431016179814,-0.00031000000000000054,0.001400000000000002,0.0003500000000000005,66.96599999999998,68.03,65.91,0.7588570352839865,-0.5350000000000008,2.1200000000000045,0.5300000000000011
PR_DEF_PB_A_20250902-174040_01693.jpg,stream_images/PR_DEF_PB_A_20250902-174040_01693.jpg,2025-09-02 17:40:40,사전공정,불량,납볼 검사군,1693,R010999,26.74,26.47,26.25,26.04,25.89,45.79,46.49,46.8,47.37,47.79,0.5794,0.5851,0.5954,0.6,0.6,0.0187,0.0173,0.0162,0.0166,0.0154,69.89,71.02,72.0,73.42,74.08,26.278,46.848,0.5919800000000001,0.01684,72.082,3.3096148880197616,2.7047453113177893,True,EWMA 상한 이탈,진동,68.20434101324935,온도,11.083559580537136,실장 설비(마운터) 점검,26.278,26.74,25.89,0.3027474194770281,-0.21299999999999955,0.8499999999999979,0.21249999999999947,46.848,47.79,45.79,0.6942161046821078,0.48799999999999955,2.0,0.5,0.5919800000000001,0.6,0.5794,0.00831778816753588,0.005609999999999993,0.02059999999999995,0.005149999999999988,0.01684,0.0187,0.0154,0.0011146299834474222,-0.0007300000000000001,0.003300000000000001,0.0010250000000000007,72.082,74.08,69.89,1.5311224640766006,1.078,4.189999999999998,1.0474999999999994
PR_DEF_PB_A_20250902-174046_01694.jpg,stream_images/PR_DEF_PB_A_20250902-174046_01694.jpg,2025-09-02 17:40:46,사전공정,불량,납볼 검사군,1694,R011000,25.39,25.56,25.69,25.85,25.95,40.44,40.0,40.0,40.0,40.0,0.5701,0.561,0.5569,0.5449,0.5364,0.031,0.0295,0.0271,0.025,0.0227,71.05,71.52,72.23,72.59,73.38,25.688,40.088,0.55386,0.02706,72.154,3.1310881454164,2.7900138781375117,True,EWMA 상한 이탈,진동,53.853052032586746,습도,30.499553435786066,실장 설비(마운터) 점검,25.688,25.95,25.39,0.20003999600079983,0.14100000000000001,0.5599999999999987,0.13999999999999968,40.088,40.44,40.0,0.1759999999999991,-0.08799999999999955,0.4399999999999977,0.10999999999999943,0.55386,0.5701,0.5364,0.011908753083341696,-0.008350000000000014,0.03370000000000006,0.008425000000000016,0.02706,0.031,0.0227,0.002991053326171233,-0.0021099999999999995,0.008299999999999998,0.0020749999999999996,72.154,73.38,71.05,0.8148275891254546,0.5730000000000004,2.3299999999999983,0.5824999999999996
PR_NOR_NB_A_20250902-174109_01169.jpg,stream_images/PR_NOR_NB_A_20250902-174109_01169.jpg,2025-09-02 17:41:09,사전공정,정상,납부족 검사군,1169,R013396,25.82,26.06,26.29,26.51,26.7,53.22,53.71,53.87,54.0,53.9,0.376,0.3492,0.32,0.2904,0.2654,0.0331,0.0334,0.0345,0.0351,0.0367,60.02,60.0,60.0,60.0,60.0,26.276,53.739999999999995,0.32020000000000004,0.03456,60.004,2.4122920235002305,2.7144695072100555,True,EWMA 상한 이탈,소음,50.5172397591776,온도,20.666848399307042,설비 가동 소음원 점검,26.276,26.7,25.82,0.3128322234041757,0.22100000000000009,0.879999999999999,0.21999999999999975,53.739999999999995,54.0,53.22,0.2761883415352646,0.16499999999999987,0.7800000000000011,0.22000000000000064,0.32020000000000004,0.376,0.2654,0.03961252327231882,-0.027999999999999997,0.11059999999999998,0.027649999999999994,0.03456,0.0367,0.0331,0.0012924395537122827,0.0008900000000000013,0.003600000000000006,0.0009000000000000015,60.004,60.02,60.0,0.008000000000001251,-0.0040000000000006255,0.020000000000003126,0.005000000000000782
PR_DEF_PB_A_20250902-174130_01695.jpg,stream_images/PR_DEF_PB_A_20250902-174130_01695.jpg,2025-09-02 17:41:30,사전공정,불량,납볼 검사군,1695,R011001,23.88,23.67,23.43,23.17,23.0,42.38,42.12,42.13,41.67,41.72,0.2681,0.2947,0.32,0.3437,0.3663,0.0407,0.0404,0.0406,0.04,0.04,64.27,63.56,62.87,62.27,61.59,23.43,42.004000000000005,0.31856000000000007,0.04034,62.912,2.8415582942758517,2.739887264623215,True,EWMA 상한 이탈,가속도,37.45453104195701,습도,24.470282635378044,컨베이어 이송계열 점검,23.43,23.88,23.0,0.32018744510052205,-0.2259999999999998,0.879999999999999,0.21999999999999975,42.004000000000005,42.38,41.67,0.26941417928535294,-0.17700000000000032,0.7100000000000009,0.19500000000000206,0.31856000000000007,0.3663,0.2681,0.034723801635189656,0.02454,0.09820000000000001,0.024550000000000002,0.04034,0.0407,0.04,0.00029393876913398045,-0.0001799999999999996,0.0006999999999999992,0.0002749999999999992,62.912,64.27,61.59,0.9408166665190386,-0.6649999999999985,2.6799999999999926,0.6699999999999982
PR_NOR_NB_A_20250902-174146_01170.jpg,stream_images/PR_NOR_NB_A_20250902-174146_01170.jpg,2025-09-02 17:41:46,사전공정,정상,납부족 검사군,1170,R013397,25.16,25.3,25.36,25.39,25.51,43.32,42.71,42.26,41.78,41.53,0.3218,0.3323,0.3485,0.3575,0.3661,0.0356,0.0371,0.0392,0.04,0.04,65.19,64.12,62.28,61.43,60.61,25.344,42.32,0.34524,0.038380000000000004,62.726,2.323225507019978,2.6565549131025676,False,,가속도,42.32752427086455,습도,33.5815484268242,,25.344,25.51,25.16,0.1146472851837325,0.07900000000000026,0.3500000000000014,0.08750000000000036,42.32,43.32,41.53,0.6436458653638658,-0.4509999999999998,1.7899999999999991,0.4474999999999998,0.34524,0.3661,0.3218,0.01620464131043943,0.011380000000000001,0.044300000000000006,0.011075000000000002,0.038380000000000004,0.04,0.0356,0.0017485994395515516,0.0011700000000000002,0.004400000000000001,0.0011000000000000003,62.726,65.19,60.61,1.6953182592068077,-1.185,4.579999999999998,1.1449999999999996
PR_NOR_NB_A_20250902-174209_01171.jpg,stream_images/PR_NOR_NB_A_20250902-174209_01171.jpg,2025-09-02 17:42:09,사전공정,정상,납부족 검사군,1171,R013398,24.65,24.48,24.35,24.19,24.07,41.26,42.29,42.97,43.32,44.29,0.2645,0.2396,0.2157,0.2,0.2,0.0261,0.0284,0.0299,0.0314,0.0338,63.87,63.38,62.21,61.25,60.48,24.347999999999995,42.826,0.22396,0.029920000000000002,62.238,2.403087806988294,2.605861491879713,False,,진동,36.273081092817144,습도,27.564594472681435,,24.347999999999995,24.65,24.07,0.20536796244789432,-0.14499999999999957,0.5799999999999983,0.14499999999999957,42.826,44.29,41.26,1.0146644765635588,0.7090000000000003,3.030000000000001,0.7575000000000003,0.22396,0.2645,0.2,0.02491783297158884,-0.01686,0.0645,0.016125,0.029920000000000002,0.0338,0.0261,0.0026133503400807153,0.0018399999999999985,0.007699999999999995,0.0019249999999999988,62.238,63.87,60.48,1.267681347973536,-0.8910000000000003,3.3900000000000006,0.8475000000000001
PR_DEF_PB_A_20250902-174245_01696.jpg,stream_images/PR_DEF_PB_A_20250902-174245_01696.jpg,2025-09-02 17:42:45,사전공정,불량,납볼 검사군,1696,R011002,23.17,23.04,23.0,23.0,23.0,57.81,58.4,58.87,59.16,59.83,0.5124,0.5142,0.5158,0.5193,0.5227,0.03,0.0284,0.0271,0.0263,0.0255,60.36,60.98,61.38,61.8,62.03,23.042,58.814,0.51688,0.027460000000000002,61.30999999999999,3.264984645310664,2.7376861225659033,True,EWMA 상한 이탈,진동,32.967945858880725,온도,26.121058856627094,실장 설비(마운터) 점검,23.042,23.17,23.0,0.06584831053261798,-0.038000000000000256,0.1700000000000017,0.042500000000000426,58.814,59.83,57.81,0.6833037391965583,0.479999999999999,2.019999999999996,0.504999999999999,0.51688,0.5227,0.5124,0.0036918288150996604,0.0025700000000000167,0.010300000000000087,0.0025750000000000217,0.027460000000000002,0.03,0.0255,0.0015907231060118543,-0.0011100000000000003,0.0045000000000000005,0.0011250000000000001,61.30999999999999,62.03,60.36,0.595785196190708,0.41600000000000037,1.6700000000000017,0.4175000000000004
PR_NOR_NB_A_20250902-174307_01172.jpg,stream_images/PR_NOR_NB_A_20250902-174307_01172.jpg,2025-09-02 17:43:07,사전공정,정상,납부족 검사군,1172,R013399,26.42,26.18,25.98,25.77,25.56,52.83,52.77,52.91,52.68,52.76,0.3407,0.3268,0.3128,0.3011,0.2867,0.0364,0.0346,0.0334,0.0324,0.0308,69.37,69.44,69.53,70.06,70.51,25.982,52.79,0.31361999999999995,0.03352,69.782,1.528651928923713,2.495879283837465,False,,가속도,39.81948112254487,온도,31.08599991976651,,25.982,26.42,25.56,0.30135693122939866,-0.2130000000000006,0.860000000000003,0.21500000000000075,52.79,52.91,52.68,0.07668115805072208,-0.0230000000000004,0.22999999999999687,0.12749999999999595,0.31361999999999995,0.3407,0.2867,0.01891638443254947,-0.013369999999999998,0.05399999999999999,0.013499999999999998,0.03352,0.0364,0.0308,0.001904100837665905,-0.0013400000000000003,0.005600000000000001,0.0014000000000000002,69.782,70.51,69.37,0.43760255940750753,0.2900000000000006,1.1400000000000006,0.28500000000000014
PR_DEF_PB_A_20250902-174311_01697.jpg,stream_images/PR_DEF_PB_A_20250902-174311_01697.jpg,2025-09-02 17:43:11,사전공정,불량,납볼 검사군,1697,R011003,23.92,23.78,23.68,23.55,23.41,44.57,44.68,44.37,44.26,43.98,0.5118,0.5024,0.5,0.5,0.5,0.0137,0.0172,0.0197,0.0222,0.0253,71.47,70.78,69.97,69.14,68.43,23.668,44.372,0.50284,0.019620000000000002,69.958,2.4449640747615664,2.4856962420222857,False,,진동,50.03986322134085,온도,21.83396766140043,,23.668,23.92,23.41,0.17701977290687096,-0.12500000000000036,0.5100000000000016,0.1275000000000004,44.372,44.68,43.98,0.24506325713986699,-0.16000000000000086,0.7000000000000028,0.20250000000000057,0.50284,0.5118,0.5,0.004575412549705231,-0.0026000000000000025,0.011800000000000033,0.002950000000000008,0.019620000000000002,0.0253,0.0137,0.003995697686262062,0.00282,0.0116,0.0029,69.958,71.47,68.43,1.0923259586771685,-0.7719999999999985,3.039999999999992,0.759999999999998
PR_DEF_PB_A_20250902-174324_01698.jpg,stream_images/PR_DEF_PB_A_20250902-174324_01698.jpg,2025-09-02 17:43:24,사전공정,불량,납볼 검사군,1698,R011004,24.0,23.9,23.81,23.78,23.68,53.19,52.38,51.92,51.49,51.02,0.3063,0.3396,0.3708,0.3981,0.4262,0.0483,0.0484,0.0489,0.0488,0.0481,71.37,70.72,69.44,68.3,67.06,23.833999999999996,52.0,0.3682,0.0485,69.378,2.8906419228662092,2.5666853781910706,False,,가속도,84.19252631991934,온도,11.834069989093464,,23.833999999999996,24.0,23.68,0.10873821775254534,-0.0759999999999998,0.3200000000000003,0.08000000000000007,52.0,53.19,51.02,0.7466458330426801,-0.522999999999999,2.1699999999999946,0.5424999999999986,0.3682,0.4262,0.3063,0.04222402159908504,0.029830000000000002,0.1199,0.029975,0.0485,0.0489,0.0481,0.00030331501776206294,-6.938893903907229e-19,0.0008000000000000021,0.0003499999999999996,69.378,71.37,67.06,1.5689537915439071,-1.1040000000000005,4.310000000000002,1.0775000000000006
PR_DEF_PB_A_20250902-174329_01699.jpg,stream_images/PR_DEF_PB_A_20250902-174329_01699.jpg,2025-09-02 17:43:29,사전공정,불량,납볼 검사군,1699,R011005,26.94,27.0,27.0,27.0,27.0,43.69,42.62,41.96,41.25,40.93,0.2501,0.2332,0.2035,0.2,0.2,0.0299,0.0275,0.0252,0.0226,0.0206,78.62,77.93,77.3,76.64,75.41,26.988,42.09,0.21736,0.02516,77.17999999999999,3.4601583012729593,2.7453799628074487,True,EWMA 상한 이탈,소음,40.713967029441974,온도,24.295796273163624,설비 가동 소음원 점검,26.988,27.0,26.94,0.023999999999999487,0.011999999999999744,0.05999999999999872,0.01499999999999968,42.09,43.69,40.93,0.9908582138732049,-0.6889999999999994,2.759999999999998,0.6899999999999995,0.21736,0.2501,0.2,0.020579854226888968,-0.013339999999999994,0.05009999999999998,0.012524999999999994,0.02516,0.0299,0.0206,0.0033254172670508586,-0.00235,0.0093,0.002325,77.17999999999999,78.62,75.41,1.1022703842524333,-0.7710000000000022,3.210000000000008,0.802500000000002
PR_NOR_NB_A_20250902-174337_01173.jpg,stream_images/PR_NOR_NB_A_20250902-174337_01173.jpg,2025-09-02 17:43:37,사전공정,정상,납부족 검사군,1173,R013400,23.94,23.77,23.57,23.32,23.12,50.59,50.13,49.83,49.36,49.04,0.4889,0.4666,0.4485,0.4194,0.3924,0.0244,0.0235,0.0221,0.0207,0.0195,60.74,60.0,60.0,60.0,60.0,23.544,49.790000000000006,0.44315999999999994,0.02204,60.148,2.374016174381153,2.6711072051221896,True,EWMA 상한 이탈,소음,50.795840000682865,온도,27.617097069947782,설비 가동 소음원 점검,23.544,23.94,23.12,0.2961486113423461,-0.209,0.8200000000000003,0.20500000000000007,49.790000000000006,50.59,49.04,0.5485617558671054,-0.3870000000000012,1.5500000000000043,0.38750000000000107,0.44315999999999994,0.4889,0.3924,0.034091676403485933,-0.024019999999999996,0.09649999999999997,0.024124999999999994,0.02204,0.0244,0.0195,0.0017861690849412888,-0.0012600000000000003,0.004900000000000002,0.0012250000000000004,60.148,60.74,60.0,0.2960000000000008,-0.1480000000000004,0.740000000000002,0.1850000000000005
PR_DEF_PB_A_20250902-174407_01700.jpg,stream_images/PR_DEF_PB_A_20250902-174407_01700.jpg,2025-09-02 17:44:07,사전공정,불량,납볼 검사군,1700,R011006,25.17,24.99,24.8,24.6,24.37,59.86,60.0,60.0,60.0,60.0,0.2935,0.3156,0.3447,0.3738,0.4044,0.0363,0.0376,0.0395,0.04,0.04,89.39,88.87,88.82,89.21,89.31,24.786,59.972,0.34639999999999993,0.038680000000000006,89.11999999999999,5.480772248435381,3.233040213784828,True,EWMA+단일점,소음,82.04157665412386,습도,9.868555790421235,설비 가동 소음원 점검,24.786,25.17,24.37,0.28175166370404964,-0.19899999999999984,0.8000000000000007,0.20000000000000018,59.972,60.0,59.86,0.05600000000000023,0.028000000000000115,0.14000000000000057,0.03500000000000014,0.34639999999999993,0.4044,0.2935,0.0396603076135322,0.028000000000000004,0.1109,0.027725,0.038680000000000006,0.04,0.0363,0.0014824304368165145,0.0009800000000000004,0.003700000000000002,0.0009250000000000005,89.11999999999999,89.39,88.82,0.2322068043792007,0.01799999999999926,0.5700000000000074,0.2650000000000041
PR_DEF_PB_A_20250902-174415_01701.jpg,stream_images/PR_DEF_PB_A_20250902-174415_01701.jpg,2025-09-02 17:44:15,사전공정,불량,납볼 검사군,1701,R011007,25.7,25.5,25.27,25.03,24.83,49.93,49.59,49.16,48.36,48.04,0.2737,0.289,0.304,0.3249,0.3438,0.0413,0.0418,0.0418,0.0415,0.0416,61.56,62.63,63.67,64.4,65.35,25.266,49.016000000000005,0.30708,0.041600000000000005,63.522000000000006,2.164814478463294,3.0193950667205214,True,EWMA 상한 이탈,가속도,74.96735089376875,소음,17.84102773774011,컨베이어 이송계열 점검,25.266,25.7,24.83,0.31270433319671165,-0.22100000000000009,0.870000000000001,0.21750000000000025,49.016000000000005,49.93,48.04,0.7167314699383591,-0.5010000000000006,1.8900000000000006,0.47250000000000014,0.30708,0.3438,0.2737,0.02496600889209167,0.017610000000000004,0.0701,0.017525,0.041600000000000005,0.0418,0.0413,0.00018973665961010013,2.9999999999999472e-05,0.0004999999999999935,0.00022499999999999604,63.522000000000006,65.35,61.56,1.3251022602048474,0.9349999999999987,3.789999999999992,0.947499999999998
PR_NOR_NB_A_20250902-174541_01174.jpg,stream_images/PR_NOR_NB_A_20250902-174541_01174.jpg,2025-09-02 17:45:41,사전공정,정상,납부족 검사군,1174,R013401,25.27,25.07,24.91,24.69,24.5,55.68,55.22,54.45,54.21,53.97,0.2516,0.2581,0.2649,0.276,0.2882,0.0123,0.0141,0.0155,0.0161,0.0181,61.9,62.93,64.27,65.22,66.33,24.887999999999998,54.706,0.26776000000000005,0.015220000000000001,64.13,1.8355188645425673,2.7826198262849307,True,EWMA 상한 이탈,가속도,36.48703923174839,진동,26.404731304450756,컨베이어 이송계열 점검,24.887999999999998,25.27,24.5,0.2717646040234082,-0.1919999999999998,0.7699999999999996,0.1924999999999999,54.706,55.68,53.97,0.6428250150701974,-0.44299999999999995,1.7100000000000009,0.4275000000000002,0.26776000000000005,0.2882,0.2516,0.013025605552142296,0.009110000000000007,0.03660000000000002,0.009150000000000005,0.015220000000000001,0.0181,0.0123,0.0019456618411224497,0.0013600000000000003,0.005800000000000001,0.0014500000000000003,64.13,66.33,61.9,1.5786449885898979,1.1149999999999998,4.43,1.1075
PR_NOR_NB_A_20250902-174550_01175.jpg,stream_images/PR_NOR_NB_A_20250902-174550_01175.jpg,2025-09-02 17:45:50,사전공정,정상,납부족 검사군,1175,R013402,26.21,26.48,26.77,27.0,27.0,41.17,40.78,40.63,40.12,40.0,0.239,0.2229,0.2059,0.2,0.2,0.0156,0.0177,0.0199,0.0214,0.0236,70.23,71.2,72.04,73.13,74.16,26.691999999999997,40.540000000000006,0.21355999999999997,0.019639999999999998,72.152,2.95111992373541,2.8163198457750265,True,EWMA 상한 이탈,습도,31.08730410395263,진동,27.66788989908469,자재 보관 환경 점검,26.691999999999997,27.0,26.21,0.3075971391284382,0.2099999999999998,0.7899999999999991,0.1974999999999998,40.540000000000006,41.17,40.0,0.4314162722939424,-0.3000000000000007,1.1700000000000017,0.2925000000000004,0.21355999999999997,0.239,0.2,0.015237138839034044,-0.010089999999999993,0.03899999999999998,0.009749999999999995,0.019639999999999998,0.0236,0.0156,0.002790412155936825,0.00197,0.008,0.002,72.152,74.16,70.23,1.3857474517385884,0.9789999999999978,3.9299999999999926,0.9824999999999982
PR_DEF_PB_A_20250902-174606_01702.jpg,stream_images/PR_DEF_PB_A_20250902-174606_01702.jpg,2025-09-02 17:46:06,사전공정,불량,납볼 검사군,1702,R011008,25.42,25.4,25.37,25.36,25.37,52.92,53.88,54.29,54.84,55.18,0.3386,0.3574,0.3724,0.3904,0.4055,0.0476,0.0472,0.0469,0.0463,0.0458,60.54,60.0,60.0,60.0,60.0,25.384,54.222,0.37286,0.04676,60.10799999999999,3.087076570116493,2.87047119064332,True,EWMA 상한 이탈,가속도,62.85718200503905,소음,29.946764023241556,컨베이어 이송계열 점검,25.384,25.42,25.36,0.02244994432064387,-0.014000000000000058,0.060000000000002274,0.01750000000000096,54.222,55.18,52.92,0.7894909752492422,0.5479999999999997,2.259999999999998,0.5649999999999995,0.37286,0.4055,0.3386,0.02360505030708472,0.016680000000000007,0.06690000000000002,0.016725000000000004,0.04676,0.0476,0.0458,0.000640624695121879,-0.0004500000000000004,0.001800000000000003,0.00045000000000000075,60.10799999999999,60.54,60.0,0.21599999999999966,-0.10799999999999983,0.5399999999999991,0.1349999999999998
PR_NOR_NB_A_20250902-174607_01176.jpg,stream_images/PR_NOR_NB_A_20250902-174607_01176.jpg,2025-09-02 17:46:07,사전공정,정상,납부족 검사군,1176,R013403,24.25,24.3,24.28,24.23,24.19,47.15,47.06,46.62,46.73,46.48,0.2756,0.2512,0.2318,0.2078,0.2,0.0336,0.0359,0.0373,0.0395,0.04,69.69,68.81,68.05,67.24,66.37,24.25,46.808,0.23328,0.03726,68.03200000000001,2.107323812722984,2.7178417150592526,True,EWMA 상한 이탈,가속도,43.075934211568516,진동,40.2075707495969,컨베이어 이송계열 점검,24.25,24.3,24.19,0.03847076812334261,-0.018999999999999774,0.10999999999999943,0.040000000000000036,46.808,47.15,46.48,0.25670216204777224,-0.16700000000000087,0.6700000000000017,0.22250000000000014,0.23328,0.2756,0.2,0.027824765946904202,-0.019459999999999998,0.0756,0.0189,0.03726,0.04,0.0336,0.002356777460856244,0.0016400000000000004,0.006400000000000003,0.0016000000000000007,68.03200000000001,69.69,66.37,1.1613853796221123,-0.8209999999999994,3.319999999999993,0.8299999999999983
PR_NOR_NB_A_20250902-174643_01177.jpg,stream_images/PR_NOR_NB_A_20250902-174643_01177.jpg,2025-09-02 17:46:43,사전공정,정상,납부족 검사군,1177,R013404,23.16,23.0,23.0,23.0,23.0,47.94,48.31,48.7,48.75,49.18,0.2728,0.2544,0.2376,0.2184,0.2023,0.0151,0.0131,0.012,0.0106,0.01,69.76,68.96,67.89,66.69,65.68,23.032,48.576,0.2371,0.01216,67.796,2.5756838623411915,2.6894101445156404,True,EWMA 상한 이탈,온도,42.30303202278622,가속도,31.683443015736156,리플로우 오븐 점검,23.032,23.16,23.0,0.06400000000000006,-0.03200000000000003,0.16000000000000014,0.040000000000000036,48.576,49.18,47.94,0.4208847823335983,0.29200000000000015,1.240000000000002,0.3100000000000005,0.2371,0.2728,0.2023,0.025039009565076646,-0.017699999999999997,0.07049999999999998,0.017624999999999995,0.01216,0.0151,0.01,0.001824938355123263,-0.00127,0.0051,0.001275,67.796,69.76,65.68,1.4779526379420946,-1.0429999999999993,4.079999999999998,1.0199999999999996
PR_DEF_PB_A_20250902-174643_01703.jpg,stream_images/PR_DEF_PB_A_20250902-174643_01703.jpg,2025-09-02 17:46:43,사전공정,불량,납볼 검사군,1703,R011009,25.41,25.52,25.66,25.8,25.98,58.5,58.36,58.16,57.82,57.64,0.4444,0.4374,0.4356,0.4315,0.4311,0.0482,0.0476,0.0476,0.0467,0.0458,60.75,61.04,61.65,61.91,62.23,25.674,58.09599999999999,0.43600000000000005,0.04718,61.516,3.351511110854711,2.821830337783455,True,EWMA 상한 이탈,가속도,55.19781583826537,습도,17.034993499900224,컨베이어 이송계열 점검,25.674,25.98,25.41,0.20155396299750622,0.14200000000000018,0.5700000000000003,0.14250000000000007,58.09599999999999,58.5,57.64,0.3228374203836967,-0.2259999999999998,0.8599999999999994,0.21499999999999986,0.43600000000000005,0.4444,0.4311,0.004836114142573572,-0.0032500000000000085,0.013300000000000034,0.0033250000000000085,0.04718,0.0482,0.0458,0.0008400000000000007,-0.0005700000000000004,0.0023999999999999994,0.0005999999999999998,61.516,62.23,60.75,0.547050271912919,0.3829999999999991,1.4799999999999969,0.3699999999999992
PR_NOR_NB_A_20250902-174645_01178.jpg,stream_images/PR_NOR_NB_A_20250902-174645_01178.jpg,2025-09-02 17:46:45,사전공정,정상,납부족 검사군,1178,R013405,25.72,25.83,25.98,26.04,26.17,42.3,41.72,40.64,40.39,40.0,0.2679,0.2401,0.2104,0.2,0.2,0.0153,0.0148,0.0147,0.0143,0.0137,64.79,64.94,65.3,65.09,65.24,25.948,41.010000000000005,0.22368000000000002,0.01456,65.072,2.6304996352577703,2.783564197278318,True,EWMA 상한 이탈,습도,35.566670244019576,진동,30.05669369806935,자재 보관 환경 점검,25.948,26.17,25.72,0.15791136754521604,0.11100000000000065,0.45000000000000284,0.11250000000000071,41.010000000000005,42.3,40.0,0.8613477810965777,-0.5929999999999993,2.299999999999997,0.5749999999999993,0.22368000000000002,0.2679,0.2,0.026543805303686212,-0.01759,0.06790000000000002,0.016975000000000004,0.01456,0.0153,0.0137,0.0005351635264103858,-0.00036999999999999983,0.001599999999999999,0.00039999999999999975,65.072,65.3,64.79,0.1884038216172879,0.10499999999999829,0.5099999999999909,0.21749999999999403
PR_NOR_NB_A_20250902-174651_01179.jpg,stream_images/PR_NOR_NB_A_20250902-174651_01179.jpg,2025-09-02 17:46:51,사전공정,정상,납부족 검사군,1179,R013406,26.0,26.28,26.62,26.93,27.0,49.46,48.91,48.18,47.9,47.38,0.2333,0.241,0.2537,0.2649,0.2761,0.0259,0.0279,0.0299,0.0318,0.0335,73.59,72.4,71.39,70.28,68.96,26.566000000000003,48.366,0.2538,0.0298,71.32399999999998,2.048021462346031,2.636455650291861,False,,온도,43.562908535675874,진동,29.130435781525566,,26.566000000000003,27.0,26.0,0.3810301825315153,0.26499999999999985,1.0,0.25,48.366,49.46,47.38,0.7371187149977939,-0.5169999999999995,2.0799999999999983,0.5199999999999996,0.2538,0.2761,0.2333,0.015521597855891004,0.010950000000000005,0.042800000000000005,0.010700000000000001,0.0298,0.0335,0.0259,0.0027025913490574195,0.0019100000000000007,0.007600000000000003,0.0019000000000000006,71.32399999999998,73.59,68.96,1.6109202339035942,-1.1380000000000023,4.63000000000001,1.1575000000000024
PR_NOR_NB_A_20250902-174659_01180.jpg,stream_images/PR_NOR_NB_A_20250902-174659_01180.jpg,2025-09-02 17:46:59,사전공정,정상,납부족 검사군,1180,R013407,24.81,24.68,24.51,24.31,24.12,59.37,60.0,60.0,60.0,60.0,0.2783,0.2954,0.3041,0.3149,0.3306,0.0178,0.0176,0.018,0.018,0.0175,69.63,69.77,70.15,70.47,71.07,24.486,59.874,0.30466,0.01778,70.21799999999999,2.1012034296153996,2.529405206156569,False,,습도,65.45681878342789,가속도,15.266244569249057,,24.486,24.81,24.12,0.2482418175892204,-0.17499999999999966,0.6899999999999977,0.17249999999999943,59.874,60.0,59.37,0.252000000000001,0.1260000000000005,0.6300000000000026,0.15750000000000064,0.30466,0.3306,0.2783,0.01765588853612302,0.012410000000000004,0.05230000000000001,0.013075000000000003,0.01778,0.018,0.0175,0.00020396078054371014,-1.999999999999988e-05,0.000499999999999997,0.00027499999999999834,70.21799999999999,71.07,69.63,0.5177798760091001,0.3579999999999998,1.4399999999999977,0.35999999999999943
PR_NOR_NB_A_20250902-174707_01181.jpg,stream_images/PR_NOR_NB_A_20250902-174707_01181.jpg,2025-09-02 17:47:07,사전공정,정상,납부족 검사군,1181,R013408,25.33,25.51,25.61,25.74,25.87,53.13,53.7,54.13,54.25,54.79,0.247,0.2342,0.222,0.2161,0.2076,0.0362,0.035,0.0344,0.0338,0.0317,71.47,71.23,71.05,70.97,70.8,25.612000000000002,54.0,0.22538,0.03422000000000001,71.10400000000001,2.1396471536987622,2.451453595665008,False,,진동,44.81978620811279,가속도,23.801789220824162,,25.612000000000002,25.87,25.33,0.18594622878671174,0.13100000000000023,0.5400000000000027,0.13500000000000068,54.0,54.79,53.13,0.5568482737694341,0.386999999999999,1.6599999999999966,0.41499999999999915,0.22538,0.247,0.2076,0.013848378966507232,-0.009689999999999999,0.03939999999999999,0.009849999999999998,0.03422000000000001,0.0362,0.0317,0.0014891608375189045,-0.0010200000000000014,0.004500000000000004,0.001125000000000001,71.10400000000001,71.47,70.8,0.22939921534303578,-0.16000000000000086,0.6700000000000017,0.16750000000000043
PR_NOR_NB_A_20250902-174716_01182.jpg,stream_images/PR_NOR_NB_A_20250902-174716_01182.jpg,2025-09-02 17:47:16,사전공정,정상,납부족 검사군,1182,R013409,26.56,26.49,26.45,26.39,26.31,49.53,49.72,49.97,50.07,50.07,0.2295,0.2225,0.217,0.2204,0.2216,0.0351,0.0372,0.0382,0.0393,0.04,72.75,72.35,72.16,71.95,72.03,26.439999999999998,49.872,0.2222,0.03796,72.248,2.653155700593506,2.4917940166507075,False,,가속도,30.56731554987671,진동,30.553875899837003,,26.439999999999998,26.56,26.31,0.08532291603080594,-0.05999999999999979,0.25,0.0625,49.872,50.07,49.53,0.21357902518739968,0.14299999999999996,0.5399999999999991,0.1349999999999998,0.2222,0.2295,0.217,0.004099268227379129,-0.0017900000000000027,0.012500000000000011,0.004275000000000001,0.03796,0.04,0.0351,0.0017188368159892326,0.0011900000000000007,0.004900000000000002,0.0012250000000000004,72.248,72.75,71.95,0.28512453419514683,-0.18399999999999891,0.7999999999999972,0.21999999999999886
PR_DEF_PB_A_20250902-174722_01704.jpg,stream_images/PR_DEF_PB_A_20250902-174722_01704.jpg,2025-09-02 17:47:22,사전공정,불량,납볼 검사군,1704,R011010,23.04,23.0,23.0,23.0,23.0,44.96,45.54,46.13,46.47,47.1,0.483,0.5,0.5,0.5,0.5,0.0417,0.0414,0.042,0.0422,0.0426,71.61,72.17,72.81,73.93,74.95,23.008,46.04,0.49660000000000004,0.04198,73.094,3.3829603157166215,2.6700272764638906,True,EWMA 상한 이탈,가속도,32.145756122642865,온도,25.40263924145118,컨베이어 이송계열 점검,23.008,23.04,23.0,0.01599999999999966,-0.00799999999999983,0.03999999999999915,0.009999999999999787,46.04,47.1,44.96,0.7393240155709812,0.5210000000000001,2.1400000000000006,0.5350000000000001,0.49660000000000004,0.5,0.483,0.006800000000000006,0.003400000000000003,0.017000000000000015,0.004250000000000004,0.04198,0.0426,0.0414,0.00041182520563947994,0.0002599999999999998,0.0011999999999999997,0.00037500000000000033,73.094,74.95,71.61,1.206674769770216,0.8440000000000012,3.3400000000000034,0.8350000000000009
PR_DEF_PB_A_20250902-174729_01705.jpg,stream_images/PR_DEF_PB_A_20250902-174729_01705.jpg,2025-09-02 17:47:29,사전공정,불량,납볼 검사군,1705,R011011,23.18,23.36,23.55,23.77,24.0,61.07,60.92,60.79,60.54,60.51,0.3994,0.4228,0.4492,0.4702,0.4909,0.0136,0.0153,0.0165,0.0169,0.019,61.89,62.53,63.56,64.06,64.81,23.572,60.766,0.4465,0.01626,63.370000000000005,2.816286170521498,2.699279055275412,True,EWMA 상한 이탈,습도,43.0663324077192,온도,18.632907520496047,자재 보관 환경 점검,23.572,24.0,23.18,0.290337734371542,0.20500000000000007,0.8200000000000003,0.20500000000000007,60.766,61.07,60.51,0.21601851772475528,-0.15000000000000072,0.5600000000000023,0.14000000000000057,0.4465,0.4909,0.3994,0.03262036173925729,0.023040000000000005,0.09150000000000003,0.022875000000000006,0.01626,0.019,0.0136,0.0017872884490199113,0.00124,0.0054,0.00135,63.370000000000005,64.81,61.89,1.0470721083096435,0.7370000000000004,2.9200000000000017,0.7300000000000004
PR_NOR_NB_A_20250902-174742_01183.jpg,stream_images/PR_NOR_NB_A_20250902-174742_01183.jpg,2025-09-02 17:47:42,사전공정,정상,납부족 검사군,1183,R013410,26.71,26.79,26.89,27.0,27.0,43.49,43.34,43.44,43.58,43.55,0.4202,0.4169,0.4176,0.4162,0.409,0.0191,0.0175,0.0162,0.0146,0.0128,65.11,64.47,63.87,62.92,62.41,26.877999999999997,43.480000000000004,0.41597999999999996,0.016040000000000002,63.75599999999999,2.4905190955732386,2.6575270633349772,False,,온도,41.886553271949,습도,20.94803105688848,,26.877999999999997,27.0,26.71,0.11478675881825384,0.07899999999999992,0.28999999999999915,0.07249999999999979,43.480000000000004,43.58,43.34,0.08508818954472885,0.03599999999999852,0.23999999999999488,0.10499999999999865,0.41597999999999996,0.4202,0.409,0.0037429400208926827,-0.0023100000000000065,0.011200000000000043,0.0031500000000000278,0.016040000000000002,0.0191,0.0128,0.0021950854197502197,-0.0015499999999999997,0.006299999999999998,0.0015749999999999996,63.75599999999999,65.11,62.41,0.9865819783474663,-0.6950000000000003,2.700000000000003,0.6750000000000007
PR_DEF_PB_A_20250902-174750_01706.jpg,stream_images/PR_DEF_PB_A_20250902-174750_01706.jpg,2025-09-02 17:47:50,사전공정,불량,납볼 검사군,1706,R011012,23.38,23.05,23.0,23.0,23.0,47.7,47.06,47.1,46.51,46.08,0.5943,0.587,0.5779,0.5679,0.5573,0.0223,0.0211,0.0194,0.0183,0.0163,70.99,72.14,72.85,73.72,74.54,23.086000000000002,46.89,0.57688,0.019479999999999997,72.848,3.393533379729104,2.8047283266138026,True,EWMA 상한 이탈,진동,57.38896898403551,온도,23.426206539926103,실장 설비(마운터) 점검,23.086000000000002,23.38,23.0,0.1482700239428047,-0.08099999999999988,0.379999999999999,0.09499999999999975,46.89,47.7,46.08,0.5531003525581972,-0.37900000000000134,1.6200000000000045,0.4250000000000007,0.57688,0.5943,0.5573,0.01319793923307727,-0.009310000000000008,0.03700000000000003,0.009250000000000008,0.019479999999999997,0.0223,0.0163,0.0021018087448671447,-0.0014800000000000004,0.006000000000000002,0.0015000000000000005,72.848,74.54,70.99,1.2309898456120616,0.8680000000000021,3.5500000000000114,0.8875000000000028
PR_DEF_PB_A_20250902-174750_01707.jpg,stream_images/PR_DEF_PB_A_20250902-174750_01707.jpg,2025-09-02 17:47:50,사전공정,불량,납볼 검사군,1707,R011013,23.7,23.91,24.13,24.28,24.46,70.71,70.53,70.03,69.1,68.38,0.2727,0.2982,0.3261,0.3564,0.3848,0.0194,0.018,0.0171,0.0163,0.016,71.18,70.17,69.08,67.77,66.55,24.095999999999997,69.75,0.32764000000000004,0.01736,68.95,3.625812798599728,2.968945221010988,True,EWMA+단일점,습도,88.41112077150203,가속도,5.725470198432489,자재 보관 환경 점검,24.095999999999997,24.46,23.7,0.26792536274119383,0.18900000000000042,0.7600000000000016,0.1900000000000004,69.75,70.71,68.38,0.8840588215724121,-0.6090000000000003,2.3299999999999983,0.5824999999999996,0.32764000000000004,0.3848,0.2727,0.03995470435380544,0.028239999999999994,0.11209999999999998,0.028024999999999994,0.01736,0.0194,0.016,0.0012338557452149746,-0.0008500000000000001,0.0034000000000000002,0.0008500000000000001,68.95,71.18,66.55,1.6510966052899543,-1.1660000000000026,4.63000000000001,1.1575000000000024
PR_DEF_PB_A_20250902-174758_01708.jpg,stream_images/PR_DEF_PB_A_20250902-174758_01708.jpg,2025-09-02 17:47:58,사전공정,불량,납볼 검사군,1708,R011014,23.19,23.17,23.2,23.25,23.29,41.12,42.19,43.06,43.52,44.24,0.2289,0.2033,0.2,0.2,0.2,0.0419,0.0408,0.0402,0.04,0.04,63.58,63.4,63.74,64.19,64.23,23.22,42.82600000000001,0.20644,0.04058,63.827999999999996,3.2316527788315152,3.0214867325750934,True,EWMA 상한 이탈,가속도,29.754833596052443,진동,25.89760702976492,컨베이어 이송계열 점검,23.22,23.29,23.17,0.04381780460041251,0.027999999999999404,0.11999999999999744,0.034999999999999254,42.82600000000001,44.24,41.12,1.0817319446147482,0.7570000000000014,3.1200000000000045,0.7800000000000011,0.20644,0.2289,0.2,0.011302495299711468,-0.006109999999999996,0.02889999999999998,0.007224999999999995,0.04058,0.0419,0.04,0.0007222188034107115,-0.00046,0.001899999999999999,0.00047499999999999973,63.827999999999996,64.23,63.4,0.33017571079654034,0.20900000000000105,0.8300000000000054,0.2525000000000013
PR_DEF_PB_A_20250902-174827_01709.jpg,stream_images/PR_DEF_PB_A_20250902-174827_01709.jpg,2025-09-02 17:48:27,사전공정,불량,납볼 검사군,1709,R011015,24.17,23.87,23.62,23.3,23.02,46.97,46.56,46.21,46.3,45.81,0.4169,0.4465,0.4705,0.4965,0.5,0.0474,0.0472,0.0465,0.0468,0.0469,60.64,60.07,60.0,60.0,60.0,23.596,46.370000000000005,0.46608,0.04696,60.14200000000001,3.545280009934374,3.12624538804695,True,EWMA 상한 이탈,가속도,48.988498416144026,소음,22.705484570894058,컨베이어 이송계열 점검,23.596,24.17,23.02,0.4060837352074083,-0.2870000000000005,1.1500000000000021,0.28750000000000053,46.370000000000005,46.97,45.81,0.3847596652457212,-0.25799999999999984,1.1599999999999966,0.3349999999999973,0.46608,0.5,0.4169,0.031297054174474634,0.02162,0.08310000000000001,0.020775000000000002,0.04696,0.0474,0.0465,0.0003136877428271617,-0.00013999999999999985,0.000899999999999998,0.0003249999999999989,60.14200000000001,60.64,60.0,0.2504715552712525,-0.13500000000000015,0.6400000000000006,0.16000000000000014
PR_NOR_NB_A_20250902-174832_01184.jpg,stream_images/PR_NOR_NB_A_20250902-174832_01184.jpg,2025-09-02 17:48:32,사전공정,정상,납부족 검사군,1184,R013411,23.07,23.0,23.0,23.0,23.0,54.36,54.69,54.84,54.77,54.78,0.4589,0.4668,0.4812,0.4834,0.4935,0.0315,0.0339,0.0372,0.0395,0.04,68.77,69.79,71.01,72.05,73.23,23.014,54.688,0.47675999999999996,0.03642,70.97,2.799461157973338,3.060888542032228,True,EWMA 상한 이탈,온도,36.775141509557024,진동,25.924892702724883,리플로우 오븐 점검,23.014,23.07,23.0,0.028000000000000115,-0.014000000000000058,0.07000000000000028,0.01750000000000007,54.688,54.84,54.36,0.17080983578237063,0.09200000000000089,0.480000000000004,0.14000000000000057,0.47675999999999996,0.4935,0.4589,0.012346756659139283,0.008580000000000004,0.03460000000000002,0.008650000000000005,0.03642,0.04,0.0315,0.0032701070318874883,0.0022600000000000003,0.0085,0.002125,70.97,73.23,68.77,1.5816447135814045,1.1180000000000008,4.460000000000008,1.115000000000002
PR_DEF_PB_A_20250902-174842_01710.jpg,stream_images/PR_DEF_PB_A_20250902-174842_01710.jpg,2025-09-02 17:48:42,사전공정,불량,납볼 검사군,1710,R011016,24.13,24.36,24.58,24.88,25.19,45.06,45.79,46.6,47.13,47.65,0.531,0.5287,0.5231,0.5216,0.5227,0.0177,0.0186,0.0195,0.022,0.0231,68.23,66.82,65.66,64.59,63.44,24.627999999999997,46.446,0.5254199999999999,0.02018,65.748,2.213933690067248,2.891497571639232,True,EWMA 상한 이탈,진동,80.31502880917655,습도,8.11678993317331,실장 설비(마운터) 점검,24.627999999999997,25.19,24.13,0.3745610764615038,0.2640000000000004,1.0600000000000023,0.26500000000000057,46.446,47.65,45.06,0.9265549093280977,0.6519999999999996,2.5899999999999963,0.6474999999999991,0.5254199999999999,0.531,0.5216,0.003722042450053465,-0.0023699999999999945,0.009400000000000075,0.002625000000000044,0.02018,0.0231,0.0177,0.0020468512403201164,0.0014199999999999998,0.0053999999999999986,0.0013499999999999996,65.748,68.23,63.44,1.672428174840403,-1.1810000000000003,4.790000000000006,1.1975000000000016
PR_DEF_PB_A_20250902-174850_01711.jpg,stream_images/PR_DEF_PB_A_20250902-174850_01711.jpg,2025-09-02 17:48:50,사전공정,불량,납볼 검사군,1711,R011017,24.8,24.46,24.22,23.91,23.57,54.14,54.43,54.67,54.72,54.8,0.4699,0.4728,0.4754,0.4788,0.4795,0.0402,0.04,0.0405,0.0404,0.0403,68.85,69.55,70.34,71.3,72.03,24.192,54.552,0.47528,0.040279999999999996,70.41399999999999,2.5418837535289938,2.8215748080171847,True,EWMA 상한 이탈,가속도,45.893557740527484,진동,30.661645449560233,컨베이어 이송계열 점검,24.192,24.8,23.57,0.42630505509552685,-0.30100000000000016,1.2300000000000004,0.3075000000000001,54.552,54.8,54.14,0.24011663832396046,0.16099999999999923,0.6599999999999966,0.16499999999999915,0.47528,0.4795,0.4699,0.003614083562952026,0.00252,0.009599999999999997,0.0023999999999999994,0.040279999999999996,0.0405,0.04,0.00017204650534085247,6.0000000000000334e-05,0.0005000000000000004,0.0002249999999999995,70.41399999999999,72.03,68.85,1.1484354574811788,0.8110000000000014,3.180000000000007,0.7950000000000017
PR_DEF_PB_A_20250902-174855_01712.jpg,stream_images/PR_DEF_PB_A_20250902-174855_01712.jpg,2025-09-02 17:48:55,사전공정,불량,납볼 검사군,1712,R011018,26.4,26.57,26.66,26.82,27.0,48.81,49.21,49.81,50.34,50.81,0.5354,0.5402,0.5471,0.5516,0.5596,0.0155,0.0139,0.0119,0.0103,0.01,73.45,73.94,74.63,75.0,75.0,26.689999999999998,49.79600000000001,0.54678,0.012320000000000001,74.404,3.4122144044708564,2.9397027273079193,True,EWMA 상한 이탈,진동,42.45631733574904,소음,21.46713987795837,실장 설비(마운터) 점검,26.689999999999998,27.0,26.4,0.20610676844781242,0.1450000000000003,0.6000000000000014,0.15000000000000036,49.79600000000001,50.81,48.81,0.7266250752623395,0.5130000000000002,2.0,0.5,0.54678,0.5596,0.5354,0.008491030561716281,0.005979999999999997,0.0242,0.00605,0.012320000000000001,0.0155,0.01,0.0021094074997496334,-0.00146,0.0055,0.001375,74.404,75.0,73.45,0.6143158796580135,0.41599999999999965,1.5499999999999972,0.3874999999999993
PR_NOR_NB_A_20250902-174924_01185.jpg,stream_images/PR_NOR_NB_A_20250902-174924_01185.jpg,2025-09-02 17:49:24,사전공정,정상,납부족 검사군,1185,R013412,24.52,24.32,24.21,24.04,23.88,41.37,42.5,43.44,44.23,44.8,0.353,0.3712,0.3988,0.4205,0.4377,0.0354,0.0365,0.0373,0.0372,0.0379,71.86,72.86,73.87,75.0,75.0,24.194,43.267999999999994,0.39624,0.03685999999999999,73.718,2.432653372164853,2.838292856279306,True,EWMA 상한 이탈,소음,34.05206790688495,가속도,30.131057857166194,설비 가동 소음원 점검,24.194,24.52,23.88,0.22123290894439765,-0.15600000000000022,0.6400000000000006,0.16000000000000014,43.267999999999994,44.8,41.37,1.2242777462651189,0.8589999999999997,3.4299999999999997,0.8574999999999999,0.39624,0.4377,0.353,0.03101848481147975,0.02187,0.0847,0.021175,0.03685999999999999,0.0379,0.0354,0.0008546344247688602,0.0005700000000000004,0.0025000000000000022,0.000675000000000002,73.718,75.0,71.86,1.2246207576225387,0.8420000000000002,3.1400000000000006,0.7850000000000001
PR_DEF_PB_A_20250902-174925_01713.jpg,stream_images/PR_DEF_PB_A_20250902-174925_01713.jpg,2025-09-02 17:49:25,사전공정,불량,납볼 검사군,1713,R011019,23.42,23.31,23.19,23.09,23.03,43.58,44.24,44.9,45.36,45.96,0.2369,0.2504,0.2583,0.2626,0.2721,0.0247,0.0246,0.0236,0.0227,0.022,82.03,82.55,83.46,84.0,84.61,23.208000000000002,44.808,0.25606,0.023519999999999996,83.33,4.158205902494239,3.102275465522293,True,EWMA+단일점,소음,75.02570793301635,온도,13.41207982953968,설비 가동 소음원 점검,23.208000000000002,23.42,23.03,0.14232357499725762,-0.1,0.39000000000000057,0.09750000000000014,44.808,45.96,43.58,0.8331722510981752,0.5880000000000003,2.3800000000000026,0.5950000000000006,0.25606,0.2721,0.2369,0.01186770407450405,0.00826,0.03520000000000001,0.008800000000000002,0.023519999999999996,0.0247,0.022,0.0010533755265810956,-0.0007300000000000001,0.002700000000000001,0.0006750000000000003,83.33,84.61,82.03,0.9383602719638123,0.6609999999999999,2.5799999999999983,0.6449999999999996
PR_DEF_PB_A_20250902-174937_01714.jpg,stream_images/PR_DEF_PB_A_20250902-174937_01714.jpg,2025-09-02 17:49:37,사전공정,불량,납볼 검사군,1714,R011020,26.41,26.54,26.78,26.99,27.0,65.45,66.14,66.29,66.46,66.93,0.3975,0.4187,0.4365,0.4561,0.4768,0.0132,0.0113,0.01,0.01,0.01,66.13,65.11,63.94,62.85,61.88,26.744,66.25399999999999,0.43712,0.010900000000000002,63.982000000000006,3.7775042349474224,3.2373212194073187,True,EWMA+단일점,습도,55.09103488739531,가속도,17.890134561371987,자재 보관 환경 점검,26.744,27.0,26.41,0.23686282950264675,0.1629999999999999,0.5899999999999999,0.14749999999999996,66.25399999999999,66.93,65.45,0.48168869615136334,0.3280000000000001,1.480000000000004,0.370000000000001,0.43712,0.4768,0.3975,0.02772784881666805,0.019599999999999996,0.07929999999999998,0.019824999999999995,0.010900000000000002,0.0132,0.01,0.001255388386118017,-0.0007699999999999999,0.0031999999999999997,0.0007999999999999999,63.982000000000006,66.13,61.88,1.5223586962342326,-1.0759999999999983,4.249999999999993,1.0624999999999982
PR_NOR_NB_A_20250902-174945_01186.jpg,stream_images/PR_NOR_NB_A_20250902-174945_01186.jpg,2025-09-02 17:49:45,사전공정,정상,납부족 검사군,1186,R013413,23.73,23.82,23.89,23.9,23.98,44.88,45.11,45.58,45.99,46.36,0.4478,0.4559,0.4603,0.4717,0.4748,0.0341,0.0356,0.0379,0.0397,0.04,68.88,68.82,68.25,68.11,68.02,23.864,45.584,0.46209999999999996,0.03746,68.416,2.2731542004094196,3.044487815607739,True,EWMA 상한 이탈,가속도,38.342736746366526,진동,30.818360545251622,컨베이어 이송계열 점검,23.864,23.98,23.73,0.08404760555780263,0.05799999999999983,0.25,0.0625,45.584,46.36,44.88,0.5454026035874779,0.3839999999999996,1.4799999999999969,0.3699999999999992,0.46209999999999996,0.4748,0.4478,0.009996199277725515,0.006980000000000003,0.027000000000000024,0.006750000000000006,0.03746,0.04,0.0341,0.0022983472322519074,0.0015900000000000005,0.0059000000000000025,0.0014750000000000006,68.416,68.88,68.02,0.36235893807107716,-0.24299999999999927,0.8599999999999994,0.21499999999999986
PR_DEF_PB_A_20250902-175002_01715.jpg,stream_images/PR_DEF_PB_A_20250902-175002_01715.jpg,2025-09-02 17:50:02,사전공정,불량,납볼 검사군,1715,R011021,24.2,24.37,24.58,24.74,24.99,48.69,48.61,48.64,48.46,48.14,0.2465,0.2475,0.2496,0.2484,0.253,0.0289,0.0305,0.0317,0.0333,0.0343,84.49,84.21,83.71,83.6,83.4,24.576,48.508,0.24900000000000003,0.03174,83.88199999999999,4.012681245769445,3.2381265016400804,True,EWMA+단일점,소음,86.91785098085212,진동,8.280221908014768,설비 가동 소음원 점검,24.576,24.99,24.2,0.27644891028904356,0.19499999999999956,0.7899999999999991,0.1974999999999998,48.508,48.69,48.14,0.1993389073914065,-0.12499999999999929,0.5499999999999972,0.15249999999999986,0.24900000000000003,0.253,0.2465,0.002245885126180768,0.0013900000000000023,0.006500000000000006,0.002224999999999991,0.03174,0.0343,0.0289,0.0019283153269110322,0.00136,0.0053999999999999986,0.0013499999999999996,83.88199999999999,84.49,83.4,0.40464305257843974,-0.2789999999999978,1.0899999999999892,0.2724999999999973
PR_DEF_PB_A_20250902-175035_01716.jpg,stream_images/PR_DEF_PB_A_20250902-175035_01716.jpg,2025-09-02 17:50:35,사전공정,불량,납볼 검사군,1716,R011022,26.05,26.06,26.07,26.09,26.08,40.62,41.17,41.75,42.55,43.55,0.5182,0.5082,0.5,0.5,0.5,0.036,0.0384,0.04,0.04,0.04,62.01,62.13,62.49,62.98,63.28,26.070000000000004,41.928,0.50528,0.038880000000000005,62.577999999999996,3.094079590553588,3.2093171194227823,True,EWMA 상한 이탈,진동,31.76291781061557,가속도,25.440611336122032,실장 설비(마운터) 점검,26.070000000000004,26.09,26.05,0.01414213562373065,0.00899999999999963,0.03999999999999915,0.012500000000000178,41.928,43.55,40.62,1.0329453034890077,0.7239999999999995,2.9299999999999997,0.7324999999999999,0.50528,0.5182,0.5,0.007198444276369718,-0.004459999999999997,0.018199999999999994,0.0045499999999999985,0.038880000000000005,0.04,0.036,0.0015676734353812355,0.0009600000000000011,0.0040000000000000036,0.0010000000000000009,62.577999999999996,63.28,62.01,0.4869250455665633,0.3390000000000001,1.2700000000000031,0.3175000000000008
PR_DEF_PB_A_20250902-175035_01717.jpg,stream_images/PR_DEF_PB_A_20250902-175035_01717.jpg,2025-09-02 17:50:35,사전공정,불량,납볼 검사군,1717,R011023,26.08,25.98,25.81,25.64,25.44,56.38,55.99,55.72,55.52,55.41,0.2487,0.2292,0.2121,0.2,0.2,0.0458,0.0455,0.0445,0.0437,0.0434,60.03,60.18,60.22,60.78,61.14,25.790000000000003,55.803999999999995,0.21799999999999997,0.044579999999999995,60.470000000000006,3.3520883398827843,3.237871363514783,True,EWMA 상한 이탈,가속도,43.55052393076909,소음,23.19015247353022,컨베이어 이송계열 점검,25.790000000000003,26.08,25.44,0.2304777646542061,-0.1619999999999994,0.639999999999997,0.15999999999999925,55.803999999999995,56.38,55.41,0.3490902462114932,-0.24100000000000107,0.970000000000006,0.2425000000000015,0.21799999999999997,0.2487,0.2,0.018712241982189088,-0.012659999999999996,0.04869999999999999,0.012174999999999998,0.044579999999999995,0.0458,0.0434,0.0009495261976375367,-0.0006599999999999995,0.0023999999999999994,0.0005999999999999998,60.470000000000006,61.14,60.03,0.4207612149426326,0.28200000000000003,1.1099999999999994,0.27749999999999986
PR_DEF_PB_A_20250902-175036_01718.jpg,stream_images/PR_DEF_PB_A_20250902-175036_01718.jpg,2025-09-02 17:50:36,사전공정,불량,납볼 검사군,1718,R011024,23.92,23.85,23.77,23.71,23.65,44.69,45.3,45.55,46.47,47.0,0.3226,0.2991,0.2726,0.248,0.2183,0.0469,0.0455,0.0449,0.0451,0.0449,61.59,60.42,60.0,60.0,60.0,23.78,45.802,0.27212,0.04546,60.402,3.2378906719726763,3.237875225206362,True,EWMA 상한 이탈,가속도,51.19902906569658,소음,25.448527977076278,컨베이어 이송계열 점검,23.78,23.92,23.65,0.09633275663033934,-0.06800000000000068,0.2700000000000031,0.06750000000000078,45.802,47.0,44.69,0.8286712255170935,0.5790000000000006,2.3100000000000023,0.5775000000000006,0.27212,0.3226,0.2183,0.03675526628933601,-0.02597,0.1043,0.026075,0.04546,0.0469,0.0449,0.0007525955088890692,-0.0004399999999999987,0.001999999999999995,0.0005999999999999981,60.402,61.59,60.0,0.6158701161771056,-0.3600000000000009,1.5900000000000034,0.39750000000000085
PR_NOR_NB_A_20250902-175042_01187.jpg,stream_images/PR_NOR_NB_A_20250902-175042_01187.jpg,2025-09-02 17:50:42,사전공정,정상,납부족 검사군,1187,R013414,24.71,24.92,25.06,25.13,25.24,55.03,55.49,56.5,57.33,57.99,0.2592,0.2626,0.2649,0.271,0.2793,0.0224,0.0236,0.0241,0.0245,0.0253,64.61,63.54,62.17,60.87,60.0,25.011999999999997,56.468,0.2674,0.023979999999999998,62.238,1.8951483410351186,2.969329848372113,True,EWMA 상한 이탈,소음,40.49360553941555,습도,34.1300960971094,설비 가동 소음원 점검,25.011999999999997,25.24,24.71,0.1832375507367407,0.12699999999999925,0.5299999999999976,0.1324999999999994,56.468,57.99,55.03,1.1031663519161556,0.7759999999999998,2.960000000000001,0.7400000000000002,0.2674,0.2793,0.2592,0.007086607086610631,0.004860000000000003,0.020100000000000007,0.005025000000000002,0.023979999999999998,0.0253,0.0224,0.000966229786334493,0.0006700000000000001,0.0029,0.000725,62.238,64.61,60.0,1.685602562883671,-1.189,4.609999999999999,1.1524999999999999
PR_NOR_NB_A_20250902-175049_01188.jpg,stream_images/PR_NOR_NB_A_20250902-175049_01188.jpg,2025-09-02 17:50:49,사전공정,정상,납부족 검사군,1188,R013415,24.49,24.38,24.31,24.14,24.01,40.24,40.59,41.21,41.64,42.08,0.2456,0.2425,0.2323,0.2201,0.2086,0.0104,0.0114,0.0113,0.0112,0.0119,66.31,65.61,65.33,64.9,64.08,24.266,41.152,0.22981999999999997,0.01124,65.246,2.712751349047976,2.918014148507286,True,EWMA 상한 이탈,가속도,33.01003687198919,습도,32.43056718933111,컨베이어 이송계열 점검,24.266,24.49,24.01,0.17118411141224413,-0.11999999999999922,0.4799999999999969,0.11999999999999922,41.152,42.08,40.24,0.6708621318870204,0.472999999999999,1.8399999999999963,0.4599999999999991,0.22981999999999997,0.2456,0.2086,0.013861515068707317,-0.009640000000000001,0.037000000000000005,0.009250000000000001,0.01124,0.0119,0.0104,0.0004841487374764086,0.0002800000000000002,0.0015000000000000013,0.0004750000000000006,65.246,66.31,64.08,0.7417438911106723,-0.5170000000000001,2.230000000000004,0.557500000000001
PR_NOR_NB_A_20250902-175054_01189.jpg,stream_images/PR_NOR_NB_A_20250902-175054_01189.jpg,2025-09-02 17:50:54,사전공정,정상,납부족 검사군,1189,R013416,23.42,23.55,23.66,23.76,23.89,43.38,44.2,44.93,45.56,46.34,0.3181,0.305,0.2942,0.2828,0.2724,0.0385,0.0378,0.0372,0.0365,0.036,74.09,73.11,72.24,71.32,70.23,23.656,44.882000000000005,0.2945,0.0372,72.19800000000001,2.357547395862989,2.8059207979784264,True,EWMA 상한 이탈,가속도,33.897974581509615,온도,23.590583605391924,컨베이어 이송계열 점검,23.656,23.89,23.42,0.16280049139974956,0.11499999999999985,0.46999999999999886,0.11749999999999972,44.882000000000005,46.34,43.38,1.0304251549724515,0.7280000000000001,2.960000000000001,0.7400000000000002,0.2945,0.3181,0.2724,0.016078557149197193,-0.011360000000000004,0.04570000000000002,0.011425000000000005,0.0372,0.0385,0.036,0.0008921883209278194,-0.0006300000000000007,0.0025000000000000022,0.0006250000000000006,72.19800000000001,74.09,70.23,1.3458885540786807,-0.9510000000000005,3.8599999999999994,0.9649999999999999
PR_DEF_PB_A_20250902-175111_01719.jpg,stream_images/PR_DEF_PB_A_20250902-175111_01719.jpg,2025-09-02 17:51:11,사전공정,불량,납볼 검사군,1719,R011025,25.82,25.88,25.96,26.06,26.08,58.98,59.25,59.69,60.0,60.0,0.5537,0.5618,0.565,0.5703,0.5771,0.0156,0.013,0.0117,0.01,0.01,65.62,65.47,65.31,65.06,64.99,25.96,59.58399999999999,0.56558,0.012060000000000001,65.29,3.421655876522435,2.9290678136872286,True,EWMA 상한 이탈,진동,50.429374440469665,습도,23.167033271903197,실장 설비(마운터) 점검,25.96,26.08,25.82,0.10039920318408849,0.06999999999999958,0.259999999999998,0.0649999999999995,59.58399999999999,60.0,58.98,0.40834299308302163,0.27900000000000064,1.0200000000000031,0.2550000000000008,0.56558,0.5771,0.5537,0.007883501760004878,0.005530000000000002,0.023399999999999976,0.005849999999999994,0.012060000000000001,0.0156,0.01,0.0020991426821443076,-0.0014199999999999998,0.005599999999999999,0.0013999999999999998,65.29,65.62,64.99,0.23857912733514838,-0.1670000000000016,0.6300000000000097,0.15750000000000242
PR_DEF_PB_A_20250902-175120_01720.jpg,stream_images/PR_DEF_PB_A_20250902-175120_01720.jpg,2025-09-02 17:51:20,사전공정,불량,납볼 검사군,1720,R011026,26.04,26.12,26.16,26.24,26.27,42.9,42.37,41.61,41.27,40.43,0.3254,0.3216,0.3215,0.3273,0.3244,0.0449,0.0444,0.0445,0.0439,0.0437,62.71,63.11,62.96,62.51,62.48,26.165999999999997,41.716,0.32404,0.04428,62.754,3.020898884834849,2.947434027916753,True,EWMA 상한 이탈,가속도,51.88900446170346,습도,22.9975370029514,컨베이어 이송계열 점검,26.165999999999997,26.27,26.04,0.08284926070883168,0.05799999999999983,0.23000000000000043,0.05750000000000011,41.716,42.9,40.43,0.859478911899529,-0.6039999999999992,2.469999999999999,0.6174999999999997,0.32404,0.3273,0.3215,0.0022366045694310797,0.0003699999999999981,0.005799999999999972,0.003149999999999986,0.04428,0.0449,0.0437,0.0004308131845707599,-0.00029,0.0011999999999999997,0.0003499999999999979,62.754,63.11,62.48,0.24727312834192178,-0.10600000000000094,0.6300000000000026,0.2575000000000003
PR_DEF_PB_A_20250902-175138_01721.jpg,stream_images/PR_DEF_PB_A_20250902-175138_01721.jpg,2025-09-02 17:51:38,사전공정,불량,납볼 검사군,1721,R011027,26.19,26.31,26.36,26.4,26.48,47.62,47.03,46.62,46.08,45.37,0.3336,0.3366,0.3437,0.3495,0.3537,0.0473,0.0475,0.0474,0.047,0.0466,63.25,63.49,63.65,63.78,63.79,26.347999999999995,46.544000000000004,0.34341999999999995,0.047159999999999994,63.592000000000006,2.961963446434898,2.950339911620382,True,EWMA 상한 이탈,가속도,71.16029836666304,온도,15.33870743192173,컨베이어 이송계열 점검,26.347999999999995,26.48,26.19,0.09662297863344893,0.06699999999999981,0.28999999999999915,0.07249999999999979,46.544000000000004,47.62,45.37,0.7737338043539267,-0.5450000000000003,2.25,0.5625,0.34341999999999995,0.3537,0.3336,0.007558677132938008,0.005309999999999998,0.020100000000000007,0.005025000000000002,0.047159999999999994,0.0475,0.0466,0.00032619012860600087,-0.0001899999999999999,0.000899999999999998,0.0002749999999999992,63.592000000000006,63.79,63.25,0.2026228022706228,0.13699999999999973,0.5399999999999991,0.1349999999999998
PR_NOR_NB_A_20250902-175152_01190.jpg,stream_images/PR_NOR_NB_A_20250902-175152_01190.jpg,2025-09-02 17:51:52,사전공정,정상,납부족 검사군,1190,R013417,23.37,23.52,23.64,23.79,23.9,42.77,42.22,41.62,40.8,40.42,0.2343,0.2156,0.2,0.2,0.2,0.0328,0.0314,0.0293,0.0267,0.0255,60.13,60.0,60.0,60.0,60.0,23.644,41.56600000000001,0.20998,0.02914,60.025999999999996,3.0529581751117796,2.9708635643186616,True,EWMA 상한 이탈,소음,31.848366033215715,진동,27.7285623091671,설비 가동 소음원 점검,23.644,23.9,23.37,0.18831887850133272,0.13299999999999948,0.5299999999999976,0.1324999999999994,41.56600000000001,42.77,40.42,0.8695194074889883,-0.6120000000000004,2.3500000000000014,0.5875000000000004,0.20998,0.2343,0.2,0.013578276768426836,-0.00842,0.0343,0.008575,0.02914,0.0328,0.0255,0.002747071167625623,-0.0019300000000000005,0.007300000000000004,0.001825000000000001,60.025999999999996,60.13,60.0,0.052000000000001025,-0.026000000000000512,0.13000000000000256,0.03250000000000064
PR_NOR_NB_A_20250902-175214_01191.jpg,stream_images/PR_NOR_NB_A_20250902-175214_01191.jpg,2025-09-02 17:52:14,사전공정,정상,납부족 검사군,1191,R013418,24.67,24.42,24.16,23.91,23.68,47.21,47.0,47.15,47.1,47.03,0.4925,0.4893,0.4897,0.4889,0.4857,0.0147,0.0163,0.0172,0.0191,0.0216,63.89,63.26,61.76,60.44,60.0,24.168,47.098,0.48922,0.01778,61.870000000000005,2.3700407577786926,2.850699003010668,True,EWMA 상한 이탈,진동,44.117373753376,소음,29.992973680010753,실장 설비(마운터) 점검,24.168,24.67,23.68,0.35221584291454094,-0.24900000000000055,0.990000000000002,0.2475000000000005,47.098,47.21,47.0,0.07678541528180974,-0.0259999999999998,0.21000000000000085,0.11999999999999922,0.48922,0.4925,0.4857,0.0021673947494630433,-0.0013999999999999956,0.006799999999999973,0.001899999999999999,0.01778,0.0216,0.0147,0.0023810921863716243,0.0016600000000000005,0.006900000000000002,0.0017250000000000004,61.870000000000005,63.89,60.0,1.5209470733723778,-1.06,3.8900000000000006,0.9725000000000001
PR_NOR_NB_A_20250902-175232_01192.jpg,stream_images/PR_NOR_NB_A_20250902-175232_01192.jpg,2025-09-02 17:52:32,사전공정,정상,납부족 검사군,1192,R013419,25.2,25.5,25.76,26.14,26.45,59.96,60.0,60.0,60.0,60.0,0.3445,0.3172,0.2882,0.2582,0.2296,0.0213,0.0194,0.0171,0.0161,0.014,71.36,72.81,74.11,75.0,75.0,25.810000000000002,59.992000000000004,0.28754,0.017580000000000002,73.656,2.5964124480506343,2.799841692018661,True,EWMA 상한 이탈,습도,44.42638864738739,소음,29.74159981359688,자재 보관 환경 점검,25.810000000000002,26.45,25.2,0.44479208626053596,0.31400000000000006,1.25,0.3125,59.992000000000004,60.0,59.96,0.01599999999999966,0.00799999999999983,0.03999999999999915,0.009999999999999787,0.28754,0.3445,0.2296,0.04084720798292093,-0.028879999999999996,0.11489999999999997,0.028724999999999994,0.017580000000000002,0.0213,0.014,0.0025451129640941283,-0.00179,0.007299999999999999,0.0018249999999999998,73.656,75.0,71.36,1.400437074630631,0.9469999999999998,3.6400000000000006,0.9100000000000001
PR_NOR_NB_A_20250902-175254_01193.jpg,stream_images/PR_NOR_NB_A_20250902-175254_01193.jpg,2025-09-02 17:52:54,사전공정,정상,납부족 검사군,1193,R013420,23.3,23.14,23.03,23.0,23.0,44.29,43.85,43.48,42.74,42.0,0.2976,0.2958,0.2962,0.292,0.289,0.0158,0.0149,0.0135,0.0128,0.0114,60.54,60.25,60.0,60.0,60.0,23.094,43.272000000000006,0.29412,0.013680000000000001,60.157999999999994,3.0060299110809656,2.8410793358311217,True,EWMA 상한 이탈,소음,31.699814894065725,온도,29.674795589792552,설비 가동 소음원 점검,23.094,23.3,23.0,0.11516944039110392,-0.0740000000000002,0.3000000000000007,0.07500000000000018,43.272000000000006,44.29,42.0,0.8142088184243642,-0.5689999999999997,2.289999999999999,0.5724999999999998,0.29412,0.2976,0.289,0.003161265569356685,-0.002100000000000002,0.008599999999999997,0.002350000000000005,0.013680000000000001,0.0158,0.0114,0.001548418548067673,-0.0010900000000000003,0.004400000000000001,0.0011000000000000003,60.157999999999994,60.54,60.0,0.2141401410291865,-0.13299999999999984,0.5399999999999991,0.1349999999999998
PR_NOR_NB_A_20250902-175258_01194.jpg,stream_images/PR_NOR_NB_A_20250902-175258_01194.jpg,2025-09-02 17:52:58,사전공정,정상,납부족 검사군,1194,R013421,25.05,25.11,25.1,25.14,25.16,40.95,40.35,40.0,40.0,40.0,0.3755,0.3863,0.3916,0.4035,0.4086,0.0172,0.0167,0.0146,0.0142,0.0125,67.11,67.22,67.47,67.41,67.35,25.112,40.260000000000005,0.3931,0.015040000000000001,67.31199999999998,2.1015954431757318,2.693182557300044,True,EWMA 상한 이탈,습도,65.59306148458698,가속도,28.96923355795968,자재 보관 환경 점검,25.112,25.16,25.05,0.03762977544445336,0.025,0.10999999999999943,0.03249999999999886,40.260000000000005,40.95,40.0,0.3706750598570139,-0.2250000000000007,0.9500000000000028,0.2375000000000007,0.3931,0.4086,0.3755,0.011888313589403683,0.008340000000000009,0.03310000000000002,0.008275000000000005,0.015040000000000001,0.0172,0.0125,0.0017188368159892313,-0.0011899999999999997,0.004699999999999999,0.0011749999999999998,67.31199999999998,67.47,67.11,0.13059862173851527,0.06699999999999875,0.35999999999999943,0.120000000000001
PR_DEF_PB_A_20250902-175314_01722.jpg,stream_images/PR_DEF_PB_A_20250902-175314_01722.jpg,2025-09-02 17:53:14,사전공정,불량,납볼 검사군,1722,R011028,25.1,25.19,25.29,25.37,25.53,44.42,44.86,45.23,45.6,45.65,0.4877,0.4788,0.4703,0.4599,0.455,0.0461,0.0453,0.045,0.0437,0.0436,69.12,70.27,71.16,72.33,73.13,25.296000000000003,45.152,0.47034000000000004,0.04474000000000001,71.202,2.8773126993942917,2.7300085857188936,True,EWMA 상한 이탈,가속도,59.784517411516006,진동,22.04279267154638,컨베이어 이송계열 점검,25.296000000000003,25.53,25.1,0.148270023942805,0.10399999999999991,0.4299999999999997,0.10749999999999993,45.152,45.65,44.42,0.46387067163165147,0.31999999999999956,1.2299999999999969,0.3074999999999992,0.47034000000000004,0.4877,0.455,0.011977078107785729,-0.008430000000000003,0.03270000000000001,0.008175000000000002,0.04474000000000001,0.0461,0.0436,0.0009604165762834375,-0.0006600000000000002,0.0025000000000000022,0.0006250000000000006,71.202,73.13,69.12,1.4279131626257926,1.0079999999999985,4.009999999999991,1.0024999999999977
PR_DEF_PB_A_20250902-175329_01723.jpg,stream_images/PR_DEF_PB_A_20250902-175329_01723.jpg,2025-09-02 17:53:29,사전공정,불량,납볼 검사군,1723,R011029,26.95,27.0,27.0,27.0,27.0,46.22,46.96,47.5,48.13,48.58,0.2291,0.2264,0.231,0.2308,0.2391,0.0162,0.014,0.0123,0.01,0.01,81.46,81.35,81.27,81.36,81.57,26.99,47.477999999999994,0.23128,0.0125,81.402,4.132813283212074,3.0105695252175297,True,EWMA+단일점,소음,59.15140369714469,온도,17.135561838781026,설비 가동 소음원 점검,26.99,27.0,26.95,0.020000000000000285,0.010000000000000142,0.05000000000000071,0.012500000000000178,47.477999999999994,48.58,46.22,0.8355692670269774,0.5890000000000001,2.3599999999999994,0.5899999999999999,0.23128,0.2391,0.2264,0.004243300602125666,0.0024400000000000034,0.012700000000000017,0.003950000000000009,0.0125,0.0162,0.01,0.0023866294224282074,-0.0016399999999999997,0.006199999999999999,0.0015499999999999997,81.402,81.57,81.27,0.10342146779078187,0.0230000000000004,0.29999999999999716,0.12249999999999872
PR_NOR_NB_A_20250902-175333_01195.jpg,stream_images/PR_NOR_NB_A_20250902-175333_01195.jpg,2025-09-02 17:53:33,사전공정,정상,납부족 검사군,1195,R013422,26.41,26.29,26.18,26.04,25.88,47.36,46.38,45.67,44.98,44.09,0.2681,0.2434,0.2203,0.2024,0.2,0.0173,0.017,0.0164,0.0169,0.016,65.1,64.61,64.47,64.01,63.6,26.159999999999997,45.696000000000005,0.22684,0.01672,64.358,2.2284465261030695,2.854144925394638,True,EWMA 상한 이탈,진동,39.94507240993963,온도,20.146888769541867,실장 설비(마운터) 점검,26.159999999999997,26.41,25.88,0.18579558659989778,-0.13100000000000023,0.5300000000000011,0.13250000000000028,45.696000000000005,47.36,44.09,1.1251062172079573,-0.7939999999999998,3.269999999999996,0.817499999999999,0.22684,0.2681,0.2,0.025834442126742355,-0.01772,0.0681,0.017025,0.01672,0.0173,0.016,0.00046216880033165327,-0.0002700000000000001,0.001299999999999999,0.0005749999999999983,64.358,65.1,63.6,0.514252856093184,-0.359999999999998,1.499999999999993,0.3749999999999982
PR_DEF_PB_A_20250902-175344_01724.jpg,stream_images/PR_DEF_PB_A_20250902-175344_01724.jpg,2025-09-02 17:53:44,사전공정,불량,납볼 검사군,1724,R011030,26.67,26.87,27.0,27.0,27.0,71.06,70.68,70.62,70.23,69.94,0.366,0.362,0.3627,0.36,0.3574,0.0348,0.035,0.0357,0.0356,0.0357,68.9,70.03,71.31,72.16,73.47,26.908000000000005,70.506,0.36161999999999994,0.03536,71.174,4.181057208073522,3.119527381930415,True,EWMA+단일점,습도,72.43350622628265,온도,15.55803053976708,자재 보관 환경 점검,26.908000000000005,27.0,26.67,0.12921300244170408,0.07899999999999956,0.3299999999999983,0.08249999999999957,70.506,71.06,69.94,0.38645051429646365,-0.2690000000000012,1.1200000000000045,0.28000000000000114,0.36161999999999994,0.366,0.3574,0.002861048758759628,-0.0019199999999999994,0.008599999999999997,0.002500000000000016,0.03536,0.0357,0.0348,0.0003826225293941807,0.00024000000000000063,0.000900000000000005,0.00027500000000000267,71.174,73.47,68.9,1.596378401257043,1.1269999999999982,4.569999999999993,1.1424999999999983
PR_DEF_PB_A_20250902-175352_01725.jpg,stream_images/PR_DEF_PB_A_20250902-175352_01725.jpg,2025-09-02 17:53:52,사전공정,불량,납볼 검사군,1725,R011031,24.8,25.07,25.38,25.66,25.91,43.38,42.9,42.9,43.17,43.17,0.5493,0.5551,0.5629,0.5739,0.5853,0.0391,0.0381,0.0363,0.0357,0.0346,69.61,69.08,68.6,67.69,66.91,25.363999999999997,43.104000000000006,0.5653,0.03676,68.378,3.038765290458054,3.103374963635943,True,EWMA 상한 이탈,진동,63.750721344285154,가속도,18.976837891944143,실장 설비(마운터) 점검,25.363999999999997,25.91,24.8,0.39762293696415435,0.28099999999999986,1.1099999999999994,0.27749999999999986,43.104000000000006,43.38,42.9,0.18336848147923515,-0.014999999999999857,0.480000000000004,0.18750000000000178,0.5653,0.5853,0.5493,0.012959629624337264,0.00908,0.03600000000000003,0.009000000000000008,0.03676,0.0391,0.0346,0.0016292329483533052,-0.0011400000000000008,0.004500000000000004,0.001125000000000001,68.378,69.61,66.91,0.9683263912545197,-0.6790000000000006,2.700000000000003,0.6750000000000007
PR_DEF_PB_A_20250902-175451_01726.jpg,stream_images/PR_DEF_PB_A_20250902-175451_01726.jpg,2025-09-02 17:54:51,사전공정,불량,납볼 검사군,1726,R011032,23.36,23.26,23.09,23.05,23.0,56.54,56.85,57.7,58.59,58.89,0.3139,0.2976,0.2819,0.2643,0.2477,0.0201,0.0213,0.0229,0.0244,0.0265,75.21,75.47,76.1,76.74,77.06,23.152,57.714,0.28108,0.023039999999999998,76.116,2.9609204540557346,3.0748840617199016,True,EWMA 상한 이탈,소음,44.05384105735074,온도,28.31269903015936,설비 가동 소음원 점검,23.152,23.36,23.0,0.13585286158193355,-0.09299999999999997,0.35999999999999943,0.08999999999999986,57.714,58.89,56.54,0.9246967070342585,0.6440000000000005,2.3500000000000014,0.5875000000000004,0.28108,0.3139,0.2477,0.023437269465532887,-0.01657,0.06620000000000001,0.016550000000000002,0.023039999999999998,0.0265,0.0201,0.00225884926455928,0.00159,0.0063999999999999994,0.0015999999999999999,76.116,77.06,75.21,0.7097774299032071,0.49700000000000133,1.8500000000000085,0.46250000000000213
PR_DEF_PB_A_20250902-175504_01727.jpg,stream_images/PR_DEF_PB_A_20250902-175504_01727.jpg,2025-09-02 17:55:04,사전공정,불량,납볼 검사군,1727,R011033,25.07,25.25,25.46,25.66,25.83,52.11,52.03,52.25,52.23,52.41,0.341,0.3176,0.295,0.2677,0.2445,0.0415,0.0402,0.04,0.04,0.04,70.58,69.5,68.91,68.2,67.42,25.454,52.205999999999996,0.29316,0.04034,68.922,1.9605106076544616,2.852009370906814,True,EWMA 상한 이탈,가속도,78.34492071827252,진동,11.270201064149589,컨베이어 이송계열 점검,25.454,25.83,25.07,0.27310071402323305,0.19299999999999962,0.759999999999998,0.1899999999999995,52.205999999999996,52.41,52.03,0.129861464645982,0.079999999999999,0.37999999999999545,0.125,0.29316,0.341,0.2445,0.034366763013120694,-0.024290000000000006,0.09650000000000003,0.024125000000000008,0.04034,0.0415,0.04,0.0005851495535331123,-0.00032000000000000013,0.0015000000000000013,0.00037500000000000033,68.922,70.58,67.42,1.0826338254460726,-0.761999999999999,3.1599999999999966,0.7899999999999991
PR_NOR_NB_A_20250902-175539_01196.jpg,stream_images/PR_NOR_NB_A_20250902-175539_01196.jpg,2025-09-02 17:55:39,사전공정,정상,납부족 검사군,1196,R013423,24.62,24.67,24.65,24.7,24.7,50.35,50.45,50.21,50.06,50.17,0.4158,0.4257,0.4346,0.4416,0.4568,0.0203,0.0215,0.0218,0.0224,0.0242,61.89,61.13,60.0,60.0,60.0,24.668,50.248000000000005,0.4349,0.022039999999999997,60.604,1.8972885112085742,2.661065198967166,True,EWMA 상한 이탈,소음,69.49972037491938,진동,25.1163199972056,설비 가동 소음원 점검,24.668,24.7,24.62,0.03059411708155629,0.018999999999999417,0.0799999999999983,0.030000000000001137,50.248000000000005,50.45,50.06,0.13717142559585815,-0.075,0.39000000000000057,0.15000000000000036,0.4349,0.4568,0.4158,0.013957363647910007,0.009789999999999993,0.04099999999999998,0.010249999999999995,0.022039999999999997,0.0242,0.0203,0.0012784365451597513,0.0008700000000000003,0.0039000000000000007,0.0009750000000000002,60.604,61.89,60.0,0.7778071740476561,-0.4910000000000004,1.8900000000000006,0.47250000000000014
PR_DEF_PB_A_20250902-175545_01728.jpg,stream_images/PR_DEF_PB_A_20250902-175545_01728.jpg,2025-09-02 17:55:45,사전공정,불량,납볼 검사군,1728,R011034,26.43,26.44,26.42,26.45,26.45,56.62,55.74,55.28,54.51,54.39,0.3294,0.3543,0.38,0.4065,0.43,0.0231,0.0251,0.0269,0.0283,0.0305,81.87,81.61,81.55,81.15,81.46,26.438,55.30799999999999,0.38003999999999993,0.026779999999999998,81.528,3.5974869240857275,2.848349543990879,True,EWMA 상한 이탈,소음,80.4408229019036,온도,11.978825384298998,설비 가동 소음원 점검,26.438,26.45,26.42,0.011661903789689865,0.004999999999999716,0.029999999999997584,0.01499999999999968,55.30799999999999,56.62,54.39,0.8231986394546577,-0.5689999999999997,2.229999999999997,0.5574999999999992,0.38003999999999993,0.43,0.3294,0.03584157362616769,0.02533999999999999,0.10059999999999997,0.025149999999999992,0.026779999999999998,0.0305,0.0231,0.0025506077707087775,0.0018,0.0074,0.00185,81.528,81.87,81.15,0.2331008365493352,-0.12800000000000153,0.7199999999999989,0.25749999999999673
PR_DEF_PB_A_20250902-175557_01729.jpg,stream_images/PR_DEF_PB_A_20250902-175557_01729.jpg,2025-09-02 17:55:57,사전공정,불량,납볼 검사군,1729,R011035,25.05,24.8,24.56,24.36,24.18,58.64,59.27,59.78,60.0,60.0,0.341,0.3355,0.3398,0.3381,0.3344,0.0496,0.0491,0.0491,0.0498,0.05,72.59,73.37,73.83,74.45,75.0,24.589999999999996,59.538,0.33776000000000006,0.049519999999999995,73.848,3.5568462197268493,2.9900488791380733,True,EWMA 상한 이탈,가속도,60.80363476855556,습도,21.362280645315987,컨베이어 이송계열 점검,24.589999999999996,25.05,24.18,0.3090631003533102,-0.21800000000000033,0.870000000000001,0.21750000000000025,59.538,60.0,58.64,0.5222413235277342,0.3449999999999996,1.3599999999999994,0.33999999999999986,0.33776000000000006,0.341,0.3344,0.002496878050686505,-0.001060000000000011,0.00660000000000005,0.003799999999999998,0.049519999999999995,0.05,0.0491,0.0003655133376499425,0.00015000000000000083,0.000900000000000005,0.00035000000000000135,73.848,75.0,72.59,0.8367652000412051,0.5899999999999992,2.4099999999999966,0.6024999999999991
PR_DEF_PB_A_20250902-175623_01730.jpg,stream_images/PR_DEF_PB_A_20250902-175623_01730.jpg,2025-09-02 17:56:23,사전공정,불량,납볼 검사군,1730,R011036,26.13,25.88,25.61,25.36,25.06,67.01,67.2,67.51,67.98,68.1,0.2912,0.2975,0.3065,0.3153,0.326,0.02,0.0221,0.0239,0.0268,0.0295,64.28,63.1,62.03,60.85,60.0,25.607999999999997,67.56000000000002,0.3073,0.024460000000000003,62.052,3.3521656330460745,3.062472229919674,True,EWMA 상한 이탈,습도,81.46583893176287,소음,13.856381398424139,자재 보관 환경 점검,25.607999999999997,26.13,25.06,0.37637215624963544,-0.266,1.0700000000000003,0.26750000000000007,67.56000000000002,68.1,67.01,0.42487645263064155,0.29599999999999793,1.0899999999999892,0.2724999999999973,0.3073,0.326,0.2912,0.012406288727899254,0.008740000000000003,0.0348,0.0087,0.024460000000000003,0.0295,0.02,0.00336606595300805,0.0023699999999999997,0.009499999999999998,0.0023749999999999995,62.052,64.28,60.0,1.5309003886602162,-1.0810000000000002,4.280000000000001,1.0700000000000003
PR_DEF_PB_A_20250902-175639_01731.jpg,stream_images/PR_DEF_PB_A_20250902-175639_01731.jpg,2025-09-02 17:56:39,사전공정,불량,납볼 검사군,1731,R011037,24.59,24.57,24.54,24.5,24.45,43.39,43.3,43.31,43.15,43.33,0.3251,0.3357,0.3504,0.3622,0.3758,0.0148,0.014,0.0129,0.0125,0.0116,87.95,87.22,86.84,86.26,86.06,24.529999999999998,43.29600000000001,0.34984000000000004,0.01316,86.866,4.777278382048571,3.4054334603454537,True,EWMA+단일점,소음,85.4605117192897,가속도,7.847022420304171,설비 가동 소음원 점검,24.529999999999998,24.59,24.45,0.050199601592044736,-0.03500000000000014,0.14000000000000057,0.03500000000000014,43.29600000000001,43.39,43.15,0.0793977329651174,-0.027000000000000312,0.240000000000002,0.11000000000000298,0.34984000000000004,0.3758,0.3251,0.01810531413701514,0.012790000000000006,0.05070000000000002,0.012675000000000006,0.01316,0.0148,0.0116,0.0011253443917308163,-0.0007900000000000002,0.0032000000000000015,0.0008000000000000004,86.866,87.95,86.06,0.6808700316506808,-0.4739999999999995,1.8900000000000006,0.47250000000000014
PR_DEF_PB_A_20250902-175640_01732.jpg,stream_images/PR_DEF_PB_A_20250902-175640_01732.jpg,2025-09-02 17:56:40,사전공정,불량,납볼 검사군,1732,R011038,24.83,24.61,24.41,24.25,24.01,63.91,64.39,64.37,64.14,63.61,0.2042,0.2124,0.225,0.2379,0.2526,0.0117,0.01,0.01,0.01,0.01,74.18,72.84,72.0,70.76,69.39,24.422,64.084,0.22641999999999998,0.01034,71.834,3.447511697108263,3.4138491076980158,True,EWMA 상한 이탈,습도,49.66847873773296,가속도,23.24995546029681,자재 보관 환경 점검,24.422,24.83,24.01,0.2832948993540113,-0.1999999999999993,0.8199999999999967,0.20499999999999918,64.084,64.39,63.61,0.29445542956447746,-0.08499999999999944,0.7800000000000011,0.3150000000000013,0.22641999999999998,0.2526,0.2042,0.017375200718265097,0.01223,0.0484,0.0121,0.01034,0.0117,0.01,0.0006800000000000002,-0.00034,0.0017000000000000001,0.00042500000000000003,71.834,74.18,69.39,1.6534763379014545,-1.166000000000001,4.790000000000006,1.1975000000000016
PR_DEF_PB_A_20250902-175640_01733.jpg,stream_images/PR_DEF_PB_A_20250902-175640_01733.jpg,2025-09-02 17:56:40,사전공정,불량,납볼 검사군,1733,R011039,23.73,23.52,23.28,23.14,23.0,40.88,41.78,42.67,43.35,43.76,0.2038,0.2267,0.2509,0.2693,0.2885,0.0435,0.0423,0.0413,0.0411,0.0403,63.5,62.44,61.63,60.72,60.23,23.334,42.488,0.24783999999999998,0.0417,61.70399999999999,3.2457928816078163,3.380237862479976,True,EWMA 상한 이탈,가속도,33.994378069541966,온도,19.403333354494784,컨베이어 이송계열 점검,23.334,23.73,23.0,0.2621144788064939,-0.184,0.7300000000000004,0.1825000000000001,42.488,43.76,40.88,1.047003342879094,0.7329999999999991,2.8799999999999955,0.7199999999999989,0.24783999999999998,0.2885,0.2038,0.030031823121482306,0.02119999999999999,0.08469999999999997,0.021174999999999992,0.0417,0.0435,0.0403,0.0011027239001672158,-0.0007599999999999988,0.0031999999999999945,0.0007999999999999986,61.70399999999999,63.5,60.23,1.1759013564070762,-0.8260000000000005,3.270000000000003,0.8175000000000008
PR_NOR_NB_A_20250902-175644_01197.jpg,stream_images/PR_NOR_NB_A_20250902-175644_01197.jpg,2025-09-02 17:56:44,사전공정,정상,납부족 검사군,1197,R013424,24.73,24.87,25.06,25.25,25.44,41.07,41.67,42.04,42.44,43.12,0.3662,0.3787,0.3937,0.4103,0.4256,0.0362,0.0378,0.0392,0.04,0.04,60.49,60.0,60.0,60.0,60.0,25.07,42.068,0.39490000000000003,0.03864,60.098,2.730519585956227,3.2502942071752265,True,EWMA 상한 이탈,소음,38.8178929550777,가속도,31.86348187361283,설비 가동 소음원 점검,25.07,25.44,24.73,0.25495097567963937,0.18000000000000008,0.7100000000000009,0.1775000000000002,42.068,43.12,41.07,0.6928607363677048,0.48699999999999904,2.049999999999997,0.5124999999999993,0.39490000000000003,0.4256,0.3662,0.021294224569117316,0.015039999999999993,0.05939999999999995,0.014849999999999988,0.03864,0.04,0.0362,0.0014609585894199732,0.0009799999999999995,0.003799999999999998,0.0009499999999999995,60.098,60.49,60.0,0.1960000000000008,-0.09800000000000039,0.490000000000002,0.1225000000000005
PR_DEF_PB_A_20250902-175700_01734.jpg,stream_images/PR_DEF_PB_A_20250902-175700_01734.jpg,2025-09-02 17:57:00,사전공정,불량,납볼 검사군,1734,R011040,25.71,25.56,25.38,25.14,24.98,48.89,49.23,49.64,50.12,50.21,0.2583,0.2667,0.2654,0.275,0.2779,0.033,0.0348,0.0374,0.039,0.04,75.8,75.0,75.0,75.0,75.0,25.354,49.618,0.26866,0.03684,75.16,2.4160151743213807,3.0834384006044573,True,EWMA 상한 이탈,소음,52.679597111327034,가속도,30.58978683317088,설비 가동 소음원 점검,25.354,25.71,24.98,0.2666533329999832,-0.1879999999999999,0.7300000000000004,0.1825000000000001,49.618,50.21,48.89,0.5066517541665083,0.3530000000000001,1.3200000000000003,0.33000000000000007,0.26866,0.2779,0.2583,0.007033804091670457,0.004750000000000004,0.019600000000000006,0.0055499999999999855,0.03684,0.04,0.033,0.002602767757599591,0.00182,0.006999999999999999,0.0017499999999999998,75.16,75.8,75.0,0.31999999999999884,-0.15999999999999942,0.7999999999999972,0.1999999999999993
PR_NOR_NB_A_20250902-175701_01198.jpg,stream_images/PR_NOR_NB_A_20250902-175701_01198.jpg,2025-09-02 17:57:01,사전공정,정상,납부족 검사군,1198,R013425,25.9,26.04,26.15,26.23,26.39,59.92,60.0,60.0,60.0,60.0,0.3148,0.3016,0.2936,0.2821,0.2738,0.0331,0.0335,0.0341,0.0348,0.0353,67.03,67.8,68.64,69.06,69.72,26.142000000000003,59.984,0.29318000000000005,0.034159999999999996,68.45,2.349425155144734,2.9366357515125125,True,EWMA 상한 이탈,습도,54.044683234709645,가속도,19.479943337392978,자재 보관 환경 점검,26.142000000000003,26.39,25.9,0.16630093204789997,0.11700000000000052,0.490000000000002,0.1225000000000005,59.984,60.0,59.92,0.03199999999999932,0.01599999999999966,0.0799999999999983,0.019999999999999574,0.29318000000000005,0.3148,0.2738,0.014400333329475403,-0.010150000000000003,0.041000000000000036,0.010250000000000009,0.034159999999999996,0.0353,0.0331,0.0008089499366462668,0.0005699999999999997,0.0022000000000000006,0.0005500000000000001,68.45,69.72,67.03,0.9444575162494075,0.664,2.6899999999999977,0.6724999999999994
PR_DEF_PB_A_20250902-175708_01735.jpg,stream_images/PR_DEF_PB_A_20250902-175708_01735.jpg,2025-09-02 17:57:08,사전공정,불량,납볼 검사군,1735,R011041,25.33,25.14,24.92,24.73,24.51,42.4,42.93,43.88,44.46,45.14,0.2574,0.2521,0.2484,0.2417,0.2327,0.044,0.0433,0.0425,0.0417,0.0408,71.35,72.85,74.31,75.0,75.0,24.926000000000002,43.762,0.24645999999999998,0.04246,73.702,2.9115307091413367,2.9316147430382773,True,EWMA 상한 이탈,가속도,45.678719002887384,소음,23.648806949518093,컨베이어 이송계열 점검,24.926000000000002,25.33,24.51,0.290006896469721,-0.20499999999999935,0.8199999999999967,0.20499999999999918,43.762,45.14,42.4,0.9947140292566511,0.7010000000000005,2.740000000000002,0.6850000000000005,0.24645999999999998,0.2574,0.2327,0.008570320880807213,-0.005980000000000004,0.024700000000000027,0.006175000000000007,0.04246,0.044,0.0408,0.0011324310133513634,-0.0007999999999999986,0.0031999999999999945,0.0007999999999999986,73.702,75.0,71.35,1.4140070721181022,0.9450000000000017,3.6500000000000057,0.9125000000000014
PR_DEF_PB_A_20250902-175738_01736.jpg,stream_images/PR_DEF_PB_A_20250902-175738_01736.jpg,2025-09-02 17:57:38,사전공정,불량,납볼 검사군,1736,R011042,25.81,26.07,26.31,26.58,26.82,55.45,55.23,54.55,54.17,53.61,0.2917,0.2968,0.3169,0.3322,0.3457,0.017,0.018,0.0193,0.0204,0.0218,89.66,90.0,90.0,90.0,90.0,26.318,54.60200000000001,0.31666,0.0193,89.93199999999999,5.384242286643315,3.4221402517592847,True,EWMA+단일점,소음,91.40328106006972,온도,4.472338059494074,설비 가동 소음원 점검,26.318,26.82,25.81,0.35784913022110326,0.2530000000000001,1.0100000000000016,0.2525000000000004,54.60200000000001,55.45,53.61,0.6762957932739195,-0.4740000000000002,1.8400000000000034,0.46000000000000085,0.31666,0.3457,0.2917,0.020505082296835578,0.014339999999999997,0.05399999999999999,0.013499999999999998,0.0193,0.0218,0.017,0.0016994116628998401,0.0012000000000000001,0.004799999999999999,0.0011999999999999997,89.93199999999999,90.0,89.66,0.13600000000000137,0.06800000000000068,0.3400000000000034,0.08500000000000085
PR_DEF_PB_A_20250902-175750_01737.jpg,stream_images/PR_DEF_PB_A_20250902-175750_01737.jpg,2025-09-02 17:57:50,사전공정,불량,납볼 검사군,1737,R011043,26.54,26.49,26.43,26.36,26.25,49.49,50.0,50.36,50.64,50.9,0.5385,0.5417,0.5456,0.5488,0.551,0.0174,0.0169,0.0167,0.0163,0.0155,66.24,67.01,67.8,68.51,68.91,26.413999999999998,50.278000000000006,0.54512,0.01656,67.694,2.6896011956162678,3.275632440530681,True,EWMA 상한 이탈,진동,66.81675152848157,온도,20.4663410101322,실장 설비(마운터) 점검,26.413999999999998,26.54,26.25,0.10170545708072856,-0.07099999999999973,0.28999999999999915,0.07249999999999979,50.278000000000006,50.9,49.49,0.49454625668384056,0.34599999999999936,1.4099999999999966,0.35249999999999915,0.54512,0.551,0.5385,0.004557806489968628,0.0032100000000000128,0.012500000000000067,0.0031250000000000167,0.01656,0.0174,0.0155,0.0006374950980203687,-0.00043999999999999974,0.001899999999999999,0.00047499999999999973,67.694,68.91,66.24,0.9734187177160718,0.6840000000000004,2.6700000000000017,0.6675000000000004
PR_DEF_PB_A_20250902-175753_01738.jpg,stream_images/PR_DEF_PB_A_20250902-175753_01738.jpg,2025-09-02 17:57:53,사전공정,불량,납볼 검사군,1738,R011044,23.73,23.85,23.83,23.8,23.83,72.01,71.59,71.62,71.33,71.07,0.4521,0.4357,0.4202,0.4079,0.3896,0.0263,0.025,0.0239,0.0244,0.0237,74.89,75.0,75.0,75.0,75.0,23.808,71.524,0.4210999999999999,0.02466,74.978,4.298514831542462,3.4802089187330374,True,EWMA+단일점,습도,75.07837691115103,소음,15.870270221403562,자재 보관 환경 점검,23.808,23.85,23.73,0.0421426150114107,0.014999999999999503,0.120000000000001,0.04999999999999982,71.524,72.01,71.07,0.3141719274537473,-0.2140000000000029,0.9400000000000119,0.25000000000000355,0.4210999999999999,0.4521,0.3896,0.021640055452794012,-0.015279999999999998,0.0625,0.015625,0.02466,0.0263,0.0237,0.000935093578204877,-0.0005800000000000003,0.0026000000000000016,0.0009000000000000006,74.978,75.0,74.89,0.04399999999999977,0.021999999999999888,0.10999999999999943,0.027499999999999858
PR_NOR_NB_A_20250902-175801_01199.jpg,stream_images/PR_NOR_NB_A_20250902-175801_01199.jpg,2025-09-02 17:58:01,사전공정,정상,납부족 검사군,1199,R013426,23.46,23.42,23.43,23.38,23.37,57.62,57.79,58.2,58.33,57.85,0.4505,0.4689,0.4847,0.5,0.5,0.0333,0.0319,0.0302,0.0292,0.0283,72.12,71.43,71.07,70.27,69.24,23.412,57.958000000000006,0.48082,0.030580000000000003,70.826,2.6151144001046527,3.3071900150073605,True,EWMA 상한 이탈,진동,31.64584353125842,습도,27.306445463482433,실장 설비(마운터) 점검,23.412,23.46,23.37,0.033105890714493935,-0.02200000000000024,0.08999999999999986,0.02749999999999897,57.958000000000006,58.33,57.62,0.26498301832381704,0.10000000000000071,0.7100000000000009,0.29749999999999943,0.48082,0.5,0.4505,0.01903779398985082,0.013009999999999999,0.04949999999999999,0.012374999999999997,0.030580000000000003,0.0333,0.0283,0.0018104143172213377,-0.0012700000000000007,0.0050000000000000044,0.0012500000000000011,70.826,72.12,69.24,0.9923023732713772,-0.6920000000000031,2.8800000000000097,0.7200000000000024
PR_DEF_PB_A_20250902-175808_01739.jpg,stream_images/PR_DEF_PB_A_20250902-175808_01739.jpg,2025-09-02 17:58:08,사전공정,불량,납볼 검사군,1739,R011045,23.07,23.2,23.28,23.43,23.56,47.29,48.11,48.53,48.86,49.39,0.3686,0.3751,0.3799,0.3839,0.3901,0.0427,0.0423,0.0416,0.0405,0.04,74.05,74.91,75.0,75.0,75.0,23.308,48.436,0.37952,0.04142,74.792,2.911313244005196,3.228014660806928,True,EWMA 상한 이탈,가속도,40.43934257633978,소음,32.75181175792527,컨베이어 이송계열 점검,23.308,23.56,23.07,0.17174399552822756,0.12099999999999973,0.48999999999999844,0.12249999999999961,48.436,49.39,47.29,0.7096928913269462,0.4950000000000003,2.1000000000000014,0.5250000000000004,0.37952,0.3901,0.3686,0.007349122396585877,0.005180000000000007,0.02150000000000002,0.005375000000000005,0.04142,0.0427,0.04,0.0010303397497913001,-0.0007199999999999998,0.002700000000000001,0.0006750000000000003,74.792,75.0,74.05,0.3726338685626961,0.1990000000000009,0.9500000000000028,0.2375000000000007
PR_NOR_NB_A_20250902-175823_01200.jpg,stream_images/PR_NOR_NB_A_20250902-175823_01200.jpg,2025-09-02 17:58:23,사전공정,정상,납부족 검사군,1200,R013427,25.63,25.82,26.07,26.32,26.55,55.94,55.8,55.7,55.39,55.3,0.2342,0.2016,0.2,0.2,0.2,0.0348,0.0319,0.0295,0.0266,0.024,60.54,61.3,61.51,62.06,62.16,26.078000000000003,55.626,0.20715999999999996,0.029359999999999997,61.513999999999996,2.5705141862691545,3.0965145658993736,True,EWMA 상한 이탈,진동,40.46030865182656,소음,28.674937933009993,실장 설비(마운터) 점검,26.078000000000003,26.55,25.63,0.33126424497672596,0.23400000000000035,0.9200000000000017,0.23000000000000043,55.626,55.94,55.3,0.24344198487524685,-0.16899999999999976,0.6400000000000006,0.16000000000000014,0.20715999999999996,0.2342,0.2,0.013534193732912198,-0.006999999999999995,0.03419999999999998,0.008549999999999995,0.029359999999999997,0.0348,0.024,0.003805574858020795,-0.0026899999999999992,0.010799999999999997,0.0026999999999999993,61.513999999999996,62.16,60.54,0.5847939808171765,0.4,1.6199999999999974,0.40499999999999936
PR_DEF_PB_A_20250902-175830_01740.jpg,stream_images/PR_DEF_PB_A_20250902-175830_01740.jpg,2025-09-02 17:58:30,사전공정,불량,납볼 검사군,1740,R011046,24.1,24.4,24.61,24.85,25.04,41.71,41.44,40.95,40.55,40.03,0.3193,0.3078,0.2992,0.2954,0.2944,0.0436,0.0422,0.0409,0.04,0.04,71.25,70.39,69.33,68.28,67.56,24.6,40.936,0.30322,0.04134,69.362,2.5486956155790352,2.986950775835306,True,EWMA 상한 이탈,가속도,52.3277983055749,습도,38.624498561158795,컨베이어 이송계열 점검,24.6,25.04,24.1,0.33051475004907094,0.23299999999999982,0.9399999999999977,0.23499999999999943,40.936,41.71,40.03,0.6038410386848511,-0.425,1.6799999999999997,0.41999999999999993,0.30322,0.3193,0.2944,0.009323604453214425,-0.006219999999999998,0.024899999999999978,0.006224999999999994,0.04134,0.0436,0.04,0.0013879481258317978,-0.0009399999999999999,0.003599999999999999,0.0008999999999999998,69.362,71.25,67.56,1.3446397287005907,-0.9489999999999995,3.6899999999999977,0.9224999999999994
PR_DEF_PB_A_20250902-175854_01741.jpg,stream_images/PR_DEF_PB_A_20250902-175854_01741.jpg,2025-09-02 17:58:54,사전공정,불량,납볼 검사군,1741,R011047,26.6,26.44,26.28,26.14,25.99,40.52,40.0,40.0,40.0,40.0,0.4453,0.463,0.4819,0.5,0.5,0.0257,0.0267,0.0273,0.0275,0.0269,79.43,80.11,81.23,82.47,83.03,26.290000000000003,40.104,0.47804,0.02682,81.25399999999999,4.021604339229147,3.1938814885140743,True,EWMA+단일점,소음,60.98144469359244,습도,18.38750158542883,설비 가동 소음원 점검,26.290000000000003,26.6,25.99,0.21503488089145073,-0.15200000000000066,0.610000000000003,0.15250000000000075,40.104,40.52,40.0,0.20800000000000124,-0.10400000000000062,0.5200000000000031,0.13000000000000078,0.47804,0.5,0.4453,0.0213424084863916,0.014640000000000004,0.054700000000000026,0.013675000000000007,0.02682,0.0275,0.0257,0.0006273754856543248,0.0003199999999999998,0.0017999999999999995,0.0005999999999999998,81.25399999999999,83.03,79.43,1.3615520555601226,0.9559999999999989,3.5999999999999943,0.8999999999999986
PR_DEF_PB_A_20250902-175855_01742.jpg,stream_images/PR_DEF_PB_A_20250902-175855_01742.jpg,2025-09-02 17:58:55,사전공정,불량,납볼 검사군,1742,R011048,26.72,26.93,27.0,27.0,27.0,46.63,46.26,46.2,45.79,45.57,0.3674,0.3493,0.3325,0.3146,0.3034,0.0396,0.04,0.04,0.04,0.04,87.91,88.81,89.52,90.0,90.0,26.93,46.089999999999996,0.33343999999999996,0.039920000000000004,89.248,5.5610201846938425,3.667309227750028,True,EWMA+단일점,소음,80.22804932803712,가속도,9.17086068687285,설비 가동 소음원 점검,26.93,27.0,26.72,0.10844353369380813,0.06300000000000025,0.28000000000000114,0.07000000000000028,46.089999999999996,46.63,45.57,0.37229020937972646,-0.25900000000000034,1.0600000000000023,0.26500000000000057,0.33343999999999996,0.3674,0.3034,0.023078353494129518,-0.01627,0.064,0.016,0.039920000000000004,0.04,0.0396,0.00015999999999999904,7.999999999999952e-05,0.0003999999999999976,9.99999999999994e-05,89.248,90.0,87.91,0.7983833665602015,0.5370000000000005,2.0900000000000034,0.5225000000000009
PR_DEF_PB_A_20250902-175856_01743.jpg,stream_images/PR_DEF_PB_A_20250902-175856_01743.jpg,2025-09-02 17:58:56,사전공정,불량,납볼 검사군,1743,R011049,26.92,26.99,27.0,27.0,27.0,70.66,70.33,70.36,70.08,69.77,0.2485,0.2191,0.2,0.2,0.2,0.0361,0.0374,0.0399,0.04,0.04,69.74,69.83,70.15,70.12,70.26,26.982,70.24,0.21352,0.038680000000000006,70.02000000000001,4.528763227990424,3.8396000277981077,True,EWMA+단일점,습도,60.29546057114826,온도,14.342548478840556,자재 보관 환경 점검,26.982,27.0,26.92,0.03124099870362586,0.016999999999999814,0.0799999999999983,0.019999999999999574,70.24,70.66,69.77,0.2984627279912857,-0.20300000000000012,0.8900000000000006,0.2375000000000007,0.21352,0.2485,0.2,0.018990039494429702,-0.011609999999999995,0.04849999999999999,0.012124999999999997,0.038680000000000006,0.04,0.0361,0.0016289874155437783,0.00104,0.0039000000000000007,0.0009750000000000002,70.02000000000001,70.26,69.74,0.19949937343260424,0.13300000000000267,0.5200000000000102,0.14500000000000313
PR_NOR_NB_A_20250902-175912_01201.jpg,stream_images/PR_NOR_NB_A_20250902-175912_01201.jpg,2025-09-02 17:59:12,사전공정,정상,납부족 검사군,1201,R013428,26.43,26.37,26.23,26.18,26.13,56.67,57.46,57.92,58.41,58.68,0.3779,0.4051,0.4331,0.457,0.4836,0.0347,0.038,0.04,0.04,0.04,72.33,71.73,71.05,70.51,70.03,26.268,57.827999999999996,0.43133999999999995,0.038540000000000005,71.13,2.6215467859008466,3.595989379418656,True,EWMA 상한 이탈,가속도,34.03898944846454,습도,26.393885354232005,컨베이어 이송계열 점검,26.268,26.43,26.13,0.11391224692718549,-0.07900000000000026,0.3000000000000007,0.07500000000000018,57.827999999999996,58.68,56.67,0.7140700245774207,0.49699999999999916,2.009999999999998,0.5024999999999995,0.43133999999999995,0.4836,0.3779,0.037247850944718934,0.026329999999999992,0.10569999999999996,0.02642499999999999,0.038540000000000005,0.04,0.0347,0.002070362287137205,0.00126,0.005299999999999999,0.0013249999999999998,71.13,72.33,70.03,0.8247181336674964,-0.5819999999999993,2.299999999999997,0.5749999999999993
PR_DEF_PB_A_20250902-175912_01744.jpg,stream_images/PR_DEF_PB_A_20250902-175912_01744.jpg,2025-09-02 17:59:12,사전공정,불량,납볼 검사군,1744,R011050,25.59,25.46,25.39,25.27,25.13,53.77,54.0,53.67,53.84,54.3,0.5586,0.5575,0.5573,0.5557,0.5573,0.0112,0.01,0.01,0.01,0.01,64.9,65.07,65.04,64.39,64.24,25.368,53.916,0.55728,0.01024,64.728,3.0372427493238856,3.4842400533997018,True,EWMA 상한 이탈,진동,59.30587508839604,가속도,30.356293131407547,실장 설비(마운터) 점검,25.368,25.59,25.13,0.15778466338652858,-0.11100000000000029,0.46000000000000085,0.11500000000000021,53.916,54.3,53.67,0.22005453869438618,0.08999999999999915,0.6299999999999955,0.29749999999999766,0.55728,0.5586,0.5557,0.0009260669522232235,-0.00043999999999999595,0.0029000000000000137,0.0011250000000000149,0.01024,0.0112,0.01,0.0004799999999999999,-0.00023999999999999992,0.0011999999999999997,0.0002999999999999999,64.728,65.07,64.24,0.3453346203322238,-0.20000000000000143,0.8299999999999983,0.24999999999999645
PR_DEF_PB_A_20250902-180014_01745.jpg,stream_images/PR_DEF_PB_A_20250902-180014_01745.jpg,2025-09-02 18:00:14,사전공정,불량,납볼 검사군,1745,R011051,23.63,23.77,23.96,24.2,24.4,41.43,41.36,40.99,40.93,40.77,0.4293,0.4072,0.3813,0.3582,0.3368,0.0316,0.0289,0.0273,0.0249,0.0225,86.52,87.21,88.79,90.0,90.0,23.992,41.096000000000004,0.38256,0.027039999999999998,88.50399999999999,5.12642841972508,3.812677726664778,True,EWMA+단일점,소음,87.37664844688918,습도,9.155227176656558,설비 가동 소음원 점검,23.992,24.4,23.63,0.27967123556061296,0.1969999999999999,0.7699999999999996,0.1924999999999999,41.096000000000004,41.43,40.77,0.2554681976293711,-0.1749999999999993,0.6599999999999966,0.16499999999999915,0.38256,0.4293,0.3368,0.033108101727522835,-0.023400000000000004,0.09250000000000003,0.023125000000000007,0.027039999999999998,0.0316,0.0225,0.003146807906434711,-0.0022200000000000006,0.009100000000000004,0.002275000000000001,88.50399999999999,90.0,86.52,1.4260799416582532,0.9750000000000014,3.480000000000004,0.870000000000001
PR_NOR_NB_A_20250902-180020_01202.jpg,stream_images/PR_NOR_NB_A_20250902-180020_01202.jpg,2025-09-02 18:00:20,사전공정,정상,납부족 검사군,1202,R013429,25.36,25.23,25.11,24.94,24.81,48.49,49.27,49.66,50.01,50.52,0.3107,0.3439,0.3714,0.4017,0.4272,0.0398,0.04,0.04,0.04,0.04,73.56,72.76,72.48,71.74,70.83,25.09,49.59,0.37098,0.03996000000000001,72.274,2.0263669693377016,3.455415575199363,True,EWMA 상한 이탈,가속도,69.4214694721396,소음,28.995460931051,컨베이어 이송계열 점검,25.09,25.36,24.81,0.1968755952371955,-0.13900000000000007,0.5500000000000007,0.13750000000000018,49.59,50.52,48.49,0.6868187533840348,0.4799999999999997,2.030000000000001,0.5075000000000003,0.37098,0.4272,0.3107,0.04116208935416182,0.029080000000000012,0.11650000000000005,0.029125000000000012,0.03996000000000001,0.04,0.0398,7.99999999999995e-05,3.999999999999976e-05,0.0001999999999999988,4.99999999999997e-05,72.274,73.56,70.83,0.9276551083242115,-0.6480000000000018,2.730000000000004,0.682500000000001
PR_DEF_PB_A_20250902-180105_01746.jpg,stream_images/PR_DEF_PB_A_20250902-180105_01746.jpg,2025-09-02 18:01:05,사전공정,불량,납볼 검사군,1746,R011052,23.12,23.1,23.11,23.18,23.2,63.93,63.54,63.23,63.1,62.67,0.4574,0.4548,0.459,0.4615,0.4607,0.017,0.0142,0.0113,0.01,0.01,64.12,64.05,63.93,63.83,63.65,23.142,63.294,0.45868000000000003,0.0125,63.916,3.4488598336875045,3.4541044268969916,True,EWMA 상한 이탈,습도,43.95017104664628,온도,21.100781873258725,자재 보관 환경 점검,23.142,23.2,23.1,0.040199502484482987,0.023999999999999487,0.09999999999999787,0.02999999999999936,63.294,63.93,62.67,0.4233485561567435,-0.2959999999999994,1.259999999999998,0.3149999999999995,0.45868000000000003,0.4615,0.4548,0.002401166383239626,0.001330000000000009,0.006700000000000039,0.0025250000000000133,0.0125,0.017,0.01,0.0027232333722984527,-0.00182,0.007000000000000001,0.0017500000000000003,63.916,64.12,63.65,0.16608431593621484,-0.11600000000000107,0.47000000000000597,0.11750000000000149
PR_DEF_PB_A_20250902-180107_01747.jpg,stream_images/PR_DEF_PB_A_20250902-180107_01747.jpg,2025-09-02 18:01:07,사전공정,불량,납볼 검사군,1747,R011053,26.8,26.53,26.28,26.02,25.75,45.32,44.96,44.78,44.38,44.28,0.2923,0.3169,0.3492,0.3744,0.4002,0.0178,0.0171,0.0169,0.0162,0.0155,77.99,77.49,77.19,76.69,76.52,26.276,44.744,0.3466,0.0167,77.176,2.7947139438565607,3.3222263302889057,True,EWMA 상한 이탈,소음,62.38048646218884,온도,15.401821624556659,설비 가동 소음원 점검,26.276,26.8,25.75,0.36913954001163346,-0.2610000000000003,1.0500000000000007,0.2625000000000002,44.744,45.32,44.28,0.381449865644228,-0.2659999999999997,1.0399999999999991,0.2599999999999998,0.3466,0.4002,0.2923,0.038686276636554204,0.02733,0.1079,0.026975,0.0167,0.0178,0.0155,0.0007874007874011812,-0.0005500000000000001,0.0023,0.000575,77.176,77.99,76.52,0.5344005988020589,-0.3739999999999995,1.4699999999999989,0.3674999999999997
PR_DEF_PB_A_20250902-180116_01748.jpg,stream_images/PR_DEF_PB_A_20250902-180116_01748.jpg,2025-09-02 18:01:16,사전공정,불량,납볼 검사군,1748,R011054,25.08,25.23,25.52,25.8,26.06,46.36,46.87,47.38,47.89,48.41,0.2401,0.2471,0.2555,0.2629,0.2688,0.0158,0.0137,0.0105,0.01,0.01,82.01,81.69,81.31,80.63,80.72,25.538,47.382,0.25487999999999994,0.012,81.272,3.693381388500655,3.3964573419312556,True,EWMA+단일점,소음,72.33532126629486,가속도,15.83185662773353,설비 가동 소음원 점검,25.538,26.06,25.08,0.3594662710185756,0.2530000000000001,0.9800000000000004,0.2450000000000001,47.382,48.41,46.36,0.724082868185679,0.5119999999999998,2.049999999999997,0.5124999999999993,0.25487999999999994,0.2688,0.2401,0.010367719131998125,0.007319999999999998,0.028699999999999976,0.007174999999999994,0.012,0.0158,0.01,0.0023486166140943483,-0.0015300000000000003,0.005800000000000001,0.0014500000000000003,81.272,82.01,80.63,0.5362238338604529,-0.3640000000000015,1.3800000000000097,0.36750000000000327
PR_DEF_PB_A_20250902-180126_01749.jpg,stream_images/PR_DEF_PB_A_20250902-180126_01749.jpg,2025-09-02 18:01:26,사전공정,불량,납볼 검사군,1749,R011055,24.11,24.13,24.14,24.25,24.3,43.15,42.51,42.12,41.53,41.25,0.538,0.5394,0.5444,0.5462,0.5467,0.0243,0.0248,0.0248,0.0252,0.0258,63.79,63.07,62.34,62.01,61.75,24.186,42.112,0.54294,0.02498,62.592,2.9104841640067383,3.2992627063463527,True,EWMA 상한 이탈,진동,56.447609832562605,습도,22.69976316995162,실장 설비(마운터) 점검,24.186,24.3,24.11,0.07499333303701111,0.05000000000000036,0.19000000000000128,0.04750000000000032,42.112,43.15,41.25,0.6808347817202047,-0.4779999999999994,1.8999999999999986,0.47499999999999964,0.54294,0.5467,0.538,0.0035730099356144976,0.002419999999999989,0.00869999999999993,0.0021749999999999825,0.02498,0.0258,0.0243,0.0004995998398718724,0.00034000000000000035,0.0015000000000000013,0.00037500000000000033,62.592,63.79,61.75,0.7449671133681001,-0.514,2.039999999999999,0.5099999999999998
PR_DEF_PB_A_20250902-180206_01750.jpg,stream_images/PR_DEF_PB_A_20250902-180206_01750.jpg,2025-09-02 18:02:06,사전공정,불량,납볼 검사군,1750,R011056,24.02,23.79,23.52,23.27,23.0,51.06,50.61,50.34,49.87,49.67,0.5268,0.5246,0.5214,0.5241,0.5242,0.0312,0.0286,0.0257,0.0229,0.0203,67.97,67.68,67.34,67.02,66.58,23.52,50.31,0.5242199999999999,0.025739999999999996,67.318,2.34466230956601,3.1083426269902845,True,EWMA 상한 이탈,진동,70.57842468191107,온도,29.238807530969694,실장 설비(마운터) 점검,23.52,24.02,23.0,0.3621601855532989,-0.2559999999999999,1.0199999999999996,0.2549999999999999,50.31,51.06,49.67,0.5013182621848128,-0.3520000000000003,1.3900000000000006,0.34750000000000014,0.5242199999999999,0.5268,0.5214,0.0017186040847152867,-0.0005700000000000039,0.005400000000000071,0.002050000000000024,0.025739999999999996,0.0312,0.0203,0.0038897814848651846,-0.00275,0.0109,0.002725,67.318,67.97,66.58,0.48786883483166016,-0.3440000000000012,1.3900000000000006,0.34750000000000014
PR_DEF_PB_A_20250902-180258_01751.jpg,stream_images/PR_DEF_PB_A_20250902-180258_01751.jpg,2025-09-02 18:02:58,사전공정,불량,납볼 검사군,1751,R011057,24.66,24.83,24.92,25.02,25.09,47.45,47.4,47.93,48.23,48.53,0.5876,0.5927,0.5939,0.5974,0.6,0.0335,0.0297,0.0272,0.0244,0.0212,65.78,66.44,66.61,66.82,67.17,24.904,47.908,0.59432,0.027200000000000002,66.564,2.804275391042526,3.047529179800733,True,EWMA 상한 이탈,진동,96.77502436766298,습도,1.7898888887290194,실장 설비(마운터) 점검,24.904,25.09,24.66,0.15054567413247055,0.10500000000000007,0.4299999999999997,0.10749999999999993,47.908,48.53,47.4,0.4379223675493176,0.2989999999999995,1.1300000000000026,0.2950000000000017,0.59432,0.6,0.5876,0.0042357525895642175,0.002949999999999997,0.012399999999999967,0.0030999999999999917,0.027200000000000002,0.0335,0.0212,0.004237452064625629,-0.0029900000000000005,0.012300000000000002,0.0030750000000000005,66.564,67.17,65.78,0.4615018959874374,0.31599999999999967,1.3900000000000006,0.34750000000000014
PR_DEF_PB_A_20250902-180329_01752.jpg,stream_images/PR_DEF_PB_A_20250902-180329_01752.jpg,2025-09-02 18:03:29,사전공정,불량,납볼 검사군,1752,R011058,26.64,26.7,26.77,26.84,26.87,71.84,71.52,70.82,70.34,69.94,0.3536,0.3553,0.3565,0.3579,0.3607,0.0128,0.0133,0.0137,0.0145,0.015,70.61,70.75,70.99,70.91,70.9,26.764,70.892,0.35680000000000006,0.01386,70.832,4.20473563812772,3.2789704714661303,True,EWMA+단일점,습도,74.38976509940974,온도,13.162665038714987,자재 보관 환경 점검,26.764,26.87,26.64,0.08546344247688614,0.060000000000000143,0.23000000000000043,0.05750000000000011,70.892,71.84,69.94,0.7084179557295259,-0.4980000000000004,1.9000000000000057,0.4750000000000014,0.35680000000000006,0.3607,0.3536,0.0024083189157584587,0.0016799999999999981,0.007099999999999995,0.0017749999999999988,0.01386,0.015,0.0128,0.000796492310069595,0.00056,0.002199999999999999,0.0005499999999999997,70.832,70.99,70.61,0.13541048703848524,0.07400000000000091,0.37999999999999545,0.11749999999999616
PR_DEF_PB_A_20250902-180523_01753.jpg,stream_images/PR_DEF_PB_A_20250902-180523_01753.jpg,2025-09-02 18:05:23,사전공정,불량,납볼 검사군,1753,R011059,23.19,23.14,23.05,23.0,23.0,46.64,46.58,46.43,46.25,46.17,0.2468,0.2384,0.2269,0.2134,0.2,0.043,0.0437,0.0443,0.0445,0.0453,66.02,65.32,64.83,63.89,63.12,23.076,46.414,0.2251,0.04416,64.636,3.2089053728951895,3.2649574517519424,True,EWMA 상한 이탈,가속도,45.589224334349375,온도,26.376743295740162,컨베이어 이송계열 점검,23.076,23.19,23.0,0.07657675887630702,-0.05200000000000031,0.19000000000000128,0.04750000000000032,46.414,46.64,46.17,0.18183509012289067,-0.1269999999999996,0.46999999999999886,0.11749999999999972,0.2251,0.2468,0.2,0.016839952493994743,-0.011859999999999996,0.04679999999999998,0.011699999999999995,0.04416,0.0453,0.043,0.0007735631842325491,0.0005400000000000002,0.0023000000000000034,0.0005750000000000009,64.636,66.02,63.12,1.0272020249201212,-0.722999999999999,2.8999999999999986,0.7249999999999996
PR_DEF_PB_A_20250902-180541_01754.jpg,stream_images/PR_DEF_PB_A_20250902-180541_01754.jpg,2025-09-02 18:05:41,사전공정,불량,납볼 검사군,1754,R011060,25.6,25.76,25.88,26.03,26.15,46.91,46.83,46.49,46.49,46.52,0.5901,0.5841,0.5832,0.5798,0.5729,0.0391,0.04,0.04,0.04,0.04,62.25,63.07,63.82,64.32,64.79,25.883999999999997,46.648,0.58202,0.03982000000000001,63.65,3.3575035430301035,3.2834666700075745,True,EWMA 상한 이탈,진동,60.3269359664034,가속도,24.571542327170455,실장 설비(마운터) 점검,25.883999999999997,26.15,25.6,0.1939690696992685,0.1369999999999994,0.5499999999999972,0.1374999999999993,46.648,46.91,46.49,0.183346666181851,-0.11199999999999832,0.4199999999999946,0.11249999999999893,0.58202,0.5901,0.5729,0.005641063729475142,-0.003869999999999996,0.017199999999999993,0.004299999999999998,0.03982000000000001,0.04,0.0391,0.0003599999999999992,0.0001799999999999996,0.000899999999999998,0.0002249999999999995,63.65,64.79,62.25,0.9026405707700053,0.6330000000000006,2.5400000000000063,0.6350000000000016
PR_DEF_PB_A_20250902-180604_01755.jpg,stream_images/PR_DEF_PB_A_20250902-180604_01755.jpg,2025-09-02 18:06:04,사전공정,불량,납볼 검사군,1755,R011061,26.75,26.57,26.36,26.14,25.93,44.8,44.89,44.69,44.71,45.22,0.3204,0.2969,0.2769,0.2531,0.2264,0.0415,0.0428,0.0442,0.0446,0.0453,61.31,61.59,62.44,63.32,63.78,26.35,44.862,0.27474,0.043680000000000004,62.488,2.9496389788799093,3.2167011317820418,True,EWMA 상한 이탈,가속도,51.17009413860729,온도,15.577790684903153,컨베이어 이송계열 점검,26.35,26.75,25.93,0.29291637031753626,-0.20700000000000002,0.8200000000000003,0.20500000000000007,44.862,45.22,44.69,0.19260321908005593,0.06600000000000036,0.5300000000000011,0.20500000000000185,0.27474,0.3204,0.2264,0.03281954295842647,-0.023180000000000006,0.09400000000000003,0.023500000000000007,0.043680000000000004,0.0453,0.0415,0.0013614697940094007,0.0009399999999999999,0.003799999999999998,0.0009499999999999995,62.488,63.78,61.31,0.9547648925259026,0.6669999999999995,2.469999999999999,0.6174999999999997
PR_DEF_PB_A_20250902-180615_01756.jpg,stream_images/PR_DEF_PB_A_20250902-180615_01756.jpg,2025-09-02 18:06:15,사전공정,불량,납볼 검사군,1756,R011062,25.2,25.47,25.73,26.02,26.26,48.82,49.45,49.54,50.18,50.66,0.5356,0.543,0.5533,0.5582,0.5626,0.0354,0.0379,0.04,0.04,0.04,74.4,74.88,75.0,75.0,75.0,25.736,49.730000000000004,0.55054,0.03866000000000001,74.856,3.274972930156644,3.2283554914569628,True,EWMA 상한 이탈,진동,47.70513235616885,소음,26.365958986470943,실장 설비(마운터) 점검,25.736,26.26,25.2,0.3777088826066982,0.2670000000000005,1.0600000000000023,0.26500000000000057,49.730000000000004,50.66,48.82,0.6340346993658931,0.44099999999999895,1.8399999999999963,0.4599999999999991,0.55054,0.5626,0.5356,0.009917580350065238,0.006920000000000004,0.027000000000000024,0.006750000000000006,0.03866000000000001,0.04,0.0354,0.001821647605877712,0.0011299999999999997,0.0046,0.00115,74.856,75.0,74.4,0.23268863315598148,0.1319999999999993,0.5999999999999943,0.14999999999999858
PR_DEF_PB_A_20250902-180625_01757.jpg,stream_images/PR_DEF_PB_A_20250902-180625_01757.jpg,2025-09-02 18:06:25,사전공정,불량,납볼 검사군,1757,R011063,24.58,24.54,24.48,24.41,24.36,40.44,40.0,40.0,40.0,40.0,0.5461,0.5508,0.5572,0.5642,0.5658,0.0328,0.0312,0.0303,0.0297,0.0291,61.91,61.05,60.15,60.0,60.0,24.473999999999997,40.088,0.55682,0.03062,60.622,3.4063720853137314,3.2639588102283166,True,EWMA 상한 이탈,진동,47.23595731730073,습도,25.987903012506163,실장 설비(마운터) 점검,24.473999999999997,24.58,24.36,0.08089499366462628,-0.056999999999999676,0.21999999999999886,0.054999999999999716,40.088,40.44,40.0,0.1759999999999991,-0.08799999999999955,0.4399999999999977,0.10999999999999943,0.55682,0.5658,0.5461,0.007568460873916174,0.005279999999999996,0.01969999999999994,0.004924999999999985,0.03062,0.0328,0.0291,0.001292130024417048,-0.0008900000000000002,0.003700000000000002,0.0009250000000000005,60.622,61.91,60.0,0.7534825810859851,-0.48699999999999904,1.9099999999999966,0.47749999999999915
PR_DEF_PB_A_20250902-180649_01758.jpg,stream_images/PR_DEF_PB_A_20250902-180649_01758.jpg,2025-09-02 18:06:49,사전공정,불량,납볼 검사군,1758,R011064,23.97,23.95,23.96,23.94,23.95,58.76,58.88,59.18,59.55,60.0,0.3303,0.3357,0.3396,0.3517,0.361,0.0443,0.0441,0.0437,0.044,0.0447,66.18,67.3,68.24,68.94,69.93,23.954,59.274,0.34365999999999997,0.04415999999999999,68.11800000000001,2.83179048624331,3.1775251454313156,True,EWMA 상한 이탈,가속도,58.14267383240277,습도,31.64183695461787,컨베이어 이송계열 점검,23.954,23.97,23.94,0.010198039027185074,-0.004999999999999716,0.029999999999997584,0.01499999999999968,59.274,60.0,58.76,0.45420700126704316,0.31499999999999984,1.240000000000002,0.3100000000000005,0.34365999999999997,0.361,0.3303,0.011168276500875148,0.007740000000000002,0.030700000000000005,0.007675000000000001,0.04415999999999999,0.0447,0.0437,0.00033226495451672133,6.999999999999923e-05,0.000999999999999994,0.0003999999999999976,68.11800000000001,69.93,66.18,1.2960617269250718,0.914,3.75,0.9375
PR_DEF_PB_A_20250902-180654_01759.jpg,stream_images/PR_DEF_PB_A_20250902-180654_01759.jpg,2025-09-02 18:06:54,사전공정,불량,납볼 검사군,1759,R011065,23.93,24.12,24.33,24.45,24.61,56.69,57.06,58.06,58.8,59.46,0.516,0.5173,0.5208,0.521,0.5212,0.0179,0.0172,0.0165,0.0168,0.0169,73.07,73.8,74.3,74.79,75.0,24.288,58.013999999999996,0.5192599999999999,0.01706,74.19200000000001,3.018802816075843,3.1457806795602212,True,EWMA 상한 이탈,진동,40.18761022778515,소음,25.845787022777795,실장 설비(마운터) 점검,24.288,24.61,23.93,0.24003333101883959,0.16899999999999976,0.6799999999999997,0.16999999999999993,58.013999999999996,59.46,56.69,1.0367178979838247,0.7280000000000001,2.770000000000003,0.6925000000000008,0.5192599999999999,0.5212,0.516,0.002174028518672198,0.0014100000000000002,0.005199999999999982,0.0012999999999999956,0.01706,0.0179,0.0165,0.0004758150901348126,-0.00024000000000000028,0.0013999999999999985,0.000449999999999999,74.19200000000001,75.0,73.07,0.6978079965148042,0.48500000000000226,1.9300000000000068,0.4825000000000017
PR_DEF_PB_A_20250902-180723_01760.jpg,stream_images/PR_DEF_PB_A_20250902-180723_01760.jpg,2025-09-02 18:07:23,사전공정,불량,납볼 검사군,1760,R011066,25.29,25.46,25.69,25.84,26.04,71.97,72.19,72.55,73.21,73.36,0.2158,0.2235,0.2292,0.2301,0.2375,0.0301,0.031,0.0331,0.0357,0.0367,65.48,65.81,65.75,66.49,67.06,25.663999999999998,72.65599999999999,0.22721999999999998,0.03332,66.11800000000001,4.321646887935624,3.380953921235302,True,EWMA+단일점,습도,82.36903658528377,진동,10.593777327256335,자재 보관 환경 점검,25.663999999999998,26.04,25.29,0.2662780501656115,0.1879999999999999,0.75,0.1875,72.65599999999999,73.36,71.97,0.5479999999999994,0.3799999999999997,1.3900000000000006,0.34750000000000014,0.22721999999999998,0.2375,0.2158,0.007240828681856792,0.004999999999999999,0.021699999999999997,0.005424999999999999,0.03332,0.0367,0.0301,0.0025646832163056725,0.0017900000000000012,0.006600000000000005,0.0016500000000000013,66.11800000000001,67.06,65.48,0.5767287057187277,0.3839999999999989,1.5799999999999983,0.4250000000000007
PR_DEF_PB_A_20250902-180734_01761.jpg,stream_images/PR_DEF_PB_A_20250902-180734_01761.jpg,2025-09-02 18:07:34,사전공정,불량,납볼 검사군,1761,R011067,26.44,26.21,25.98,25.77,25.51,49.47,49.36,49.83,50.04,50.72,0.5975,0.5995,0.6,0.6,0.6,0.0328,0.0315,0.0303,0.0294,0.0275,64.8,65.26,66.18,66.73,67.64,25.982,49.884,0.5994,0.0303,66.122,3.006339277208478,3.3060309924299376,True,EWMA 상한 이탈,진동,87.09897005424781,온도,7.887894375012815,실장 설비(마운터) 점검,25.982,26.44,25.51,0.3254166559965855,-0.23000000000000007,0.9299999999999997,0.23249999999999993,49.884,50.72,49.36,0.48417352261353563,0.31799999999999995,1.3599999999999994,0.3674999999999997,0.5994,0.6,0.5975,0.000969535971483246,0.0005499999999999839,0.0024999999999999467,0.0006249999999999867,0.0303,0.0328,0.0275,0.0018077610461562676,-0.0012700000000000007,0.005300000000000003,0.0013250000000000007,66.122,67.64,64.8,1.016669071035409,0.7150000000000005,2.8400000000000034,0.7100000000000009
PR_DEF_PB_A_20250902-180743_01762.jpg,stream_images/PR_DEF_PB_A_20250902-180743_01762.jpg,2025-09-02 18:07:43,사전공정,불량,납볼 검사군,1762,R011068,24.43,24.45,24.41,24.45,24.48,45.86,45.67,44.99,44.89,44.57,0.3731,0.3614,0.3524,0.336,0.322,0.0205,0.0191,0.0184,0.0171,0.0148,84.74,84.61,84.47,84.32,84.19,24.444,45.196000000000005,0.34898,0.017980000000000003,84.466,4.066980013831618,3.458220796710274,True,EWMA+단일점,소음,90.54416178794709,습도,4.2921367986073236,설비 가동 소음원 점검,24.444,24.48,24.41,0.023323807579381257,0.010000000000000142,0.07000000000000028,0.03249999999999975,45.196000000000005,45.86,44.57,0.4885734335798457,-0.33599999999999997,1.2899999999999991,0.3224999999999998,0.34898,0.3731,0.322,0.01813354901832511,-0.012759999999999994,0.05109999999999998,0.012774999999999995,0.017980000000000003,0.0205,0.0148,0.00193225257148231,-0.0013399999999999998,0.0057,0.001425,84.466,84.74,84.19,0.19663163529808741,-0.13900000000000007,0.5499999999999972,0.1374999999999993
PR_DEF_PB_A_20250902-180840_01763.jpg,stream_images/PR_DEF_PB_A_20250902-180840_01763.jpg,2025-09-02 18:08:40,사전공정,불량,납볼 검사군,1763,R011069,25.64,25.73,25.82,25.94,26.07,43.33,44.02,44.27,45.08,45.67,0.4531,0.4787,0.5,0.5,0.5,0.0222,0.02,0.0183,0.0176,0.0152,82.87,81.83,80.69,79.62,78.88,25.839999999999996,44.474000000000004,0.48636,0.018660000000000003,80.77799999999999,3.6830742792887876,3.5031914932259767,True,EWMA+단일점,소음,68.00002137683491,진동,17.348827511137802,설비 가동 소음원 점검,25.839999999999996,26.07,25.64,0.1519210321186636,0.10700000000000003,0.4299999999999997,0.10749999999999993,44.474000000000004,45.67,43.33,0.8190384606353968,0.5740000000000002,2.3400000000000034,0.5850000000000009,0.48636,0.5,0.4531,0.01856368497901211,0.011509999999999998,0.0469,0.011725,0.018660000000000003,0.0222,0.0152,0.0023474241201793936,-0.0016400000000000002,0.007000000000000001,0.0017500000000000003,80.77799999999999,82.87,78.88,1.4445954450987324,-1.0190000000000012,3.990000000000009,0.9975000000000023
PR_DEF_NB_A_20250902-180928_01772.jpg,stream_images/PR_DEF_NB_A_20250902-180928_01772.jpg,2025-09-02 18:09:28,사전공정,불량,납부족 검사군,1772,R003431,25.06,25.28,25.57,25.78,26.07,46.4,46.15,46.02,46.27,46.5,0.4293,0.4006,0.3685,0.3506,0.3202,0.0256,0.0273,0.0292,0.0313,0.0338,87.85,87.04,86.56,85.69,85.04,25.552,46.268,0.37384000000000006,0.02944,86.436,4.442439619849283,3.691041118550638,True,EWMA+단일점,소음,95.0461944622915,습도,2.2010573565256917,설비 가동 소음원 점검,25.552,26.07,25.06,0.35684170159890266,0.25200000000000033,1.0100000000000016,0.2525000000000004,46.268,46.5,46.02,0.1712775525280522,0.032000000000000736,0.4799999999999969,0.21499999999999808,0.37384000000000006,0.4293,0.3202,0.03804673967635073,-0.026820000000000004,0.10910000000000003,0.027275000000000008,0.02944,0.0338,0.0256,0.00289316435758496,0.0020399999999999993,0.008199999999999995,0.002049999999999999,86.436,87.85,85.04,0.9884250098009437,-0.6969999999999985,2.809999999999988,0.702499999999997
PR_DEF_PB_A_20250902-180934_01764.jpg,stream_images/PR_DEF_PB_A_20250902-180934_01764.jpg,2025-09-02 18:09:34,사전공정,불량,납볼 검사군,1764,R011070,25.23,25.17,25.1,25.06,24.99,45.13,45.8,46.13,46.4,46.64,0.2451,0.2513,0.2568,0.2625,0.2659,0.0365,0.0338,0.0311,0.0292,0.0272,81.45,81.22,80.51,79.7,79.4,25.11,46.02,0.25632,0.03156,80.45599999999999,3.3057405527871677,3.613981005397944,True,EWMA 상한 이탈,소음,79.96810504235981,진동,10.499005133491973,설비 가동 소음원 점검,25.11,25.23,24.99,0.08366600265340848,-0.0590000000000007,0.240000000000002,0.0600000000000005,46.02,46.64,45.13,0.5256234393555899,0.36199999999999977,1.509999999999998,0.3774999999999995,0.25632,0.2659,0.2451,0.00750050664955375,0.005280000000000002,0.020800000000000013,0.005200000000000003,0.03156,0.0365,0.0272,0.003292779980502796,-0.0023199999999999996,0.0093,0.002325,80.45599999999999,81.45,79.4,0.8076286275262893,-0.5619999999999991,2.049999999999997,0.5124999999999993
PR_DEF_PB_A_20250902-180940_01765.jpg,stream_images/PR_DEF_PB_A_20250902-180940_01765.jpg,2025-09-02 18:09:40,사전공정,불량,납볼 검사군,1765,R011071,25.86,26.07,26.29,26.53,26.76,42.51,42.27,42.17,42.36,42.27,0.3463,0.3253,0.3039,0.2905,0.271,0.0209,0.0214,0.022,0.0237,0.0249,87.95,88.53,88.95,89.54,90.0,26.302,42.316,0.3074,0.02258,88.994,5.240320323910738,3.9392488691005028,True,EWMA+단일점,소음,87.71717722100284,습도,6.552843973775207,설비 가동 소음원 점검,26.302,26.76,25.86,0.31971237073344605,0.2260000000000005,0.9000000000000021,0.22500000000000053,42.316,42.51,42.17,0.11412274094149517,-0.03899999999999935,0.3399999999999963,0.15499999999999758,0.3074,0.3463,0.271,0.026292356303686433,-0.018539999999999994,0.07529999999999998,0.018824999999999995,0.02258,0.0249,0.0209,0.0014958609561052123,0.00103,0.004,0.001,88.994,90.0,87.95,0.723508120203222,0.5109999999999999,2.049999999999997,0.5124999999999993
PR_DEF_PB_A_20250902-180944_01766.jpg,stream_images/PR_DEF_PB_A_20250902-180944_01766.jpg,2025-09-02 18:09:44,사전공정,불량,납볼 검사군,1766,R011072,25.23,25.52,25.82,26.06,26.34,71.66,71.88,71.78,72.01,72.25,0.3983,0.3999,0.4,0.3965,0.3994,0.0372,0.0353,0.0328,0.0307,0.0282,64.14,64.88,65.83,66.57,67.78,25.794,71.916,0.39882,0.03284,65.83999999999999,3.9992312964007857,3.9512453545605597,True,EWMA+단일점,습도,89.45890052763383,가속도,4.856840674389495,자재 보관 환경 점검,25.794,26.34,25.23,0.39056881595949233,0.2759999999999998,1.1099999999999994,0.27749999999999986,71.916,72.25,71.66,0.20283983829613095,0.13100000000000164,0.5900000000000034,0.197499999999998,0.39882,0.4,0.3965,0.001307516730294485,-0.00011999999999999789,0.003500000000000003,0.002024999999999999,0.03284,0.0372,0.0282,0.0031991248803383706,-0.002259999999999999,0.008999999999999998,0.0022499999999999994,65.83999999999999,67.78,64.14,1.273436296011701,0.8969999999999999,3.6400000000000006,0.9100000000000001
PR_DEF_NB_A_20250902-180947_01773.jpg,stream_images/PR_DEF_NB_A_20250902-180947_01773.jpg,2025-09-02 18:09:47,사전공정,불량,납부족 검사군,1773,R003432,25.92,26.05,26.18,26.39,26.52,63.2,63.77,63.35,63.1,63.07,0.2265,0.2009,0.2,0.2,0.2,0.0343,0.0366,0.0374,0.0392,0.04,72.12,72.81,73.44,74.21,74.99,26.212,63.298,0.20547999999999997,0.0375,73.514,3.6235830808094427,3.8857128998103363,True,EWMA+단일점,습도,40.59914353024045,진동,21.040622916236003,자재 보관 환경 점검,26.212,26.52,25.92,0.21866869917754517,0.15399999999999955,0.5999999999999979,0.14999999999999947,63.298,63.77,63.07,0.25545253962331316,-0.09300000000000068,0.7000000000000028,0.3175000000000008,0.20547999999999997,0.2265,0.2,0.010515778620720386,-0.005389999999999997,0.026499999999999996,0.006624999999999999,0.0375,0.04,0.0343,0.002009975124224179,0.0014000000000000006,0.005700000000000004,0.001425000000000001,73.514,74.99,72.12,1.010675021953146,0.7139999999999972,2.8699999999999903,0.7174999999999976
PR_DEF_NB_A_20250902-181006_01774.jpg,stream_images/PR_DEF_NB_A_20250902-181006_01774.jpg,2025-09-02 18:10:06,사전공정,불량,납부족 검사군,1774,R003433,25.87,25.86,25.81,25.78,25.76,76.8,77.29,77.82,78.16,78.42,0.4133,0.4285,0.4489,0.4638,0.4827,0.0379,0.04,0.04,0.04,0.04,74.01,73.13,71.97,71.0,70.0,25.816000000000003,77.69800000000001,0.44744,0.039580000000000004,72.022,5.337714656075728,4.1761132510634145,True,EWMA+단일점,습도,80.76222949818755,가속도,9.52253322970466,자재 보관 환경 점검,25.816000000000003,25.87,25.76,0.043174066289845374,-0.029999999999999714,0.10999999999999943,0.027499999999999858,77.69800000000001,78.42,76.8,0.5869378161270574,0.4109999999999999,1.6200000000000045,0.40500000000000114,0.44744,0.4827,0.4133,0.024646752321553448,0.017410000000000002,0.06940000000000002,0.017350000000000004,0.039580000000000004,0.04,0.0379,0.0008399999999999991,0.00041999999999999953,0.0020999999999999977,0.0005249999999999994,72.022,74.01,70.0,1.4363481472122288,-1.0150000000000006,4.010000000000005,1.0025000000000013
PR_DEF_PB_A_20250902-181008_01767.jpg,stream_images/PR_DEF_PB_A_20250902-181008_01767.jpg,2025-09-02 18:10:08,사전공정,불량,납볼 검사군,1767,R011073,25.54,25.65,25.84,25.95,26.08,48.53,47.76,47.1,46.45,45.55,0.4383,0.4526,0.4603,0.4798,0.4939,0.0422,0.0434,0.0443,0.0447,0.0455,71.29,70.52,69.75,69.45,68.74,25.812,47.077999999999996,0.46498,0.044020000000000004,69.95,2.704858813955312,3.881862363641794,True,EWMA 상한 이탈,가속도,62.683215821552494,진동,22.711012522230476,컨베이어 이송계열 점검,25.812,26.08,25.54,0.195897932607774,0.1379999999999999,0.5399999999999991,0.1349999999999998,47.077999999999996,48.53,45.55,1.0298621266946373,-0.7270000000000003,2.980000000000004,0.745000000000001,0.46498,0.4939,0.4383,0.019712879038841582,0.013839999999999996,0.05559999999999998,0.013899999999999996,0.044020000000000004,0.0455,0.0422,0.0011338430226446679,0.000789999999999999,0.0032999999999999974,0.0008249999999999993,69.95,71.29,68.74,0.8802954049635863,-0.6170000000000015,2.5500000000000114,0.6375000000000028
PR_DEF_NB_A_20250902-181014_01775.jpg,stream_images/PR_DEF_NB_A_20250902-181014_01775.jpg,2025-09-02 18:10:14,사전공정,불량,납부족 검사군,1775,R003434,26.3,26.32,26.32,26.31,26.34,44.06,43.73,43.46,43.08,42.91,0.2248,0.2301,0.2366,0.2463,0.2537,0.0331,0.0333,0.035,0.0355,0.0368,76.88,76.97,77.34,77.36,77.54,26.318,43.44799999999999,0.2383,0.03474,77.218,3.217333368222575,3.7489565645579503,True,EWMA 상한 이탈,소음,47.56391146318275,진동,15.73388598115013,설비 가동 소음원 점검,26.318,26.34,26.3,0.01326649916142153,0.006999999999999673,0.03999999999999915,0.015000000000000568,43.44799999999999,44.06,42.91,0.41930418552645193,-0.295000000000001,1.1500000000000057,0.2875000000000014,0.2383,0.2537,0.2248,0.010521786920480754,0.007399999999999995,0.02889999999999998,0.007224999999999995,0.03474,0.0368,0.0331,0.0013893883546366719,0.0009599999999999997,0.003700000000000002,0.0009250000000000005,77.218,77.54,76.88,0.2507907494306791,0.1710000000000022,0.6600000000000108,0.1650000000000027
PR_DEF_PB_A_20250902-181015_01768.jpg,stream_images/PR_DEF_PB_A_20250902-181015_01768.jpg,2025-09-02 18:10:15,사전공정,불량,납볼 검사군,1768,R011074,24.96,25.21,25.45,25.69,26.0,40.65,40.17,40.0,40.0,40.0,0.5877,0.5823,0.5729,0.563,0.5538,0.025,0.0257,0.0255,0.0256,0.0258,70.5,71.49,72.51,73.46,74.65,25.462,40.164,0.5719399999999999,0.025519999999999998,72.522,3.2714357988435756,3.6534524114150755,True,EWMA 상한 이탈,진동,58.611055926113245,습도,27.558560641148986,실장 설비(마운터) 점검,25.462,26.0,24.96,0.36251344802641444,0.2559999999999999,1.0399999999999991,0.2599999999999998,40.164,40.65,40.0,0.25176179217665207,-0.14699999999999988,0.6499999999999986,0.16249999999999964,0.5719399999999999,0.5877,0.5538,0.012374263614454019,-0.008710000000000018,0.03390000000000004,0.00847500000000001,0.025519999999999998,0.0258,0.025,0.00027856776554368207,0.0001499999999999998,0.0007999999999999986,0.0003000000000000008,72.522,74.65,70.5,1.4534015274520682,1.027000000000001,4.150000000000006,1.0375000000000014
PR_DEF_PB_A_20250902-181016_01769.jpg,stream_images/PR_DEF_PB_A_20250902-181016_01769.jpg,2025-09-02 18:10:16,사전공정,불량,납볼 검사군,1769,R011075,25.84,25.82,25.73,25.67,25.63,44.41,43.78,43.34,42.93,42.55,0.5873,0.594,0.6,0.6,0.6,0.0387,0.0382,0.0379,0.0368,0.0359,71.48,72.2,73.09,73.62,74.52,25.738,43.402,0.59626,0.0375,72.982,3.605197360725904,3.6438014012772415,True,EWMA 상한 이탈,진동,59.33319544633478,가속도,15.239679075697996,실장 설비(마운터) 점검,25.738,25.84,25.63,0.08182909018191513,-0.05700000000000003,0.21000000000000085,0.05250000000000021,43.402,44.41,42.55,0.6498430579763084,-0.457,1.8599999999999994,0.46499999999999986,0.59626,0.6,0.5873,0.0050468207814424884,0.0031399999999999874,0.012699999999999934,0.0031749999999999834,0.0375,0.0387,0.0359,0.0010139033484509253,-0.0006999999999999992,0.002799999999999997,0.0006999999999999992,72.982,74.52,71.48,1.0631726106329091,0.7499999999999986,3.039999999999992,0.759999999999998
PR_DEF_PB_A_20250902-181031_01770.jpg,stream_images/PR_DEF_PB_A_20250902-181031_01770.jpg,2025-09-02 18:10:31,사전공정,불량,납볼 검사군,1770,R011076,23.12,23.0,23.0,23.0,23.0,55.79,55.66,55.1,54.63,54.31,0.2573,0.2723,0.2846,0.2964,0.3123,0.0416,0.0413,0.04,0.04,0.0405,64.19,63.9,63.36,63.38,63.3,23.024,55.098,0.28458,0.04068000000000001,63.626,2.8426481154163206,3.483570744105058,True,EWMA 상한 이탈,가속도,38.61979483258675,온도,35.22728039159356,컨베이어 이송계열 점검,23.024,23.12,23.0,0.048000000000000397,-0.024000000000000198,0.120000000000001,0.03000000000000025,55.098,55.79,54.31,0.5717831756881255,-0.3989999999999988,1.4799999999999969,0.3699999999999992,0.28458,0.3123,0.2573,0.01899003949442972,0.01341000000000001,0.05500000000000005,0.013750000000000012,0.04068000000000001,0.0416,0.04,0.0006615134163416488,-0.0003499999999999996,0.0015999999999999973,0.0005249999999999994,63.626,64.19,63.3,0.35516756608676914,-0.2299999999999997,0.8900000000000006,0.2325000000000017
PR_DEF_PB_A_20250902-181139_01771.jpg,stream_images/PR_DEF_PB_A_20250902-181139_01771.jpg,2025-09-02 18:11:39,사전공정,불량,납볼 검사군,1771,R011077,24.08,24.24,24.33,24.44,24.58,59.89,59.83,59.74,59.24,58.87,0.568,0.5607,0.5562,0.5512,0.5466,0.0298,0.031,0.0333,0.035,0.0364,62.39,62.3,62.27,62.0,61.8,24.333999999999996,59.513999999999996,0.55654,0.0331,62.152,3.26296139421251,3.4394488741265485,True,EWMA 상한 이탈,진동,50.43306780546786,습도,24.881636245244497,실장 설비(마운터) 점검,24.333999999999996,24.58,24.08,0.1703643155123752,0.12000000000000029,0.5,0.125,59.513999999999996,59.89,58.87,0.39550474080597375,-0.26300000000000023,1.0200000000000031,0.2550000000000008,0.55654,0.568,0.5466,0.0074306392726332625,-0.00522999999999999,0.021399999999999975,0.005349999999999994,0.0331,0.0364,0.0298,0.0024429490375363965,0.0017200000000000006,0.006600000000000002,0.0016500000000000004,62.152,62.39,61.8,0.21885154785836092,-0.1480000000000004,0.5900000000000034,0.14750000000000085
PR_DEF_PB_A_20250902-181224_01772.jpg,stream_images/PR_DEF_PB_A_20250902-181224_01772.jpg,2025-09-02 18:12:24,사전공정,불량,납볼 검사군,1772,R011078,26.35,26.5,26.72,26.9,27.0,77.23,77.46,76.55,75.86,76.06,0.4439,0.4193,0.3885,0.3688,0.3427,0.0318,0.0309,0.0295,0.0276,0.0268,69.74,70.73,71.18,72.04,72.83,26.694,76.632,0.39264,0.029320000000000002,71.304,4.971372838629969,3.7458336670272327,True,EWMA+단일점,습도,86.39809402887445,온도,8.665503436565855,자재 보관 환경 점검,26.694,27.0,26.35,0.24195867415738515,0.16999999999999957,0.6499999999999986,0.16249999999999964,76.632,77.46,75.86,0.6281846862189483,-0.3939999999999998,1.5999999999999943,0.5074999999999967,0.39264,0.4439,0.3427,0.03582689492546068,-0.02529,0.10120000000000001,0.025300000000000003,0.029320000000000002,0.0318,0.0268,0.0018967340351245877,-0.0013300000000000002,0.005000000000000001,0.0012500000000000002,71.304,72.83,69.74,1.0640789444397454,0.7490000000000009,3.0900000000000034,0.7725000000000009
PR_DEF_NB_A_20250902-181240_01776.jpg,stream_images/PR_DEF_NB_A_20250902-181240_01776.jpg,2025-09-02 18:12:40,사전공정,불량,납부족 검사군,1776,R003435,23.51,23.73,24.01,24.25,24.45,47.39,46.7,45.99,45.25,44.66,0.4146,0.4167,0.4173,0.4193,0.421,0.0189,0.0192,0.0187,0.0187,0.0187,84.29,83.16,82.61,81.6,80.64,23.990000000000002,45.998000000000005,0.41778000000000004,0.018840000000000003,82.46,3.737791324520066,3.7442251985257995,True,EWMA+단일점,소음,83.5697945370741,온도,5.285634476991368,설비 가동 소음원 점검,23.990000000000002,24.45,23.51,0.33988233257996736,0.2399999999999995,0.9399999999999977,0.23499999999999943,45.998000000000005,47.39,44.66,0.9777811616103079,-0.6910000000000011,2.730000000000004,0.682500000000001,0.41778000000000004,0.421,0.4146,0.002199454477819431,0.0015399999999999915,0.006399999999999961,0.0015999999999999903,0.018840000000000003,0.0192,0.0187,0.00019595917942265306,-8.999999999999945e-05,0.000499999999999997,0.0001999999999999988,82.46,84.29,80.64,1.2580461040836322,-0.8860000000000013,3.6500000000000057,0.9125000000000014
PR_DEF_PB_A_20250902-181242_01773.jpg,stream_images/PR_DEF_PB_A_20250902-181242_01773.jpg,2025-09-02 18:12:42,사전공정,불량,납볼 검사군,1773,R011079,24.63,24.97,25.26,25.57,25.86,48.68,48.17,47.61,47.2,46.94,0.3003,0.2899,0.2909,0.2862,0.2788,0.0223,0.0231,0.0234,0.0241,0.0245,79.34,80.48,81.34,82.0,83.08,25.258000000000003,47.71999999999999,0.28922,0.02348,81.24799999999999,3.25400684659673,3.646181528139986,True,EWMA 상한 이탈,소음,93.04168117068222,진동,4.620520324011535,설비 가동 소음원 점검,25.258000000000003,25.86,24.63,0.43291569618113906,0.3060000000000002,1.2300000000000004,0.3075000000000001,47.71999999999999,48.68,46.94,0.6348228099241554,-0.4450000000000003,1.740000000000002,0.4350000000000005,0.28922,0.3003,0.2788,0.0069820913772307555,-0.004670000000000002,0.02150000000000002,0.005875000000000005,0.02348,0.0245,0.0223,0.0007704544113703291,0.0005400000000000002,0.0022000000000000006,0.0005500000000000001,81.24799999999999,83.08,79.34,1.2775351267186335,0.8999999999999986,3.739999999999995,0.9349999999999987
PR_DEF_PB_A_20250902-181249_01774.jpg,stream_images/PR_DEF_PB_A_20250902-181249_01774.jpg,2025-09-02 18:12:49,사전공정,불량,납볼 검사군,1774,R011080,26.38,26.06,25.75,25.47,25.16,59.36,59.48,60.0,60.0,60.0,0.3426,0.3101,0.2765,0.2477,0.2205,0.0261,0.0268,0.0269,0.0269,0.0284,84.16,84.0,84.04,83.99,83.9,25.764,59.76800000000001,0.27948,0.027020000000000006,84.018,4.294187207805759,3.775782664073141,True,EWMA+단일점,소음,78.2550354142844,습도,15.473516564692957,설비 가동 소음원 점검,25.764,26.38,25.16,0.42860704613900097,-0.30299999999999977,1.2199999999999989,0.3049999999999997,59.76800000000001,60.0,59.36,0.28666356587470343,0.18000000000000044,0.6400000000000006,0.16000000000000014,0.27948,0.3426,0.2205,0.0434032441183836,-0.03066,0.12210000000000001,0.030525000000000004,0.027020000000000006,0.0284,0.0261,0.0007520638270785267,0.00046999999999999993,0.0023,0.000575,84.018,84.16,83.9,0.08447484832776944,-0.052999999999998694,0.2599999999999909,0.08500000000000085
PR_DEF_PB_A_20250902-181256_01775.jpg,stream_images/PR_DEF_PB_A_20250902-181256_01775.jpg,2025-09-02 18:12:56,사전공정,불량,납볼 검사군,1775,R011081,23.92,23.86,23.86,23.87,23.87,55.55,55.93,55.68,55.77,55.91,0.2991,0.3276,0.346,0.3702,0.3956,0.0448,0.0445,0.0437,0.0436,0.0439,70.43,71.17,71.94,73.0,73.93,23.876,55.76800000000001,0.3477,0.0441,72.09400000000001,2.7649006903610807,3.573606269330729,True,EWMA 상한 이탈,가속도,60.79401567357232,소음,14.406524152097813,컨베이어 이송계열 점검,23.876,23.92,23.86,0.02244994432064437,-0.008999999999999985,0.060000000000002274,0.01750000000000096,55.76800000000001,55.93,55.55,0.14260434775980727,0.05600000000000023,0.38000000000000256,0.21499999999999986,0.3477,0.3956,0.2991,0.033375200373930346,0.023560000000000005,0.09650000000000003,0.024125000000000008,0.0441,0.0448,0.0436,0.0004690415759823419,-0.0002699999999999994,0.0011999999999999997,0.00037500000000000033,72.09400000000001,73.93,70.43,1.2520479224055285,0.8829999999999998,3.5,0.875
PR_DEF_PB_A_20250902-181326_01776.jpg,stream_images/PR_DEF_PB_A_20250902-181326_01776.jpg,2025-09-02 18:13:26,사전공정,불량,납볼 검사군,1776,R011082,24.44,24.38,24.28,24.2,24.12,51.32,51.37,51.21,51.24,51.2,0.4392,0.4419,0.4464,0.4462,0.4522,0.0235,0.0222,0.0209,0.0192,0.0171,82.33,82.02,81.5,81.25,81.23,24.284,51.26800000000001,0.44518,0.02058,81.66600000000001,3.5126959830271085,3.561424212070005,True,EWMA 상한 이탈,소음,85.3235142411534,진동,9.255128760153962,설비 가동 소음원 점검,24.284,24.44,24.12,0.11620671237067158,-0.08200000000000003,0.3200000000000003,0.08000000000000007,51.26800000000001,51.37,51.2,0.06615134163416327,-0.036999999999999034,0.1699999999999946,0.06999999999999851,0.44518,0.4522,0.4392,0.004434591300221477,0.0030299999999999993,0.013000000000000012,0.0033500000000000196,0.02058,0.0235,0.0171,0.002248021352211762,-0.0015800000000000002,0.0063999999999999994,0.0015999999999999999,81.66600000000001,82.33,81.23,0.4374745706895411,-0.2969999999999985,1.0999999999999943,0.2749999999999986
PR_DEF_PB_A_20250902-181330_01777.jpg,stream_images/PR_DEF_PB_A_20250902-181330_01777.jpg,2025-09-02 18:13:30,사전공정,불량,납볼 검사군,1777,R011083,24.66,24.44,24.14,23.88,23.57,41.68,42.38,43.25,43.64,44.08,0.5637,0.5681,0.5729,0.5791,0.5854,0.0206,0.018,0.0158,0.0137,0.0113,60.06,60.23,60.0,60.0,60.0,24.137999999999998,43.00599999999999,0.57384,0.01588,60.05799999999999,3.539218331452495,3.5569830359465033,True,EWMA 상한 이탈,진동,51.44299568769719,소음,23.481291432661056,실장 설비(마운터) 점검,24.137999999999998,24.66,23.57,0.38804123492226983,-0.2740000000000002,1.0899999999999999,0.27249999999999996,43.00599999999999,44.08,41.68,0.867769554662987,0.6059999999999995,2.3999999999999986,0.5999999999999996,0.57384,0.5854,0.5637,0.007719481847896271,0.00544,0.021700000000000053,0.005425000000000013,0.01588,0.0206,0.0113,0.003240617225159429,-0.00229,0.009300000000000001,0.0023250000000000002,60.05799999999999,60.23,60.0,0.08908422980527915,-0.03500000000000014,0.22999999999999687,0.09999999999999787
PR_DEF_NB_A_20250902-181332_01777.jpg,stream_images/PR_DEF_NB_A_20250902-181332_01777.jpg,2025-09-02 18:13:32,사전공정,불량,납부족 검사군,1777,R003436,23.06,23.12,23.26,23.32,23.4,68.84,69.03,69.26,69.67,69.56,0.4177,0.4369,0.4576,0.4813,0.5,0.0256,0.0272,0.0286,0.0297,0.0316,70.37,70.0,70.0,69.73,69.28,23.232,69.272,0.4587,0.02854,69.876,3.9043672514919363,3.62645987905559,True,EWMA+단일점,습도,72.39834568424637,온도,14.920354732766791,자재 보관 환경 점검,23.232,23.4,23.06,0.12560254774486057,0.0879999999999999,0.33999999999999986,0.08499999999999996,69.272,69.67,68.84,0.31198717922376207,0.20799999999999982,0.8299999999999983,0.23499999999999943,0.4587,0.5,0.4177,0.02957668000300236,0.020899999999999995,0.08229999999999998,0.020574999999999996,0.02854,0.0316,0.0256,0.0020567936211491914,0.0014500000000000006,0.006000000000000002,0.0015000000000000005,69.876,70.37,69.28,0.3609210439971607,-0.24500000000000027,1.0900000000000034,0.27250000000000085
PR_DEF_NB_A_20250902-181341_01778.jpg,stream_images/PR_DEF_NB_A_20250902-181341_01778.jpg,2025-09-02 18:13:41,사전공정,불량,납부족 검사군,1778,R003437,24.83,25.03,25.22,25.42,25.6,41.27,41.81,42.48,43.16,43.73,0.4642,0.441,0.4217,0.4043,0.3858,0.0104,0.0122,0.0141,0.0169,0.0195,84.85,84.31,84.49,84.53,84.44,25.22,42.489999999999995,0.4234,0.01462,84.52399999999999,4.3495829314684995,3.771084489538172,True,EWMA+단일점,소음,79.86601046665417,습도,9.091508583703355,설비 가동 소음원 점검,25.22,25.6,24.83,0.2729835159858568,0.19300000000000067,0.7700000000000031,0.19250000000000078,42.489999999999995,43.73,41.27,0.887400698669995,0.6269999999999982,2.4599999999999937,0.6149999999999984,0.4234,0.4642,0.3858,0.027407517216997246,-0.019350000000000006,0.07840000000000003,0.019600000000000006,0.01462,0.0195,0.0104,0.003254166559965854,0.0022899999999999995,0.0091,0.002275,84.52399999999999,84.85,84.31,0.17906423428479293,-0.05999999999999943,0.539999999999992,0.21249999999999858
PR_DEF_PB_A_20250902-181402_01778.jpg,stream_images/PR_DEF_PB_A_20250902-181402_01778.jpg,2025-09-02 18:14:02,사전공정,불량,납볼 검사군,1778,R011084,23.46,23.57,23.7,23.85,23.99,64.78,64.49,64.65,64.67,64.56,0.3611,0.3711,0.3826,0.3934,0.3994,0.0236,0.0218,0.0201,0.0178,0.0156,72.84,74.2,75.0,75.0,75.0,23.714000000000002,64.63,0.38151999999999997,0.01978,74.408,3.250451477169845,3.6669578870645068,True,EWMA 상한 이탈,습도,60.42354171314174,소음,23.660960137525993,자재 보관 환경 점검,23.714000000000002,23.99,23.46,0.18979989462589225,0.13399999999999962,0.5299999999999976,0.1324999999999994,64.63,64.78,64.49,0.0989949493661185,-0.02599999999999909,0.29000000000000625,0.14500000000000313,0.38151999999999997,0.3994,0.3611,0.014053810871076934,0.009890000000000005,0.0383,0.009575,0.01978,0.0236,0.0156,0.0028343605980891,-0.002,0.008,0.002,74.408,75.0,72.84,0.8430041518284459,0.511999999999999,2.1599999999999966,0.5399999999999991
PR_DEF_PB_A_20250902-181414_01779.jpg,stream_images/PR_DEF_PB_A_20250902-181414_01779.jpg,2025-09-02 18:14:14,사전공정,불량,납볼 검사군,1779,R011085,25.44,25.43,25.45,25.43,25.4,44.56,44.84,45.04,45.53,45.61,0.2054,0.2078,0.2032,0.2041,0.2033,0.0226,0.0244,0.025,0.0261,0.0265,75.59,75.69,76.41,76.77,77.43,25.43,45.116,0.20476,0.02492,76.378,2.771794375662673,3.48792518478414,True,EWMA 상한 이탈,소음,53.17778316874333,진동,35.49190650672296,설비 가동 소음원 점검,25.43,25.45,25.4,0.016733200530682002,-0.00800000000000054,0.05000000000000071,0.020000000000000462,45.116,45.61,44.56,0.40162669234003756,0.2789999999999992,1.0499999999999972,0.2624999999999993,0.20476,0.2078,0.2032,0.001711841114122457,-0.000789999999999999,0.004600000000000021,0.0021750000000000103,0.02492,0.0265,0.0226,0.0013818827736099765,0.0009500000000000001,0.0039000000000000007,0.0009750000000000002,76.378,77.43,75.59,0.6863934731624433,0.47600000000000053,1.8400000000000034,0.46000000000000085
PR_DEF_NB_A_20250902-181422_01779.jpg,stream_images/PR_DEF_NB_A_20250902-181422_01779.jpg,2025-09-02 18:14:22,사전공정,불량,납부족 검사군,1779,R003438,25.57,25.64,25.72,25.85,25.92,48.62,48.81,48.9,49.23,49.27,0.5805,0.5916,0.5979,0.6,0.6,0.0255,0.0268,0.0295,0.0307,0.0328,63.42,64.24,65.44,66.57,67.68,25.74,48.966,0.5940000000000001,0.029060000000000002,65.47,2.899670705552801,3.3702742889378725,True,EWMA 상한 이탈,진동,89.69667749440553,온도,4.839953950969363,실장 설비(마운터) 점검,25.74,25.92,25.57,0.12946041866145866,0.09100000000000037,0.3500000000000014,0.08750000000000036,48.966,49.27,48.62,0.24920674148184735,0.1720000000000006,0.6500000000000057,0.16250000000000142,0.5940000000000001,0.6,0.5805,0.007419164373431807,0.004739999999999989,0.019499999999999962,0.0048749999999999905,0.029060000000000002,0.0328,0.0255,0.0026325652888390073,0.001850000000000001,0.007300000000000004,0.001825000000000001,65.47,67.68,63.42,1.5369059828109213,1.0850000000000009,4.260000000000005,1.0650000000000013
PR_DEF_PB_A_20250902-181428_01780.jpg,stream_images/PR_DEF_PB_A_20250902-181428_01780.jpg,2025-09-02 18:14:28,사전공정,불량,납볼 검사군,1780,R011086,23.1,23.22,23.38,23.56,23.64,61.44,61.01,60.31,60.0,60.0,0.4596,0.4605,0.4585,0.4603,0.4562,0.0341,0.0307,0.0277,0.0248,0.0223,65.06,65.38,65.49,65.99,66.41,23.380000000000003,60.552,0.45902000000000004,0.02792,65.66600000000001,2.6357532161526542,3.223370074380829,True,EWMA 상한 이탈,습도,47.147756483247896,온도,27.364336749518298,자재 보관 환경 점검,23.380000000000003,23.64,23.1,0.20199009876724125,0.14199999999999982,0.5399999999999991,0.1349999999999998,60.552,61.44,60.0,0.5772832926735353,-0.38899999999999935,1.4399999999999977,0.35999999999999943,0.45902000000000004,0.4605,0.4562,0.0015740393895960832,-0.0007000000000000062,0.004300000000000026,0.0021999999999999936,0.02792,0.0341,0.0223,0.0041782292900222695,-0.00295,0.011799999999999998,0.0029499999999999995,65.66600000000001,66.41,65.06,0.4771834028966207,0.3309999999999988,1.3499999999999943,0.3374999999999986
PR_DEF_PB_A_20250902-181429_01781.jpg,stream_images/PR_DEF_PB_A_20250902-181429_01781.jpg,2025-09-02 18:14:29,사전공정,불량,납볼 검사군,1781,R011087,23.93,23.83,23.81,23.74,23.72,50.26,50.72,51.39,51.6,51.85,0.2173,0.2188,0.2245,0.2279,0.2313,0.0224,0.0251,0.0279,0.0312,0.0334,77.28,76.7,75.98,75.9,75.93,23.805999999999997,51.164,0.22396,0.028000000000000004,76.358,2.7027853947304172,3.119253138450747,True,EWMA 상한 이탈,소음,55.71191644931002,진동,28.18976231892922,설비 가동 소음원 점검,23.805999999999997,23.93,23.72,0.07445804187594546,-0.051000000000000156,0.21000000000000085,0.05250000000000021,51.164,51.85,50.26,0.5875576567452777,0.4060000000000009,1.5900000000000034,0.39750000000000085,0.22396,0.2313,0.2173,0.005304187025360252,0.0037100000000000024,0.014000000000000012,0.003500000000000003,0.028000000000000004,0.0334,0.0224,0.003979447197790165,0.0028099999999999996,0.011,0.00275,76.358,77.28,75.9,0.5482481190118192,-0.3499999999999986,1.3799999999999955,0.35249999999999915
PR_DEF_PB_A_20250902-181430_01782.jpg,stream_images/PR_DEF_PB_A_20250902-181430_01782.jpg,2025-09-02 18:14:30,사전공정,불량,납볼 검사군,1782,R011088,26.11,25.86,25.58,25.28,25.07,68.21,67.8,68.37,67.92,67.75,0.4235,0.4032,0.3828,0.361,0.3429,0.0234,0.0247,0.0262,0.0274,0.0279,70.34,69.56,68.73,67.86,66.97,25.580000000000002,68.01,0.38268,0.025920000000000006,68.69200000000001,3.1885116290892968,3.133104836578457,True,EWMA 상한 이탈,습도,95.41633349144479,온도,2.4941556147235793,자재 보관 환경 점검,25.580000000000002,26.11,25.07,0.37666961650762276,-0.2659999999999997,1.0399999999999991,0.2599999999999998,68.01,68.37,67.75,0.24058262613912987,-0.0799999999999983,0.6200000000000045,0.40000000000000213,0.38268,0.4235,0.3429,0.028774391392347474,-0.020340000000000004,0.0806,0.02015,0.025920000000000006,0.0279,0.0234,0.0016749925372968088,0.0011700000000000002,0.0045000000000000005,0.0011250000000000001,68.69200000000001,70.34,66.97,1.1940083751800086,-0.8440000000000012,3.3700000000000045,0.8425000000000011
PR_DEF_NB_A_20250902-181437_01780.jpg,stream_images/PR_DEF_NB_A_20250902-181437_01780.jpg,2025-09-02 18:14:37,사전공정,불량,납부족 검사군,1780,R003439,24.85,24.74,24.64,24.5,24.4,48.58,48.13,47.4,46.73,45.89,0.3364,0.3588,0.371,0.3841,0.3978,0.0329,0.0357,0.0377,0.0392,0.04,78.86,79.54,80.02,80.7,81.6,24.625999999999998,47.346000000000004,0.36961999999999995,0.0371,80.144,3.2526045791842013,3.1570047850996064,True,EWMA 상한 이탈,소음,78.97468066724042,가속도,17.55938705432846,설비 가동 소음원 점검,24.625999999999998,24.85,24.4,0.1614434885648851,-0.1140000000000004,0.45000000000000284,0.11250000000000071,47.346000000000004,48.58,45.89,0.9632984999469274,-0.6780000000000002,2.6899999999999977,0.6724999999999994,0.36961999999999995,0.3978,0.3364,0.021101317494412526,0.01481,0.06140000000000001,0.015350000000000003,0.0371,0.04,0.0329,0.002560468707092512,0.00177,0.007100000000000002,0.0017750000000000005,80.144,81.6,78.86,0.9442372583201726,0.6639999999999986,2.739999999999995,0.6849999999999987
PR_DEF_NB_A_20250902-181446_01781.jpg,stream_images/PR_DEF_NB_A_20250902-181446_01781.jpg,2025-09-02 18:14:46,사전공정,불량,납부족 검사군,1781,R003440,25.49,25.61,25.76,25.86,25.92,41.2,41.08,41.34,41.09,41.14,0.4398,0.4544,0.4781,0.499,0.5,0.0278,0.0247,0.0238,0.0216,0.0186,84.44,85.24,86.18,87.01,87.81,25.727999999999998,41.17,0.47426,0.023300000000000005,86.136,4.784510438372874,3.4825059157542597,True,EWMA+단일점,소음,79.22767824040868,습도,10.373393691594261,설비 가동 소음원 점검,25.727999999999998,25.92,25.49,0.15866946776239058,0.11100000000000065,0.43000000000000327,0.10750000000000082,41.17,41.34,41.08,0.09507891459203881,-0.010999999999999944,0.2600000000000051,0.1700000000000017,0.47426,0.5,0.4398,0.023963605738703,0.016499999999999994,0.060199999999999976,0.015049999999999994,0.023300000000000005,0.0278,0.0186,0.0030802597293085525,-0.00215,0.0092,0.0023,86.136,87.81,84.44,1.203936875421634,0.851000000000002,3.3700000000000045,0.8425000000000011
PR_DEF_NB_A_20250902-181451_01782.jpg,stream_images/PR_DEF_NB_A_20250902-181451_01782.jpg,2025-09-02 18:14:51,사전공정,불량,납부족 검사군,1782,R003441,24.29,24.53,24.85,25.1,25.35,58.35,58.9,59.5,60.0,60.0,0.4683,0.4404,0.4101,0.3797,0.3495,0.0473,0.0474,0.0481,0.049,0.0496,60.44,60.95,61.7,62.05,62.84,24.824,59.35,0.4096,0.04828,61.596000000000004,3.417735574069478,3.4695518474173035,True,EWMA 상한 이탈,가속도,58.579442108078474,습도,21.937324262107808,컨베이어 이송계열 점검,24.824,25.35,24.29,0.38082016753318165,0.26900000000000046,1.0600000000000023,0.26500000000000057,59.35,60.0,58.35,0.6434283176858163,0.43999999999999984,1.6499999999999986,0.41249999999999964,0.4096,0.4683,0.3495,0.042191468331879624,-0.029830000000000006,0.11880000000000002,0.029700000000000004,0.04828,0.0496,0.0473,0.000897552226892675,0.0006199999999999997,0.0022999999999999965,0.0005749999999999991,61.596000000000004,62.84,60.44,0.8388229849020601,0.5900000000000005,2.4000000000000057,0.6000000000000014
PR_DEF_NB_A_20250902-181454_01783.jpg,stream_images/PR_DEF_NB_A_20250902-181454_01783.jpg,2025-09-02 18:14:54,사전공정,불량,납부족 검사군,1783,R003442,24.31,24.49,24.65,24.8,24.99,57.79,58.03,58.28,58.39,59.0,0.5184,0.5245,0.5344,0.539,0.5469,0.0375,0.0392,0.04,0.04,0.04,66.47,66.38,66.55,66.91,66.96,24.647999999999996,58.298,0.53264,0.03934,66.65399999999998,2.9903241073765514,3.3737062994091533,True,EWMA 상한 이탈,진동,47.03265985103389,가속도,29.011133778065528,실장 설비(마운터) 점검,24.647999999999996,24.99,24.31,0.23633873994755938,0.16700000000000018,0.6799999999999997,0.16999999999999993,58.298,59.0,57.79,0.40779406567531123,0.27800000000000014,1.2100000000000009,0.3025000000000002,0.53264,0.5469,0.5184,0.010158070682959468,0.007150000000000023,0.02850000000000008,0.00712500000000002,0.03934,0.04,0.0375,0.0009707728879609287,0.0005800000000000007,0.0025000000000000022,0.0006250000000000006,66.65399999999998,66.96,66.38,0.23618636709175148,0.15099999999999908,0.5799999999999983,0.16750000000000043
PR_DEF_PB_A_20250902-181505_01783.jpg,stream_images/PR_DEF_PB_A_20250902-181505_01783.jpg,2025-09-02 18:15:05,사전공정,불량,납볼 검사군,1783,R011089,25.54,25.71,25.88,26.09,26.32,47.83,47.21,46.64,45.64,44.79,0.4929,0.4912,0.4885,0.4853,0.4823,0.0451,0.0445,0.0436,0.0426,0.0416,70.92,70.29,69.66,68.65,68.29,25.907999999999998,46.422,0.48804,0.04348,69.562,2.820203125539136,3.26300566463515,True,EWMA 상한 이탈,가속도,54.37647936142345,진동,30.175121772396018,컨베이어 이송계열 점검,25.907999999999998,26.32,25.54,0.27505635786143917,0.19400000000000012,0.7800000000000011,0.19500000000000028,46.422,47.83,44.79,1.088657889329793,-0.7649999999999999,3.039999999999999,0.7599999999999998,0.48804,0.4929,0.4823,0.0038541406305426912,-0.0027100000000000015,0.010599999999999998,0.0026499999999999996,0.04348,0.0451,0.0416,0.0012639620247459976,-0.0008900000000000005,0.003500000000000003,0.0008750000000000008,69.562,70.92,68.29,0.9832069975340887,-0.6899999999999992,2.6299999999999955,0.6574999999999989
PR_DEF_NB_A_20250902-181510_01784.jpg,stream_images/PR_DEF_NB_A_20250902-181510_01784.jpg,2025-09-02 18:15:10,사전공정,불량,납부족 검사군,1784,R003443,23.28,23.61,23.92,24.19,24.5,55.62,55.25,54.63,53.71,53.44,0.343,0.3127,0.2884,0.2579,0.2304,0.0475,0.0478,0.0481,0.0483,0.0472,70.35,69.07,68.12,67.46,66.2,23.9,54.529999999999994,0.28647999999999996,0.04778,68.24,2.942189801001131,3.1988424919083465,True,EWMA 상한 이탈,가속도,76.41801175276008,온도,10.168039038187667,컨베이어 이송계열 점검,23.9,24.5,23.28,0.4273172123844299,0.30199999999999994,1.2199999999999989,0.3049999999999997,54.529999999999994,55.62,53.44,0.8458132181516199,-0.5899999999999999,2.1799999999999997,0.5449999999999999,0.28647999999999996,0.343,0.2304,0.039616834805420796,-0.028000000000000004,0.11260000000000003,0.02815000000000001,0.04778,0.0483,0.0472,0.0003969886648255846,-1.0000000000000287e-05,0.0011000000000000038,0.00047500000000000146,68.24,70.35,66.2,1.4089286710121247,-0.9909999999999982,4.1499999999999915,1.0374999999999979
PR_DEF_PB_A_20250902-181511_01784.jpg,stream_images/PR_DEF_PB_A_20250902-181511_01784.jpg,2025-09-02 18:15:11,사전공정,불량,납볼 검사군,1784,R011090,23.2,23.0,23.0,23.0,23.0,76.24,76.87,77.18,77.53,77.85,0.2138,0.2434,0.2708,0.2964,0.3274,0.012,0.0117,0.0106,0.01,0.01,61.83,62.65,63.45,63.96,64.68,23.04,77.13400000000001,0.27036,0.01086,63.31400000000001,5.382060611412699,3.6354861158092175,True,EWMA+단일점,습도,75.50796641637494,온도,9.633202549919355,자재 보관 환경 점검,23.04,23.2,23.0,0.07999999999999971,-0.039999999999999855,0.1999999999999993,0.04999999999999982,77.13400000000001,77.85,76.24,0.5550711666083908,0.38799999999999957,1.6099999999999994,0.40249999999999986,0.27036,0.3274,0.2138,0.03964268406654626,0.028020000000000007,0.11360000000000003,0.02840000000000001,0.01086,0.012,0.01,0.0008428523002282192,-0.00057,0.002,0.0005,63.31400000000001,64.68,61.83,0.994476746837253,0.701000000000002,2.8500000000000085,0.7125000000000021
PR_DEF_NB_A_20250902-181513_01785.jpg,stream_images/PR_DEF_NB_A_20250902-181513_01785.jpg,2025-09-02 18:15:13,사전공정,불량,납부족 검사군,1785,R003444,23.86,23.69,23.51,23.39,23.21,71.55,71.66,71.72,71.92,72.01,0.4644,0.4308,0.3973,0.3637,0.3382,0.0175,0.0178,0.018,0.0179,0.0186,60.43,61.28,62.08,62.81,63.78,23.532,71.77199999999999,0.39888,0.017959999999999997,62.076,4.248513758816716,3.7580916444107175,True,EWMA+단일점,습도,77.72302942493936,온도,8.632647246855358,자재 보관 환경 점검,23.532,23.86,23.21,0.22666274506411468,-0.15999999999999978,0.6499999999999986,0.16249999999999964,71.77199999999999,72.01,71.55,0.16916264363032701,0.1180000000000021,0.46000000000000796,0.11500000000000199,0.39888,0.4644,0.3382,0.04524145886241954,-0.03194999999999999,0.12619999999999998,0.031549999999999995,0.017959999999999997,0.0186,0.0175,0.00036110940170535477,0.0002299999999999993,0.0010999999999999968,0.0003249999999999989,62.076,63.78,60.43,1.1649308992382343,0.8230000000000004,3.3500000000000014,0.8375000000000004
PR_DEF_PB_A_20250902-181515_01785.jpg,stream_images/PR_DEF_PB_A_20250902-181515_01785.jpg,2025-09-02 18:15:15,사전공정,불량,납볼 검사군,1785,R011091,23.73,23.7,23.7,23.7,23.78,45.83,45.42,44.92,44.58,44.03,0.2249,0.2128,0.2016,0.2,0.2016,0.0201,0.0229,0.0256,0.0286,0.0311,76.61,76.51,76.37,76.38,76.26,23.722,44.956,0.20817999999999998,0.02566,76.426,2.941281073326766,3.5947295301939275,True,EWMA 상한 이탈,소음,47.50144571273399,진동,29.913507477739515,설비 가동 소음원 점검,23.722,23.78,23.7,0.03124099870362736,0.010000000000000142,0.08000000000000185,0.027500000000000746,44.956,45.83,44.03,0.6291772405292483,-0.4439999999999998,1.7999999999999972,0.4499999999999993,0.20817999999999998,0.2249,0.2,0.009533184148016856,-0.005939999999999996,0.024899999999999978,0.006624999999999992,0.02566,0.0311,0.0201,0.003918469088815171,0.00277,0.011,0.00275,76.426,76.61,76.26,0.1214248738932834,-0.08299999999999982,0.3499999999999943,0.09249999999999403
PR_DEF_PB_A_20250902-181609_01786.jpg,stream_images/PR_DEF_PB_A_20250902-181609_01786.jpg,2025-09-02 18:16:09,사전공정,불량,납볼 검사군,1786,R011092,24.94,24.79,24.67,24.56,24.34,72.43,71.58,71.55,71.41,70.92,0.2642,0.2498,0.2327,0.2213,0.2068,0.0359,0.0353,0.0364,0.0368,0.037,67.28,66.92,66.51,65.97,65.38,24.660000000000004,71.578,0.23496,0.03628,66.41199999999999,4.171099309312912,3.7100034860177242,True,EWMA+단일점,습도,79.9107556355312,진동,9.961097206098783,자재 보관 환경 점검,24.660000000000004,24.94,24.34,0.20386269889315253,-0.14300000000000032,0.6000000000000014,0.15000000000000036,71.578,72.43,70.92,0.48741768535825836,-0.31900000000000117,1.5100000000000051,0.3775000000000013,0.23496,0.2642,0.2068,0.020297251045400207,-0.014329999999999996,0.05739999999999998,0.014349999999999995,0.03628,0.037,0.0353,0.00061773780845922,0.0003699999999999995,0.0017000000000000001,0.0005750000000000009,66.41199999999999,67.28,65.38,0.6754968541747645,-0.4750000000000014,1.9000000000000057,0.4750000000000014
PR_DEF_NB_A_20250902-181612_01786.jpg,stream_images/PR_DEF_NB_A_20250902-181612_01786.jpg,2025-09-02 18:16:12,사전공정,불량,납부족 검사군,1786,R003445,23.24,23.29,23.43,23.53,23.62,75.11,75.38,75.41,75.28,75.7,0.2374,0.2508,0.2625,0.2715,0.2841,0.0251,0.0279,0.0307,0.0337,0.0368,70.67,69.29,68.15,66.75,65.69,23.422000000000004,75.376,0.26126,0.03084,68.11,4.740914485375431,3.916185685889266,True,EWMA+단일점,습도,85.34948170135746,온도,8.060354067326484,자재 보관 환경 점검,23.422000000000004,23.62,23.24,0.142464030548066,0.10000000000000071,0.38000000000000256,0.09500000000000064,75.376,75.7,75.11,0.19293522228976318,0.10800000000000125,0.5900000000000034,0.21249999999999858,0.26126,0.2841,0.2374,0.016166459105196786,0.011410000000000003,0.04670000000000002,0.011675000000000005,0.03084,0.0368,0.0251,0.004130665805896187,0.00292,0.011699999999999999,0.0029249999999999996,68.11,70.67,65.69,1.7693840736256239,-1.2500000000000013,4.980000000000004,1.245000000000001
PR_DEF_PB_A_20250902-181612_01787.jpg,stream_images/PR_DEF_PB_A_20250902-181612_01787.jpg,2025-09-02 18:16:12,사전공정,불량,납볼 검사군,1787,R011093,23.09,23.1,23.07,23.01,23.0,45.34,45.28,45.26,45.05,45.16,0.5935,0.5926,0.5892,0.5929,0.5925,0.0339,0.0337,0.0337,0.0334,0.0343,64.74,65.14,65.04,65.44,65.76,23.054,45.218,0.59214,0.0338,65.224,3.506355300467017,3.8342196088048164,True,EWMA 상한 이탈,진동,61.23344712531079,온도,22.673488474494896,실장 설비(마운터) 점검,23.054,23.1,23.0,0.04127953488110057,-0.026999999999999958,0.10000000000000142,0.027500000000000746,45.218,45.34,45.05,0.10205880657738671,-0.05900000000000176,0.29000000000000625,0.10000000000000142,0.59214,0.5935,0.5892,0.001510761397441727,-0.00017000000000000348,0.0043000000000000815,0.0021000000000000185,0.0338,0.0343,0.0334,0.0002966479394838257,4.999999999999935e-05,0.000899999999999998,0.0003499999999999996,65.224,65.76,64.74,0.3490329497339777,0.23400000000000176,1.0200000000000102,0.3049999999999997
PR_DEF_NB_A_20250902-181628_01787.jpg,stream_images/PR_DEF_NB_A_20250902-181628_01787.jpg,2025-09-02 18:16:28,사전공정,불량,납부족 검사군,1787,R003446,23.39,23.62,23.9,24.14,24.42,67.75,67.46,67.28,67.34,67.29,0.4399,0.4702,0.4929,0.5,0.5,0.0195,0.0204,0.0223,0.023,0.0241,60.09,60.0,60.0,60.0,60.0,23.894,67.424,0.4806,0.021859999999999997,60.01800000000001,3.873352012297098,3.8420460895032726,True,EWMA+단일점,습도,59.644277455131565,소음,19.41226092032745,자재 보관 환경 점검,23.894,24.42,23.39,0.36505342074825187,0.2580000000000002,1.0300000000000011,0.2575000000000003,67.424,67.75,67.28,0.17511139311877852,-0.10399999999999779,0.46999999999999886,0.14499999999999957,0.4806,0.5,0.4399,0.023102640541721627,0.014999999999999996,0.06009999999999999,0.015024999999999997,0.021859999999999997,0.0241,0.0195,0.0016859418732566077,0.0011799999999999998,0.0046,0.00115,60.01800000000001,60.09,60.0,0.03600000000000137,-0.018000000000000682,0.09000000000000341,0.022500000000000853
PR_DEF_PB_A_20250902-181649_01788.jpg,stream_images/PR_DEF_PB_A_20250902-181649_01788.jpg,2025-09-02 18:16:49,사전공정,불량,납볼 검사군,1788,R011094,23.26,23.12,23.0,23.0,23.0,78.0,78.61,79.17,79.6,80.0,0.3637,0.3452,0.3304,0.3114,0.2895,0.0282,0.0255,0.0228,0.0197,0.0173,66.79,67.6,68.49,68.94,69.37,23.076,79.076,0.32804,0.022699999999999998,68.238,5.29510723359445,4.132658318321508,True,EWMA+단일점,습도,89.80227721019563,온도,9.609818010015829,자재 보관 환경 점검,23.076,23.26,23.0,0.10307278981380165,-0.06400000000000042,0.26000000000000156,0.06500000000000039,79.076,80.0,78.0,0.7088187356440284,0.4989999999999995,2.0,0.5,0.32804,0.3637,0.2895,0.02582205259076049,-0.018220000000000007,0.07420000000000004,0.01855000000000001,0.022699999999999998,0.0282,0.0173,0.0039053809033178827,-0.00276,0.0109,0.002725,68.238,69.37,66.79,0.9318240177200836,0.65,2.5799999999999983,0.6449999999999996
PR_DEF_NB_A_20250902-181656_01788.jpg,stream_images/PR_DEF_NB_A_20250902-181656_01788.jpg,2025-09-02 18:16:56,사전공정,불량,납부족 검사군,1788,R003447,25.39,25.2,25.04,24.85,24.66,45.72,45.0,44.18,43.71,43.0,0.5005,0.5074,0.5183,0.5252,0.5334,0.0388,0.04,0.04,0.04,0.04,71.87,70.87,70.06,69.15,67.91,25.028,44.322,0.5169599999999999,0.039760000000000004,69.97200000000001,2.758323393540372,3.857791333365281,True,EWMA 상한 이탈,진동,46.43463732887919,가속도,36.35623811401976,실장 설비(마운터) 점검,25.028,25.39,24.66,0.25607811308270745,-0.18099999999999988,0.7300000000000004,0.1825000000000001,44.322,45.72,43.0,0.9546182483066197,-0.6729999999999997,2.719999999999999,0.6799999999999997,0.5169599999999999,0.5334,0.5005,0.01185151467112961,0.008360000000000012,0.03290000000000004,0.00822500000000001,0.039760000000000004,0.04,0.0388,0.00047999999999999985,0.00023999999999999992,0.0011999999999999997,0.0002999999999999999,69.97200000000001,71.87,67.91,1.3670464512956413,-0.9640000000000015,3.960000000000008,0.990000000000002
PR_DEF_NB_A_20250902-181658_01789.jpg,stream_images/PR_DEF_NB_A_20250902-181658_01789.jpg,2025-09-02 18:16:58,사전공정,불량,납부족 검사군,1789,R003448,26.44,26.29,26.18,26.01,25.8,42.88,43.21,43.27,43.22,43.39,0.543,0.5406,0.544,0.5439,0.5436,0.0234,0.0236,0.0241,0.0238,0.0232,66.43,66.12,65.59,65.02,64.41,26.144,43.194,0.5430200000000001,0.02362,65.51400000000001,2.7090443083387643,3.628041928359978,True,EWMA 상한 이탈,진동,64.31254972048221,습도,19.29350717454226,실장 설비(마운터) 점검,26.144,26.44,25.8,0.22204504047602575,-0.15599999999999986,0.6400000000000006,0.16000000000000014,43.194,43.39,42.88,0.16954055562018136,0.1029999999999994,0.509999999999998,0.15250000000000163,0.5430200000000001,0.544,0.5406,0.0012592060990957977,0.00044999999999999484,0.0034000000000000696,0.0015500000000000513,0.02362,0.0241,0.0232,0.00031240998703626667,-2.0000000000000225e-05,0.0009000000000000015,0.0004000000000000002,65.51400000000001,66.43,64.41,0.7314260044597855,-0.5140000000000029,2.0200000000000102,0.5050000000000026
PR_DEF_PB_A_20250902-181754_01789.jpg,stream_images/PR_DEF_PB_A_20250902-181754_01789.jpg,2025-09-02 18:17:54,사전공정,불량,납볼 검사군,1789,R011095,26.25,26.45,26.63,26.81,27.0,52.6,52.09,51.79,51.18,50.44,0.2656,0.2522,0.2478,0.2412,0.2336,0.0167,0.0137,0.0121,0.01,0.01,87.02,87.36,88.29,89.17,90.0,26.627999999999997,51.620000000000005,0.24808000000000002,0.0125,88.36800000000001,5.316777429784695,3.965789028644921,True,EWMA+단일점,소음,80.83227239423226,가속도,7.121605407741809,설비 가동 소음원 점검,26.627999999999997,27.0,26.25,0.2630893384384855,0.18599999999999994,0.75,0.1875,51.620000000000005,52.6,50.44,0.7478235085900966,-0.5230000000000011,2.1600000000000037,0.5400000000000009,0.24808000000000002,0.2656,0.2336,0.0107796845964991,-0.007499999999999998,0.032,0.008,0.0125,0.0167,0.01,0.002519523764523764,-0.0017099999999999997,0.006699999999999999,0.0016749999999999998,88.36800000000001,90.0,87.02,1.1086821005139402,0.777000000000001,2.980000000000004,0.745000000000001
PR_DEF_NB_A_20250902-181754_01790.jpg,stream_images/PR_DEF_NB_A_20250902-181754_01790.jpg,2025-09-02 18:17:54,사전공정,불량,납부족 검사군,1790,R003449,24.0,23.86,23.73,23.59,23.49,72.08,72.66,73.06,73.41,73.75,0.2216,0.2419,0.2594,0.2828,0.3004,0.0163,0.014,0.0118,0.0102,0.01,68.36,68.11,67.64,67.68,67.82,23.734,72.992,0.26122,0.01246,67.922,4.46882465057749,4.066396153031436,True,EWMA+단일점,습도,78.84391622314797,가속도,10.101195753732236,자재 보관 환경 점검,23.734,24.0,23.49,0.1827128895289003,-0.12900000000000028,0.5100000000000016,0.1275000000000004,72.992,73.75,72.08,0.5823881866933778,0.40900000000000036,1.6700000000000017,0.4175000000000004,0.26122,0.3004,0.2216,0.028096576303884433,0.01985,0.07880000000000001,0.019700000000000002,0.01246,0.0163,0.01,0.0023963305281200246,-0.0016399999999999997,0.006299999999999998,0.0015749999999999996,67.922,68.36,67.64,0.27410946718418794,-0.15100000000000052,0.7199999999999989,0.22499999999999787
PR_DEF_NB_A_20250902-181759_01791.jpg,stream_images/PR_DEF_NB_A_20250902-181759_01791.jpg,2025-09-02 18:17:59,사전공정,불량,납부족 검사군,1791,R003450,24.94,25.2,25.44,25.61,25.82,45.2,45.06,44.64,44.56,43.82,0.4746,0.4531,0.4275,0.3981,0.3762,0.0497,0.05,0.05,0.05,0.05,60.35,60.0,60.0,60.0,60.0,25.401999999999997,44.656,0.42589999999999995,0.04994,60.07000000000001,3.5390365709583005,3.9609242366168087,True,EWMA 상한 이탈,가속도,63.14068282494344,소음,23.125276542760282,컨베이어 이송계열 점검,25.401999999999997,25.82,24.94,0.3077921376513699,0.2169999999999998,0.879999999999999,0.21999999999999975,44.656,45.2,43.82,0.4832225160316941,-0.3260000000000005,1.3800000000000026,0.34500000000000064,0.42589999999999995,0.4746,0.3762,0.03565675251617848,-0.025180000000000008,0.09840000000000004,0.02460000000000001,0.04994,0.05,0.0497,0.00012000000000000065,6.0000000000000334e-05,0.00030000000000000165,7.500000000000041e-05,60.07000000000001,60.35,60.0,0.14000000000000054,-0.07000000000000028,0.3500000000000014,0.08750000000000036
PR_DEF_NB_A_20250902-181808_01792.jpg,stream_images/PR_DEF_NB_A_20250902-181808_01792.jpg,2025-09-02 18:18:08,사전공정,불량,납부족 검사군,1792,R003451,23.39,23.27,23.24,23.19,23.16,51.71,51.78,51.46,51.82,51.59,0.5744,0.5678,0.561,0.554,0.5482,0.0281,0.0299,0.0312,0.0324,0.0336,74.97,74.21,73.23,72.55,71.65,23.249999999999996,51.672000000000004,0.56108,0.03104,73.322,3.2028185984755138,3.80930310898855,True,EWMA 상한 이탈,진동,55.5208326677184,온도,21.890411761701365,실장 설비(마운터) 점검,23.249999999999996,23.39,23.16,0.07974960814950754,-0.053999999999999916,0.23000000000000043,0.05750000000000011,51.672000000000004,51.82,51.46,0.13166624472506192,-0.019999999999999574,0.35999999999999943,0.24499999999999922,0.56108,0.5744,0.5482,0.009365980995069325,-0.006619999999999992,0.0262,0.00655,0.03104,0.0336,0.0281,0.001916872452720837,0.0013499999999999994,0.005499999999999998,0.0013749999999999995,73.322,74.97,71.65,1.17511531349055,-0.8299999999999983,3.319999999999993,0.8299999999999983
PR_DEF_NB_A_20250902-181815_01793.jpg,stream_images/PR_DEF_NB_A_20250902-181815_01793.jpg,2025-09-02 18:18:15,사전공정,불량,납부족 검사군,1793,R003452,26.76,26.62,26.51,26.39,26.23,59.34,58.71,58.23,57.51,56.88,0.5167,0.5208,0.529,0.5366,0.542,0.0116,0.0106,0.01,0.01,0.01,73.59,73.05,72.2,71.19,70.48,26.502,58.134,0.52902,0.010440000000000001,72.102,3.4061215507869043,3.7286667973482213,True,EWMA 상한 이탈,진동,35.330733387623226,가속도,23.63119109244602,실장 설비(마운터) 점검,26.502,26.76,26.23,0.182800437636238,-0.12900000000000028,0.5300000000000011,0.13250000000000028,58.134,59.34,56.88,0.8668702325031128,-0.6120000000000004,2.460000000000001,0.6150000000000002,0.52902,0.542,0.5167,0.009437033432175586,0.0066399999999999905,0.02529999999999999,0.006324999999999997,0.010440000000000001,0.0116,0.01,0.0006248199740725319,-0.0003799999999999998,0.001599999999999999,0.00039999999999999975,72.102,73.59,70.48,1.147613175246781,-0.8079999999999998,3.1099999999999994,0.7774999999999999
PR_DEF_PB_A_20250902-181818_01790.jpg,stream_images/PR_DEF_PB_A_20250902-181818_01790.jpg,2025-09-02 18:18:18,사전공정,불량,납볼 검사군,1790,R011096,25.01,24.94,24.87,24.86,24.84,54.47,54.03,54.03,53.74,53.61,0.5377,0.5434,0.547,0.5496,0.5559,0.0188,0.0154,0.0124,0.0101,0.01,60.8,60.68,60.65,60.06,60.02,24.904000000000003,53.976,0.5467199999999999,0.01334,60.44199999999999,3.119722953445879,3.6068780285677526,True,EWMA 상한 이탈,진동,50.45735902461514,소음,26.860572880420353,실장 설비(마운터) 점검,24.904000000000003,25.01,24.84,0.062801273872431,-0.04200000000000052,0.1700000000000017,0.042500000000000426,53.976,54.47,53.61,0.2964860873633023,-0.2009999999999998,0.8599999999999994,0.21499999999999986,0.5467199999999999,0.5559,0.5377,0.006083222830046584,0.004259999999999997,0.018199999999999994,0.0045499999999999985,0.01334,0.0188,0.01,0.003364282984530285,-0.0022900000000000004,0.0088,0.0022,60.44199999999999,60.8,60.02,0.33228903081503997,-0.21799999999999856,0.779999999999994,0.1949999999999985
PR_DEF_PB_A_20250902-181823_01791.jpg,stream_images/PR_DEF_PB_A_20250902-181823_01791.jpg,2025-09-02 18:18:23,사전공정,불량,납볼 검사군,1791,R011097,24.75,24.98,25.16,25.37,25.58,41.2,40.76,40.31,40.0,40.0,0.3854,0.4022,0.4145,0.4346,0.4503,0.0275,0.03,0.0333,0.0363,0.0389,77.87,78.89,79.57,80.19,81.21,25.168,40.454,0.41740000000000005,0.03319999999999999,79.54599999999999,3.4278452790656306,3.5710714786673283,True,EWMA 상한 이탈,소음,64.27766433907573,습도,23.529738554789674,설비 가동 소음원 점검,25.168,25.58,24.75,0.29006206232459936,0.2049999999999997,0.8299999999999983,0.20749999999999957,40.454,41.2,40.0,0.4654288345171585,-0.3160000000000004,1.2000000000000028,0.3000000000000007,0.41740000000000005,0.4503,0.3854,0.022985647695899267,0.01621999999999999,0.06489999999999996,0.01622499999999999,0.03319999999999999,0.0389,0.0275,0.004119223227745735,0.0029099999999999994,0.011399999999999997,0.0028499999999999992,79.54599999999999,81.21,77.87,1.1334478373529115,0.7979999999999976,3.339999999999989,0.8349999999999973
PR_DEF_PB_A_20250902-181824_01792.jpg,stream_images/PR_DEF_PB_A_20250902-181824_01792.jpg,2025-09-02 18:18:24,사전공정,불량,납볼 검사군,1792,R011098,24.92,24.98,25.0,25.0,24.98,57.78,58.41,59.03,59.32,59.8,0.446,0.4179,0.3833,0.353,0.3248,0.015,0.0151,0.0147,0.0151,0.0154,82.01,81.7,81.73,81.4,81.41,24.976000000000003,58.867999999999995,0.38499999999999995,0.01506,81.65,3.7861636318327165,3.6140899093004064,True,EWMA+단일점,소음,73.67065509168681,습도,16.340313265378665,설비 가동 소음원 점검,24.976000000000003,25.0,24.92,0.02939387691339751,0.013999999999999702,0.0799999999999983,0.024999999999999467,58.867999999999995,59.8,57.78,0.7060708179779129,0.49499999999999955,2.019999999999996,0.504999999999999,0.38499999999999995,0.446,0.3248,0.043484112041066225,-0.030730000000000007,0.12120000000000003,0.030300000000000007,0.01506,0.0154,0.0147,0.00022449944320643685,8.000000000000021e-05,0.000700000000000001,0.0003000000000000008,81.65,82.01,81.4,0.22742031571519877,-0.1500000000000014,0.6099999999999994,0.16999999999999815
PR_DEF_PB_A_20250902-181845_01793.jpg,stream_images/PR_DEF_PB_A_20250902-181845_01793.jpg,2025-09-02 18:18:45,사전공정,불량,납볼 검사군,1793,R011099,26.68,26.52,26.32,26.18,26.04,67.91,68.23,68.79,69.2,69.72,0.2788,0.3077,0.3338,0.3602,0.3947,0.0294,0.0266,0.024,0.0216,0.0188,70.95,70.16,69.48,68.65,67.51,26.348000000000003,68.77000000000001,0.33504,0.024079999999999997,69.35,3.4900095975379015,3.5892738469479055,True,EWMA 상한 이탈,습도,86.99426298996264,온도,11.169033424593854,자재 보관 환경 점검,26.348000000000003,26.68,26.04,0.2296432015105173,-0.1620000000000001,0.6400000000000006,0.16000000000000014,68.77000000000001,69.72,67.91,0.6509992319503921,0.45900000000000035,1.8100000000000023,0.45250000000000057,0.33504,0.3947,0.2788,0.04025988574251051,0.028430000000000004,0.1159,0.028975,0.024079999999999997,0.0294,0.0188,0.0037064268507553196,-0.0026199999999999995,0.010599999999999998,0.0026499999999999996,69.35,70.95,67.51,1.1923590063399512,-0.8389999999999986,3.4399999999999977,0.8599999999999994
PR_DEF_NB_A_20250902-181907_01794.jpg,stream_images/PR_DEF_NB_A_20250902-181907_01794.jpg,2025-09-02 18:19:07,사전공정,불량,납부족 검사군,1794,R003453,26.0,25.9,25.66,25.52,25.38,63.31,63.76,64.11,64.56,65.07,0.4677,0.4628,0.4535,0.4462,0.4408,0.0288,0.0273,0.0254,0.0244,0.0226,64.28,63.03,61.98,60.65,60.0,25.692,64.162,0.4542,0.0257,61.988,3.0321511243605923,3.4778493024304433,True,EWMA 상한 이탈,습도,64.15940725293746,소음,17.207502778752655,자재 보관 환경 점검,25.692,26.0,25.38,0.2306859336847395,-0.1620000000000001,0.620000000000001,0.15500000000000025,64.162,65.07,63.31,0.6120588207027143,0.4319999999999986,1.759999999999991,0.4399999999999977,0.4542,0.4677,0.4408,0.010002599662087847,-0.007039999999999996,0.02689999999999998,0.006724999999999995,0.0257,0.0288,0.0226,0.0021707141681944217,-0.0015300000000000001,0.006200000000000001,0.0015500000000000002,61.988,64.28,60.0,1.5544439520291502,-1.0940000000000005,4.280000000000001,1.0700000000000003
PR_DEF_NB_A_20250902-181922_01795.jpg,stream_images/PR_DEF_NB_A_20250902-181922_01795.jpg,2025-09-02 18:19:22,사전공정,불량,납부족 검사군,1795,R003454,25.06,25.19,25.31,25.47,25.58,48.47,48.7,49.16,49.23,49.13,0.3283,0.3073,0.2859,0.2639,0.2447,0.0152,0.0172,0.0191,0.0216,0.0241,86.75,86.9,87.02,86.87,87.54,25.322,48.937999999999995,0.28602,0.01944,87.016,4.578066162752981,3.697892674494951,True,EWMA+단일점,소음,94.94549220987147,진동,2.5870355412910717,설비 가동 소음원 점검,25.322,25.58,25.06,0.18691174387929674,0.13199999999999967,0.5199999999999996,0.1299999999999999,48.937999999999995,49.23,48.47,0.29902508255997434,0.18500000000000014,0.759999999999998,0.21499999999999808,0.28602,0.3283,0.2447,0.029789555216551987,-0.021059999999999995,0.08359999999999998,0.020899999999999995,0.01944,0.0241,0.0152,0.0031461722775461614,0.00222,0.0089,0.002225,87.016,87.54,86.75,0.27572450018088845,0.15500000000000114,0.7900000000000063,0.2724999999999973
PR_DEF_NB_A_20250902-181929_01796.jpg,stream_images/PR_DEF_NB_A_20250902-181929_01796.jpg,2025-09-02 18:19:29,사전공정,불량,납부족 검사군,1796,R003455,25.54,25.47,25.4,25.36,25.25,47.96,48.68,49.01,49.51,49.93,0.2395,0.2511,0.2621,0.2726,0.2848,0.0434,0.0441,0.0438,0.044,0.0435,70.24,71.47,72.47,73.09,74.48,25.404,49.018,0.26202,0.04376,72.35,2.6287522069558418,3.4840645809871296,True,EWMA 상한 이탈,가속도,65.09291800079662,소음,17.82719833439727,컨베이어 이송계열 점검,25.404,25.54,25.25,0.09850888284819768,-0.06899999999999977,0.28999999999999915,0.07249999999999979,49.018,49.93,47.96,0.6793349689218119,0.4769999999999996,1.9699999999999989,0.4924999999999997,0.26202,0.2848,0.2395,0.015857288545019294,0.011210000000000003,0.04530000000000001,0.011325000000000002,0.04376,0.0441,0.0434,0.000272763633939717,9.999999999998898e-06,0.0006999999999999992,0.00042500000000000003,72.35,74.48,70.24,1.4370386216104314,1.0100000000000022,4.240000000000009,1.0600000000000023
PR_DEF_NB_A_20250902-181932_01797.jpg,stream_images/PR_DEF_NB_A_20250902-181932_01797.jpg,2025-09-02 18:19:32,사전공정,불량,납부족 검사군,1797,R003456,24.44,24.58,24.72,24.84,25.04,50.84,50.37,49.75,49.14,48.75,0.2397,0.2135,0.2,0.2,0.2,0.0386,0.0351,0.0329,0.0303,0.0278,76.22,76.97,77.41,77.62,78.08,24.724,49.77,0.21064,0.03294,77.26,2.88915738107418,3.36508314100454,True,EWMA 상한 이탈,소음,59.51811572080151,진동,30.271816024220165,설비 가동 소음원 점검,24.724,25.04,24.44,0.2072293415518175,0.14599999999999974,0.5999999999999979,0.14999999999999947,49.77,50.84,48.75,0.7671505719218364,-0.5410000000000004,2.0900000000000034,0.5225000000000009,0.21064,0.2397,0.2,0.015442098303015682,-0.009289999999999996,0.039699999999999985,0.009924999999999996,0.03294,0.0386,0.0278,0.0037441153828374476,-0.002640000000000001,0.010800000000000004,0.002700000000000001,77.26,78.08,76.22,0.630904113158252,0.43700000000000044,1.8599999999999994,0.46499999999999986
PR_DEF_PB_A_20250902-181937_01794.jpg,stream_images/PR_DEF_PB_A_20250902-181937_01794.jpg,2025-09-02 18:19:37,사전공정,불량,납볼 검사군,1794,R011100,24.04,24.29,24.52,24.76,24.98,42.72,43.17,43.68,44.4,44.98,0.5794,0.5727,0.5683,0.5661,0.5599,0.0329,0.03,0.0264,0.023,0.0201,72.79,73.69,74.07,74.67,75.0,24.518,43.79,0.56928,0.026479999999999997,74.04400000000001,3.1262000666763905,3.31730652613891,True,EWMA 상한 이탈,진동,62.8710587209666,소음,22.9708677533148,실장 설비(마운터) 점검,24.518,24.98,24.04,0.3324093861490684,0.2350000000000005,0.9400000000000013,0.23500000000000032,43.79,44.98,42.72,0.8160392147439964,0.5749999999999993,2.259999999999998,0.5649999999999995,0.56928,0.5794,0.5599,0.006529441017422564,-0.0045600000000000085,0.019500000000000073,0.004875000000000018,0.026479999999999997,0.0329,0.0201,0.004613631974919543,-0.00326,0.012799999999999999,0.0031999999999999997,74.04400000000001,75.0,72.79,0.7751541782123074,0.5399999999999991,2.2099999999999937,0.5524999999999984
PR_DEF_NB_A_20250902-182010_01798.jpg,stream_images/PR_DEF_NB_A_20250902-182010_01798.jpg,2025-09-02 18:20:10,사전공정,불량,납부족 검사군,1798,R003457,24.32,24.56,24.81,24.98,25.2,68.41,67.62,67.12,66.42,65.91,0.2091,0.2015,0.2,0.2,0.2,0.0207,0.0222,0.0231,0.0251,0.0258,67.47,66.15,65.41,64.31,63.14,24.774,67.096,0.20212,0.02338,65.296,3.4481406180090315,3.3434733445129345,True,EWMA 상한 이탈,습도,73.25550568502678,진동,23.984742328204494,자재 보관 환경 점검,24.774,25.2,24.32,0.30890775322092506,0.21799999999999997,0.879999999999999,0.21999999999999975,67.096,68.41,65.91,0.8792405814110267,-0.6200000000000003,2.5,0.625,0.20212,0.2091,0.2,0.0035380220462851823,-0.0019699999999999995,0.009099999999999997,0.0022749999999999992,0.02338,0.0258,0.0207,0.0018691174387929724,0.00131,0.0051,0.001275,65.296,67.47,63.14,1.4892360457630616,-1.05,4.329999999999998,1.0824999999999996
PR_DEF_PB_A_20250902-182012_01795.jpg,stream_images/PR_DEF_PB_A_20250902-182012_01795.jpg,2025-09-02 18:20:12,사전공정,불량,납볼 검사군,1795,R011101,24.84,24.67,24.5,24.35,24.2,66.06,66.62,67.06,66.99,67.45,0.4992,0.5,0.5,0.5,0.5,0.039,0.0359,0.0334,0.0308,0.0275,69.27,69.51,69.73,70.09,70.47,24.512000000000004,66.836,0.49984,0.03332,69.81400000000001,3.5478403327129286,3.3843467421529336,True,EWMA 상한 이탈,습도,66.92901169164371,진동,22.56320827606408,자재 보관 환경 점검,24.512000000000004,24.84,24.2,0.22639787984873025,-0.16000000000000014,0.6400000000000006,0.16000000000000014,66.836,67.45,66.06,0.46898187598243013,0.31499999999999917,1.3900000000000006,0.38250000000000384,0.49984,0.5,0.4992,0.00032000000000000913,0.0001600000000000046,0.0008000000000000229,0.00020000000000000573,0.03332,0.039,0.0275,0.003978642984737384,-0.00281,0.0115,0.002875,69.81400000000001,70.47,69.27,0.42471637594988043,0.2980000000000004,1.2000000000000028,0.3000000000000007
PR_DEF_PB_A_20250902-182014_01796.jpg,stream_images/PR_DEF_PB_A_20250902-182014_01796.jpg,2025-09-02 18:20:14,사전공정,불량,납볼 검사군,1796,R011102,26.62,26.5,26.4,26.28,26.13,42.3,41.47,40.98,40.35,40.0,0.5846,0.5945,0.6,0.6,0.6,0.0318,0.034,0.036,0.037,0.0394,66.14,65.41,64.36,63.13,62.0,26.386000000000003,41.019999999999996,0.59582,0.03564,64.208,3.6760606102519557,3.4426895157727384,True,EWMA+단일점,진동,56.64023320003266,습도,18.10344197511327,실장 설비(마운터) 점검,26.386000000000003,26.62,26.13,0.1701293625450943,-0.12000000000000029,0.490000000000002,0.1225000000000005,41.019999999999996,42.3,40.0,0.8163087651128083,-0.5719999999999992,2.299999999999997,0.5749999999999993,0.59582,0.6,0.5846,0.006000799946673763,0.0036299999999999887,0.01539999999999997,0.0038499999999999923,0.03564,0.0394,0.0318,0.0025904439773907465,0.0018199999999999987,0.007599999999999996,0.001899999999999999,64.208,66.14,62.0,1.4991917822613616,-1.0559999999999996,4.140000000000001,1.0350000000000001
PR_DEF_NB_A_20250902-182014_01799.jpg,stream_images/PR_DEF_NB_A_20250902-182014_01799.jpg,2025-09-02 18:20:14,사전공정,불량,납부족 검사군,1799,R003458,24.53,24.57,24.6,24.61,24.67,58.02,58.56,58.88,59.53,59.68,0.5548,0.5478,0.5381,0.5304,0.5232,0.0248,0.0269,0.0294,0.0321,0.0346,67.39,67.77,68.19,68.8,69.28,24.596,58.934000000000005,0.53886,0.029559999999999996,68.28599999999999,2.697489584839456,3.2936495295860824,True,EWMA 상한 이탈,진동,62.09125392653881,습도,32.30482719730367,실장 설비(마운터) 점검,24.596,24.67,24.53,0.04630334761116108,0.03200000000000003,0.14000000000000057,0.03500000000000014,58.934000000000005,59.68,58.02,0.6148040338189061,0.4289999999999992,1.6599999999999966,0.41499999999999915,0.53886,0.5548,0.5232,0.011413956369287541,-0.008059999999999989,0.03159999999999996,0.00789999999999999,0.029559999999999996,0.0346,0.0248,0.0035103276200377643,0.0024799999999999996,0.0098,0.00245,68.28599999999999,69.28,67.39,0.6827180970210184,0.4810000000000002,1.8900000000000006,0.47250000000000014
PR_DEF_PB_A_20250902-182024_01797.jpg,stream_images/PR_DEF_PB_A_20250902-182024_01797.jpg,2025-09-02 18:20:24,사전공정,불량,납볼 검사군,1797,R011103,24.09,24.39,24.61,24.9,25.19,44.3,43.39,42.8,41.99,41.26,0.5199,0.5144,0.5064,0.502,0.5,0.0306,0.0326,0.0352,0.0381,0.04,72.08,71.62,70.97,70.24,69.56,24.636000000000003,42.748000000000005,0.50854,0.0353,70.89399999999999,2.617018854475946,3.158323394564055,True,EWMA 상한 이탈,진동,46.61579293383114,습도,23.559611862954437,실장 설비(마운터) 점검,24.636000000000003,25.19,24.09,0.38364566985696597,0.2710000000000001,1.1000000000000014,0.27500000000000036,42.748000000000005,44.3,41.26,1.0594602399335233,-0.7479999999999997,3.039999999999999,0.7599999999999998,0.50854,0.5199,0.5,0.007532224107127993,-0.005220000000000002,0.01990000000000003,0.004975000000000007,0.0353,0.04,0.0306,0.0034444157704899697,0.0024300000000000007,0.009400000000000002,0.0023500000000000005,70.89399999999999,72.08,69.56,0.9106832599757176,-0.6420000000000001,2.519999999999996,0.629999999999999
PR_DEF_NB_A_20250902-182044_01800.jpg,stream_images/PR_DEF_NB_A_20250902-182044_01800.jpg,2025-09-02 18:20:44,사전공정,불량,납부족 검사군,1800,R003459,24.12,24.22,24.31,24.41,24.55,57.16,57.47,57.81,58.37,58.46,0.298,0.3283,0.3516,0.382,0.4105,0.0142,0.0164,0.0182,0.0202,0.022,76.56,75.52,75.0,75.0,75.0,24.322,57.854,0.35408,0.0182,75.416,2.459853398420784,3.018629395335401,True,EWMA 상한 이탈,소음,54.36075043755662,습도,30.19478416648039,설비 가동 소음원 점검,24.322,24.55,24.12,0.1490503270710938,0.10500000000000007,0.4299999999999997,0.10749999999999993,57.854,58.46,57.16,0.50289561541139,0.3500000000000007,1.3000000000000043,0.32500000000000107,0.35408,0.4105,0.298,0.03944228188125023,0.02787,0.11249999999999999,0.028124999999999997,0.0182,0.022,0.0142,0.0027451775898837574,0.0019399999999999995,0.007799999999999998,0.0019499999999999995,75.416,76.56,75.0,0.606418997063912,-0.36400000000000005,1.5600000000000023,0.39000000000000057
PR_DEF_PB_A_20250902-182047_01798.jpg,stream_images/PR_DEF_PB_A_20250902-182047_01798.jpg,2025-09-02 18:20:47,사전공정,불량,납볼 검사군,1798,R011104,23.72,24.02,24.23,24.47,24.74,64.33,64.42,64.44,64.49,64.43,0.204,0.2225,0.2311,0.2542,0.2695,0.022,0.0247,0.0269,0.03,0.0331,71.87,71.15,70.27,69.5,68.48,24.235999999999997,64.422,0.23626,0.027339999999999996,70.254,2.962803747105991,3.0074642656895194,True,EWMA 상한 이탈,습도,70.58756906652869,진동,19.32267374316707,자재 보관 환경 점검,24.235999999999997,24.74,23.72,0.3526244461179625,0.24899999999999983,1.0199999999999996,0.2549999999999999,64.422,64.49,64.33,0.05192301994298798,0.027000000000001023,0.1599999999999966,0.05499999999999616,0.23626,0.2695,0.204,0.023166406713169833,0.016270000000000003,0.06550000000000003,0.016375000000000008,0.027339999999999996,0.0331,0.022,0.0038969731844086374,0.00275,0.011099999999999999,0.0027749999999999997,70.254,71.87,68.48,1.1941624680084373,-0.8430000000000006,3.3900000000000006,0.8475000000000001
PR_DEF_NB_A_20250902-182056_01801.jpg,stream_images/PR_DEF_NB_A_20250902-182056_01801.jpg,2025-09-02 18:20:56,사전공정,불량,납부족 검사군,1801,R003460,26.56,26.21,25.95,25.71,25.43,48.16,48.81,49.65,50.53,50.76,0.5232,0.5243,0.521,0.5185,0.5165,0.0395,0.04,0.04,0.04,0.04,71.21,70.93,70.83,70.53,70.79,25.972,49.582,0.5206999999999999,0.039900000000000005,70.858,2.7907783644084074,2.9641270854332973,True,EWMA 상한 이탈,진동,47.30641656765977,가속도,36.10073789274586,실장 설비(마운터) 점검,25.972,26.56,25.43,0.3912237211622012,-0.2759999999999998,1.129999999999999,0.28249999999999975,49.582,50.76,48.16,0.9908662876493481,0.6920000000000002,2.6000000000000014,0.6500000000000004,0.5206999999999999,0.5243,0.5165,0.0028906746617355763,-0.0019200000000000107,0.007800000000000029,0.0022250000000000048,0.039900000000000005,0.04,0.0395,0.00020000000000000017,0.00010000000000000009,0.0005000000000000004,0.0001250000000000001,70.858,71.21,70.53,0.22003636063159882,-0.12399999999999807,0.6799999999999926,0.23499999999999943
PR_DEF_NB_A_20250902-182102_01802.jpg,stream_images/PR_DEF_NB_A_20250902-182102_01802.jpg,2025-09-02 18:21:02,사전공정,불량,납부족 검사군,1802,R003461,26.89,26.83,26.82,26.8,26.74,40.57,40.38,40.06,40.0,40.0,0.3694,0.3493,0.3387,0.3298,0.3163,0.0498,0.0487,0.0481,0.0477,0.0472,64.4,63.99,63.83,63.43,62.67,26.815999999999995,40.202,0.3407,0.048299999999999996,63.66400000000001,3.6125074175900282,3.093803151864644,True,EWMA+단일점,가속도,52.902540227658115,습도,22.38362654025155,컨베이어 이송계열 점검,26.815999999999995,26.89,26.74,0.04841487374764134,-0.03300000000000018,0.15000000000000213,0.03750000000000053,40.202,40.57,40.0,0.2318965286501721,-0.1520000000000003,0.5700000000000003,0.14250000000000007,0.3407,0.3694,0.3163,0.017976762778654,-0.012569999999999998,0.05309999999999998,0.013274999999999995,0.048299999999999996,0.0498,0.0472,0.0008966604708583952,-0.0006199999999999997,0.002599999999999998,0.0006499999999999995,63.66400000000001,64.4,62.67,0.5862286243437804,-0.402000000000001,1.730000000000004,0.432500000000001
PR_DEF_NB_A_20250902-182121_01803.jpg,stream_images/PR_DEF_NB_A_20250902-182121_01803.jpg,2025-09-02 18:21:21,사전공정,불량,납부족 검사군,1803,R003462,23.1,23.01,23.0,23.0,23.0,59.93,59.85,59.38,58.73,58.45,0.4102,0.397,0.3852,0.3727,0.357,0.0481,0.0469,0.0453,0.0449,0.0441,69.29,69.17,68.78,68.41,68.51,23.022,59.267999999999994,0.38442000000000004,0.04586,68.832,3.3370258174006873,3.142447684971853,True,EWMA 상한 이탈,가속도,49.589931885014444,온도,25.579788943733533,컨베이어 이송계열 점검,23.022,23.1,23.0,0.03919183588453132,-0.021000000000000442,0.10000000000000142,0.025000000000000355,59.267999999999994,59.93,58.45,0.5912833500108049,-0.4079999999999998,1.4799999999999969,0.3699999999999992,0.38442000000000004,0.4102,0.357,0.018507771340709838,-0.013070000000000009,0.053200000000000025,0.013300000000000006,0.04586,0.0481,0.0441,0.0014444376068214213,-0.0009999999999999987,0.003999999999999997,0.0009999999999999992,68.832,69.29,68.41,0.3488495377666441,-0.23200000000000073,0.8800000000000097,0.24500000000000455
PR_DEF_PB_A_20250902-182200_01799.jpg,stream_images/PR_DEF_PB_A_20250902-182200_01799.jpg,2025-09-02 18:22:00,사전공정,불량,납볼 검사군,1799,R011105,25.49,25.57,25.69,25.77,25.82,48.22,48.56,48.83,49.19,49.62,0.5209,0.5157,0.5138,0.5115,0.5115,0.0322,0.0309,0.0292,0.028,0.0262,61.33,60.58,60.0,60.0,60.0,25.668,48.884,0.51468,0.029300000000000003,60.38199999999999,2.579833863763694,3.0299249207302212,True,EWMA 상한 이탈,진동,51.25349586068138,소음,39.67956289650129,실장 설비(마운터) 점검,25.668,25.82,25.49,0.1227028932014242,0.0860000000000003,0.33000000000000185,0.08250000000000046,48.884,49.62,48.22,0.48664566164715684,0.34299999999999925,1.3999999999999986,0.34999999999999964,0.51468,0.5209,0.5115,0.003485053801593341,-0.0023000000000000242,0.009400000000000075,0.0023500000000000187,0.029300000000000003,0.0322,0.0262,0.0021109239683134015,-0.0014899999999999996,0.005999999999999998,0.0014999999999999996,60.38199999999999,61.33,60.0,0.5245340789691355,-0.3239999999999995,1.3299999999999983,0.3324999999999996
PR_DEF_NB_A_20250902-182207_01804.jpg,stream_images/PR_DEF_NB_A_20250902-182207_01804.jpg,2025-09-02 18:22:07,사전공정,불량,납부족 검사군,1804,R003463,25.87,26.16,26.49,26.81,27.0,53.67,54.53,55.23,55.59,56.3,0.592,0.5847,0.5813,0.5766,0.5712,0.0335,0.0311,0.0279,0.0247,0.0219,72.44,71.87,71.6,71.09,70.71,26.465999999999998,55.064,0.58116,0.02782,71.542,3.177763512181225,3.059492639020422,True,EWMA 상한 이탈,진동,67.39778884092165,온도,15.779352827752,실장 설비(마운터) 점검,26.465999999999998,27.0,25.87,0.41301815940706477,0.29099999999999965,1.129999999999999,0.28249999999999975,55.064,56.3,53.67,0.901145937126722,0.6319999999999993,2.6299999999999955,0.6574999999999989,0.58116,0.592,0.5712,0.00707180316468153,-0.004969999999999986,0.02079999999999993,0.005199999999999982,0.02782,0.0335,0.0219,0.004190656273186815,-0.0029600000000000004,0.011600000000000003,0.0029000000000000007,71.542,72.44,70.71,0.6023088908525268,-0.42400000000000093,1.730000000000004,0.432500000000001
PR_DEF_NB_A_20250902-182208_01805.jpg,stream_images/PR_DEF_NB_A_20250902-182208_01805.jpg,2025-09-02 18:22:08,사전공정,불량,납부족 검사군,1805,R003464,26.13,26.23,26.31,26.33,26.49,51.26,51.72,52.29,52.73,53.03,0.2074,0.2084,0.2154,0.22,0.2284,0.0163,0.015,0.0138,0.0116,0.0102,78.13,77.19,76.32,75.47,75.09,26.298000000000002,52.205999999999996,0.21591999999999997,0.013379999999999998,76.44000000000001,3.11046184487429,3.069686480191196,True,EWMA 상한 이탈,소음,43.30395068906204,진동,24.318805168922612,설비 가동 소음원 점검,26.298000000000002,26.49,26.13,0.11906300852909735,0.08199999999999967,0.35999999999999943,0.08999999999999986,52.205999999999996,53.03,51.26,0.646795176234332,0.4550000000000004,1.7700000000000031,0.4425000000000008,0.21591999999999997,0.2284,0.2074,0.007769272810244209,0.0053599999999999984,0.02099999999999999,0.005249999999999998,0.013379999999999998,0.0163,0.0102,0.002218467939817927,-0.0015599999999999995,0.006099999999999998,0.0015249999999999994,76.44000000000001,78.13,75.09,1.1132295360795972,-0.7799999999999983,3.039999999999992,0.759999999999998
PR_DEF_NB_A_20250902-182238_01806.jpg,stream_images/PR_DEF_NB_A_20250902-182238_01806.jpg,2025-09-02 18:22:38,사전공정,불량,납부족 검사군,1806,R003465,23.26,23.47,23.68,23.93,24.11,40.97,40.73,40.85,40.91,40.75,0.3818,0.3636,0.3434,0.3194,0.2959,0.0229,0.0225,0.0221,0.0217,0.0208,81.52,82.12,82.58,83.37,83.77,23.69,40.842,0.34082,0.022,82.672,3.9793225236802083,3.2516136888889986,True,EWMA+단일점,소음,75.3540287863904,습도,16.00748349805293,설비 가동 소음원 점검,23.69,24.11,23.26,0.3057449917823671,0.21599999999999966,0.8499999999999979,0.21249999999999947,40.842,40.97,40.73,0.09173875952943769,-0.0259999999999998,0.240000000000002,0.14499999999999957,0.34082,0.3818,0.2959,0.030599241820672606,-0.02159999999999999,0.08589999999999998,0.021474999999999994,0.022,0.0229,0.0208,0.0007211102550927981,-0.0005000000000000001,0.002100000000000001,0.0005250000000000003,82.672,83.77,81.52,0.816465553468118,0.575,2.25,0.5625
PR_DEF_PB_A_20250902-182240_01800.jpg,stream_images/PR_DEF_PB_A_20250902-182240_01800.jpg,2025-09-02 18:22:40,사전공정,불량,납볼 검사군,1800,R011106,26.24,26.48,26.68,26.95,27.0,46.53,47.0,47.45,48.28,48.73,0.4128,0.4428,0.4709,0.4975,0.5,0.0436,0.0434,0.0426,0.042,0.041,60.47,60.0,60.0,60.0,60.0,26.670000000000005,47.598,0.4648,0.04252,60.09400000000001,3.254624144978723,3.252215780106944,True,EWMA 상한 이탈,가속도,36.49638050918576,소음,26.945970604357683,컨베이어 이송계열 점검,26.670000000000005,27.0,26.24,0.2857971308463403,0.1990000000000002,0.7600000000000016,0.1900000000000004,47.598,48.73,46.53,0.8082920264359894,0.5679999999999993,2.1999999999999957,0.5499999999999989,0.4648,0.5,0.4128,0.03326722110426417,0.022909999999999996,0.0872,0.0218,0.04252,0.0436,0.041,0.0009516301802696249,-0.0006599999999999995,0.002599999999999998,0.0006499999999999995,60.09400000000001,60.47,60.0,0.18799999999999956,-0.09399999999999978,0.46999999999999886,0.11749999999999972
PR_DEF_PB_A_20250902-182310_01801.jpg,stream_images/PR_DEF_PB_A_20250902-182310_01801.jpg,2025-09-02 18:23:10,사전공정,불량,납볼 검사군,1801,R011107,24.6,24.38,24.15,23.93,23.67,48.28,48.63,49.04,49.08,49.28,0.2374,0.2566,0.2754,0.2999,0.3191,0.047,0.0463,0.0455,0.0448,0.0434,66.35,67.13,67.87,68.36,69.17,24.146,48.861999999999995,0.27768,0.045399999999999996,67.776,2.566050021917013,3.1149826284689577,True,EWMA 상한 이탈,가속도,80.69579413877766,진동,10.531948466168323,컨베이어 이송계열 점검,24.146,24.6,23.67,0.32683941010838924,-0.23099999999999987,0.9299999999999997,0.23249999999999993,48.861999999999995,49.28,48.28,0.3595775298875049,0.24499999999999958,1.0,0.25,0.27768,0.3191,0.2374,0.029262221378425803,0.02067,0.0817,0.020425,0.045399999999999996,0.047,0.0434,0.0012441864811996632,-0.0008699999999999999,0.003599999999999999,0.0008999999999999998,67.776,69.17,66.35,0.9740554399006277,0.6870000000000018,2.8200000000000074,0.7050000000000018
PR_DEF_NB_A_20250902-182312_01807.jpg,stream_images/PR_DEF_NB_A_20250902-182312_01807.jpg,2025-09-02 18:23:12,사전공정,불량,납부족 검사군,1807,R003466,23.81,24.03,24.26,24.46,24.7,53.52,53.64,54.05,54.37,54.6,0.5745,0.5736,0.5706,0.5627,0.5591,0.0211,0.0199,0.019,0.0188,0.0176,71.74,72.2,72.91,73.35,73.6,24.252000000000002,54.036,0.5680999999999999,0.01928,72.75999999999999,2.97591773441859,3.0871696496588843,True,EWMA 상한 이탈,진동,68.81789747101153,소음,16.407396440610317,실장 설비(마운터) 점검,24.252000000000002,24.7,23.81,0.3126275739598158,0.22100000000000009,0.8900000000000006,0.22250000000000014,54.036,54.6,53.52,0.4130181594070643,0.28899999999999937,1.0799999999999983,0.2699999999999996,0.5680999999999999,0.5745,0.5591,0.00612568363531777,-0.004169999999999996,0.01539999999999997,0.0038499999999999923,0.01928,0.0211,0.0176,0.0011685888926393233,-0.00081,0.0034999999999999996,0.0008749999999999999,72.75999999999999,73.6,71.74,0.6971656904925815,0.48699999999999904,1.8599999999999994,0.46499999999999986
PR_DEF_PB_A_20250902-182334_01802.jpg,stream_images/PR_DEF_PB_A_20250902-182334_01802.jpg,2025-09-02 18:23:34,사전공정,불량,납볼 검사군,1802,R011108,23.29,23.6,23.88,24.14,24.39,49.72,49.17,48.52,47.61,46.86,0.4481,0.4297,0.4091,0.3901,0.3692,0.0208,0.0215,0.0205,0.0211,0.0206,84.48,84.77,84.77,84.4,84.37,23.86,48.376,0.40923999999999994,0.020900000000000002,84.55799999999999,4.1089640449881655,3.291528528724741,True,EWMA+단일점,소음,90.03559297232685,온도,5.586813835143615,설비 가동 소음원 점검,23.86,24.39,23.29,0.3878659562271484,0.2740000000000002,1.1000000000000014,0.27500000000000036,48.376,49.72,46.86,1.0336846714545014,-0.7280000000000001,2.8599999999999994,0.7149999999999999,0.40923999999999994,0.4481,0.3692,0.027922292169519334,-0.019740000000000008,0.07890000000000003,0.019725000000000006,0.020900000000000002,0.0215,0.0205,0.0003633180424916983,-7.999999999999952e-05,0.0009999999999999974,0.0006999999999999992,84.55799999999999,84.77,84.37,0.1767936650448723,-0.05899999999999892,0.3999999999999915,0.17249999999999588
PR_DEF_NB_A_20250902-182357_01808.jpg,stream_images/PR_DEF_NB_A_20250902-182357_01808.jpg,2025-09-02 18:23:57,사전공정,불량,납부족 검사군,1808,R003467,26.45,26.6,26.7,26.84,27.0,46.54,46.69,46.89,46.89,47.27,0.3966,0.3726,0.3476,0.3185,0.2866,0.0304,0.0311,0.0336,0.0355,0.0368,82.64,82.24,81.96,81.24,80.58,26.718,46.856,0.34438,0.033479999999999996,81.732,3.746867876184666,3.3825963982167258,True,EWMA+단일점,소음,75.64232916126856,온도,15.598095464581846,설비 가동 소음원 점검,26.718,27.0,26.45,0.1899894733926067,0.13399999999999998,0.5500000000000007,0.13750000000000018,46.856,47.27,46.54,0.2454057864028491,0.1660000000000011,0.730000000000004,0.182500000000001,0.34438,0.3966,0.2866,0.03883804320508436,-0.027409999999999997,0.10999999999999999,0.027499999999999997,0.033479999999999996,0.0368,0.0304,0.002460406470484094,0.0017199999999999997,0.0063999999999999994,0.0015999999999999999,81.732,82.64,80.58,0.7353475368830716,-0.5120000000000005,2.0600000000000023,0.5150000000000006
PR_DEF_NB_A_20250902-182357_01809.jpg,stream_images/PR_DEF_NB_A_20250902-182357_01809.jpg,2025-09-02 18:23:57,사전공정,불량,납부족 검사군,1809,R003468,24.25,24.18,24.11,24.02,23.91,51.5,51.59,51.81,52.17,52.66,0.5408,0.5486,0.5527,0.5615,0.5629,0.0264,0.0269,0.0281,0.0285,0.0299,62.18,61.86,61.44,60.7,60.0,24.093999999999998,51.946000000000005,0.5532999999999999,0.027960000000000002,61.236000000000004,2.8485021089941287,3.2757775403722067,True,EWMA 상한 이탈,진동,64.65516223751577,소음,25.385790612230874,실장 설비(마운터) 점검,24.093999999999998,24.25,23.91,0.11943198901466888,-0.08399999999999999,0.33999999999999986,0.08499999999999996,51.946000000000005,52.66,51.5,0.4252340531989396,0.28999999999999915,1.1599999999999966,0.28999999999999915,0.5532999999999999,0.5629,0.5408,0.00822313808712952,0.005710000000000004,0.02210000000000001,0.005525000000000002,0.027960000000000002,0.0299,0.0264,0.00123547561691844,0.00086,0.0034999999999999996,0.0008749999999999999,61.236000000000004,62.18,60.0,0.7921010036605174,-0.5519999999999996,2.1799999999999997,0.5449999999999999
PR_DEF_NB_A_20250902-182358_01810.jpg,stream_images/PR_DEF_NB_A_20250902-182358_01810.jpg,2025-09-02 18:23:58,사전공정,불량,납부족 검사군,1810,R003469,23.56,23.52,23.46,23.4,23.32,50.75,50.53,50.16,49.86,49.51,0.5433,0.549,0.5519,0.5525,0.5526,0.0149,0.014,0.0128,0.0116,0.0108,71.15,71.35,71.35,71.4,71.35,23.451999999999998,50.162,0.54986,0.012820000000000002,71.32000000000001,3.0940475202213014,3.2394315363420256,True,EWMA 상한 이탈,진동,53.50127813931,가속도,20.087362323512693,실장 설비(마운터) 점검,23.451999999999998,23.56,23.32,0.08541662601625019,-0.05999999999999979,0.23999999999999844,0.05999999999999961,50.162,50.75,49.51,0.4466497509234733,-0.31500000000000056,1.240000000000002,0.3100000000000005,0.54986,0.5526,0.5433,0.0035330440133120194,0.0022099999999999898,0.009299999999999975,0.0023249999999999937,0.012820000000000002,0.0149,0.0108,0.0015025311976794358,-0.00106,0.0040999999999999995,0.0010249999999999999,71.32000000000001,71.4,71.15,0.08717797887081112,0.04499999999999886,0.25,0.07500000000000284
PR_DEF_NB_A_20250902-182358_01811.jpg,stream_images/PR_DEF_NB_A_20250902-182358_01811.jpg,2025-09-02 18:23:58,사전공정,불량,납부족 검사군,1811,R003470,24.31,24.18,24.01,23.93,23.77,59.5,59.93,60.0,60.0,60.0,0.2324,0.2152,0.2,0.2,0.2,0.0417,0.0415,0.0408,0.0404,0.0404,69.51,69.21,68.75,68.39,68.22,24.04,59.886,0.20951999999999998,0.040959999999999996,68.816,3.079063743418735,3.2073579777573675,True,EWMA 상한 이탈,가속도,34.233702469060006,습도,30.564134867699366,컨베이어 이송계열 점검,24.04,24.31,23.77,0.18889150324988124,-0.13299999999999984,0.5399999999999991,0.1349999999999998,59.886,60.0,59.5,0.19489484344127733,0.10700000000000003,0.5,0.125,0.20951999999999998,0.2324,0.2,0.012865830715503753,-0.007999999999999997,0.032399999999999984,0.008099999999999996,0.040959999999999996,0.0417,0.0404,0.0005462600113499077,-0.00037000000000000086,0.0013000000000000025,0.00032500000000000064,68.816,69.51,68.22,0.48536996198776106,-0.3400000000000006,1.2900000000000063,0.32250000000000156
PR_DEF_PB_A_20250902-182403_01803.jpg,stream_images/PR_DEF_PB_A_20250902-182403_01803.jpg,2025-09-02 18:24:03,사전공정,불량,납볼 검사군,1803,R011109,25.53,25.55,25.55,25.55,25.58,53.32,52.95,53.03,53.07,53.12,0.3297,0.3275,0.3214,0.3086,0.2972,0.0411,0.0413,0.0406,0.0401,0.04,60.92,60.47,60.0,60.0,60.0,25.552,53.098,0.31688,0.04062,60.278,2.5453226182414483,3.074950905854184,True,EWMA 상한 이탈,가속도,47.742740491756,소음,42.19530489845246,컨베이어 이송계열 점검,25.552,25.58,25.53,0.015999999999999036,0.009999999999999431,0.04999999999999716,0.01249999999999929,53.098,53.32,52.95,0.12416118556134924,-0.028000000000000823,0.36999999999999744,0.134999999999998,0.31688,0.3297,0.2972,0.012275406306921166,-0.008389999999999998,0.03249999999999997,0.008124999999999993,0.04062,0.0413,0.04,0.0005192301994298877,-0.00034,0.0013000000000000025,0.00037500000000000207,60.278,60.92,60.0,0.3690203246435084,-0.23100000000000023,0.9200000000000017,0.23000000000000043
PR_DEF_PB_A_20250902-182424_01804.jpg,stream_images/PR_DEF_PB_A_20250902-182424_01804.jpg,2025-09-02 18:24:24,사전공정,불량,납볼 검사군,1804,R011110,24.1,24.07,24.0,23.96,23.91,52.03,51.5,51.04,50.4,49.98,0.3214,0.329,0.335,0.3411,0.3459,0.0184,0.0162,0.0138,0.0119,0.01,81.56,81.49,80.98,80.97,80.87,24.008,50.989999999999995,0.33448,0.01406,81.174,3.471261733777336,3.1542130714388144,True,EWMA 상한 이탈,소음,80.86616798252979,가속도,12.728261801696805,설비 가동 소음원 점검,24.008,24.1,23.91,0.06968500556073766,-0.049000000000000196,0.19000000000000128,0.04750000000000032,50.989999999999995,52.03,49.98,0.7365324161230122,-0.520000000000001,2.0500000000000043,0.5125000000000011,0.33448,0.3459,0.3214,0.008667502523795412,0.006109999999999993,0.024499999999999966,0.0061249999999999916,0.01406,0.0184,0.01,0.00298770815174441,-0.00211,0.0084,0.0021,81.174,81.56,80.87,0.29000689646972005,-0.18999999999999914,0.6899999999999977,0.17249999999999943
PR_DEF_PB_A_20250902-182427_01805.jpg,stream_images/PR_DEF_PB_A_20250902-182427_01805.jpg,2025-09-02 18:24:27,사전공정,불량,납볼 검사군,1805,R011111,25.2,25.31,25.41,25.46,25.58,65.81,65.75,66.1,66.15,66.4,0.2794,0.3012,0.3226,0.3497,0.3705,0.0169,0.0173,0.0178,0.0185,0.019,72.42,72.05,71.83,71.37,71.19,25.392,66.042,0.32467999999999997,0.0179,71.772,3.0913651755161013,3.1416434922542718,True,EWMA 상한 이탈,습도,80.90389479439989,소음,10.04685809838477,자재 보관 환경 점검,25.392,25.58,25.2,0.1295221988695374,0.09100000000000001,0.379999999999999,0.09499999999999975,66.042,66.4,65.75,0.2376047137579571,0.15800000000000125,0.6500000000000057,0.177500000000002,0.32467999999999997,0.3705,0.2794,0.03265390635130811,0.02307,0.09110000000000001,0.022775000000000004,0.0179,0.019,0.0169,0.0007668115805072328,0.0005400000000000002,0.002100000000000001,0.0005250000000000003,71.772,72.42,71.19,0.447410326210739,-0.31400000000000006,1.230000000000004,0.307500000000001
PR_DEF_PB_A_20250902-182444_01806.jpg,stream_images/PR_DEF_PB_A_20250902-182444_01806.jpg,2025-09-02 18:24:44,사전공정,불량,납볼 검사군,1806,R011112,23.93,24.06,24.23,24.4,24.57,76.07,75.6,75.01,74.27,73.41,0.4604,0.4483,0.4373,0.4226,0.4045,0.0339,0.0338,0.0341,0.0344,0.0342,64.39,64.31,64.64,64.5,64.19,24.238,74.872,0.43462000000000006,0.03408,64.40599999999999,4.6034845306157495,3.4340116999265673,True,EWMA+단일점,습도,86.55972971267451,가속도,4.896759577562405,자재 보관 환경 점검,24.238,24.57,23.93,0.22938177782901603,0.1620000000000001,0.6400000000000006,0.16000000000000014,74.872,76.07,73.41,0.9470036958745189,-0.6649999999999991,2.6599999999999966,0.6649999999999991,0.43462000000000006,0.4604,0.4045,0.01954803314914315,-0.01374999999999999,0.05589999999999995,0.013974999999999987,0.03408,0.0344,0.0338,0.00021354156504062728,0.00012000000000000067,0.0006000000000000033,0.00022500000000000124,64.40599999999999,64.64,64.19,0.15473848907107812,-0.021000000000000796,0.45000000000000284,0.21499999999999986
PR_DEF_NB_A_20250902-182444_01812.jpg,stream_images/PR_DEF_NB_A_20250902-182444_01812.jpg,2025-09-02 18:24:44,사전공정,불량,납부족 검사군,1812,R003471,23.69,23.44,23.28,23.09,23.0,47.17,47.54,47.53,47.6,47.71,0.4665,0.4473,0.4346,0.4147,0.3941,0.0488,0.0481,0.0474,0.0472,0.0475,62.22,61.7,61.12,60.34,60.0,23.3,47.510000000000005,0.43144,0.047799999999999995,61.076,3.4588162165462233,3.4389726032504986,True,EWMA 상한 이탈,가속도,55.506091946404965,소음,18.197489056866843,컨베이어 이송계열 점검,23.3,23.69,23.0,0.2474671695397195,-0.1730000000000004,0.6900000000000013,0.17250000000000032,47.510000000000005,47.71,47.17,0.18165902124584918,0.11400000000000006,0.5399999999999991,0.1399999999999988,0.43144,0.4665,0.3941,0.025160413351135547,-0.01774,0.07240000000000002,0.018100000000000005,0.047799999999999995,0.0488,0.0472,0.0005830951894845313,-0.0003500000000000003,0.0016000000000000042,0.00047500000000000146,61.076,62.22,60.0,0.8245629145189584,-0.5799999999999997,2.219999999999999,0.5549999999999997
PR_DEF_NB_A_20250902-182450_01813.jpg,stream_images/PR_DEF_NB_A_20250902-182450_01813.jpg,2025-09-02 18:24:50,사전공정,불량,납부족 검사군,1813,R003472,25.64,25.46,25.27,25.13,25.0,49.4,50.26,50.84,51.4,52.13,0.5666,0.579,0.5894,0.5972,0.6,0.0132,0.0125,0.013,0.0125,0.0134,68.08,69.05,69.51,70.09,71.08,25.3,50.806,0.58644,0.012919999999999997,69.562,3.0572493036333057,3.36262794332706,True,EWMA 상한 이탈,진동,76.54890528689916,가속도,20.168213999493283,실장 설비(마운터) 점검,25.3,25.64,25.0,0.2284731931759177,-0.1610000000000003,0.6400000000000006,0.16000000000000014,50.806,52.13,49.4,0.9361538335124213,0.6600000000000008,2.730000000000004,0.682500000000001,0.58644,0.6,0.5666,0.012307656153793048,0.008499999999999997,0.033399999999999985,0.008349999999999996,0.012919999999999997,0.0134,0.0125,0.0003655133376499411,4.0000000000000105e-05,0.0008999999999999998,0.0006499999999999991,69.562,71.08,68.08,1.0044182395795096,0.7040000000000006,3.0,0.75
PR_DEF_PB_A_20250902-182457_01807.jpg,stream_images/PR_DEF_PB_A_20250902-182457_01807.jpg,2025-09-02 18:24:57,사전공정,불량,납볼 검사군,1807,R011113,26.92,27.0,27.0,27.0,27.0,62.47,62.24,61.69,61.74,61.33,0.4569,0.4357,0.4096,0.3929,0.3631,0.0357,0.0339,0.0319,0.031,0.0295,62.68,63.41,64.27,65.37,66.29,26.984,61.894000000000005,0.41164000000000006,0.0324,64.40400000000001,2.9569217379992474,3.2814867022614975,True,EWMA 상한 이탈,습도,47.80640379148512,온도,33.16278821588877,자재 보관 환경 점검,26.984,27.0,26.92,0.03199999999999932,0.01599999999999966,0.0799999999999983,0.019999999999999574,61.894000000000005,62.47,61.33,0.40863675801376514,-0.27800000000000014,1.1400000000000006,0.3100000000000023,0.41164000000000006,0.4569,0.3631,0.03267669505932323,-0.023039999999999995,0.0938,0.02345,0.0324,0.0357,0.0295,0.0021799082549501954,-0.0015300000000000008,0.006200000000000004,0.001550000000000001,64.40400000000001,66.29,62.68,1.3014084677763582,0.9180000000000021,3.6100000000000065,0.9025000000000016
PR_DEF_NB_A_20250902-182508_01814.jpg,stream_images/PR_DEF_NB_A_20250902-182508_01814.jpg,2025-09-02 18:25:08,사전공정,불량,납부족 검사군,1814,R003473,25.06,24.8,24.48,24.19,23.86,61.61,61.45,61.54,61.03,60.66,0.3176,0.3069,0.2965,0.2881,0.2759,0.0227,0.0224,0.0213,0.0203,0.0191,73.06,72.51,71.89,71.32,70.89,24.478,61.257999999999996,0.29700000000000004,0.02116,71.934,2.3598586562975217,3.097161093068703,True,EWMA 상한 이탈,습도,67.7622532854648,소음,18.48120257996425,자재 보관 환경 점검,24.478,25.06,23.86,0.4259765251748032,-0.3009999999999998,1.1999999999999993,0.2999999999999998,61.257999999999996,61.61,60.66,0.3605218439983918,-0.23200000000000073,0.9500000000000028,0.28249999999999886,0.29700000000000004,0.3176,0.2759,0.014470936389881619,-0.010220000000000002,0.041700000000000015,0.010425000000000004,0.02116,0.0227,0.0191,0.0013350655414622917,-0.0009300000000000006,0.0036000000000000025,0.0009000000000000006,71.934,73.06,70.89,0.7833926218697771,-0.5530000000000015,2.1700000000000017,0.5425000000000004
PR_DEF_NB_A_20250902-182520_01815.jpg,stream_images/PR_DEF_NB_A_20250902-182520_01815.jpg,2025-09-02 18:25:20,사전공정,불량,납부족 검사군,1815,R003474,26.37,26.33,26.23,26.23,26.15,58.05,57.5,57.03,56.34,55.92,0.4919,0.5,0.5,0.5,0.5,0.0483,0.0486,0.0488,0.049,0.0492,60.82,60.19,60.0,60.0,60.0,26.262,56.967999999999996,0.49838000000000005,0.04878,60.202,3.9004549610312624,3.2578198666612153,True,EWMA+단일점,가속도,46.763662735858894,소음,18.17914130445696,컨베이어 이송계열 점검,26.262,26.37,26.15,0.0785875308175543,-0.05400000000000027,0.22000000000000242,0.055000000000000604,56.967999999999996,58.05,55.92,0.7681510268169908,-0.5419999999999987,2.1299999999999955,0.5324999999999989,0.49838000000000005,0.5,0.4919,0.0032399999999999985,0.0016199999999999993,0.008099999999999996,0.002024999999999999,0.04878,0.0492,0.0483,0.0003124099870362662,0.00022000000000000006,0.000899999999999998,0.0002249999999999995,60.202,60.82,60.0,0.3176413071374693,-0.18299999999999983,0.8200000000000003,0.20500000000000007
PR_DEF_PB_A_20250902-182554_01808.jpg,stream_images/PR_DEF_PB_A_20250902-182554_01808.jpg,2025-09-02 18:25:54,사전공정,불량,납볼 검사군,1808,R011114,25.93,25.85,25.79,25.74,25.61,42.58,42.3,41.9,41.57,41.08,0.2283,0.2221,0.2134,0.2101,0.2043,0.04,0.0406,0.0414,0.0413,0.0424,62.71,63.8,65.22,66.11,67.43,25.784,41.886,0.21564,0.041139999999999996,65.054,2.914651336635788,3.18918616065613,True,EWMA 상한 이탈,가속도,39.177776452731145,진동,27.854657383052935,컨베이어 이송계열 점검,25.784,25.93,25.61,0.10762899237659009,-0.07500000000000036,0.3200000000000003,0.08000000000000007,41.886,42.58,41.08,0.5296640444659233,-0.37299999999999967,1.5,0.375,0.21564,0.2283,0.2043,0.008559345769391486,-0.005999999999999997,0.023999999999999994,0.005999999999999998,0.041139999999999996,0.0424,0.04,0.0008089499366462677,0.0005500000000000005,0.0023999999999999994,0.0006499999999999978,65.054,67.43,62.71,1.6646272856108082,1.1750000000000014,4.720000000000006,1.1800000000000015
PR_DEF_NB_A_20250902-182612_01816.jpg,stream_images/PR_DEF_NB_A_20250902-182612_01816.jpg,2025-09-02 18:26:12,사전공정,불량,납부족 검사군,1816,R003475,23.09,23.06,23.0,23.0,23.0,59.88,60.0,60.0,60.0,60.0,0.2303,0.2417,0.2515,0.2652,0.2746,0.046,0.0467,0.0473,0.048,0.0491,60.13,60.77,60.89,61.72,62.17,23.03,59.976,0.25266,0.047420000000000004,61.136,3.938076920963662,3.3389643127176365,True,EWMA+단일점,가속도,41.1519996027438,습도,18.936117640141344,컨베이어 이송계열 점검,23.03,23.09,23.0,0.0379473319220203,-0.023999999999999844,0.08999999999999986,0.022499999999999964,59.976,60.0,59.88,0.047999999999998974,0.023999999999999487,0.11999999999999744,0.02999999999999936,0.25266,0.2746,0.2303,0.015874835432217873,0.011210000000000001,0.044300000000000006,0.011075000000000002,0.047420000000000004,0.0491,0.046,0.0010684568311354465,0.00075,0.0030999999999999986,0.0007749999999999996,61.136,62.17,60.13,0.723425186180298,0.5029999999999994,2.039999999999999,0.5099999999999998
PR_DEF_PB_A_20250902-182624_01809.jpg,stream_images/PR_DEF_PB_A_20250902-182624_01809.jpg,2025-09-02 18:26:24,사전공정,불량,납볼 검사군,1809,R011115,23.76,23.91,24.07,24.2,24.38,47.53,47.16,46.79,46.27,45.58,0.4358,0.4303,0.426,0.421,0.4194,0.0121,0.0149,0.0177,0.0204,0.0229,78.56,79.24,79.51,79.95,80.52,24.064,46.666,0.42650000000000005,0.0176,79.556,3.16322418525923,3.3038162872259553,True,EWMA 상한 이탈,소음,75.83557405865294,진동,7.299465466988601,설비 가동 소음원 점검,24.064,24.38,23.76,0.21657331322210416,0.15299999999999941,0.6199999999999974,0.15499999999999936,46.666,47.53,45.58,0.6844150787351195,-0.4789999999999999,1.9500000000000028,0.4875000000000007,0.42650000000000005,0.4358,0.4194,0.006030588694315021,-0.004210000000000008,0.016400000000000026,0.004100000000000006,0.0176,0.0229,0.0121,0.0038335362265146263,0.00271,0.0108,0.0027,79.556,80.52,78.56,0.6600787831766739,0.4629999999999995,1.9599999999999937,0.48999999999999844
PR_DEF_NB_A_20250902-182626_01817.jpg,stream_images/PR_DEF_NB_A_20250902-182626_01817.jpg,2025-09-02 18:26:26,사전공정,불량,납부족 검사군,1817,R003476,23.91,23.84,23.76,23.65,23.58,43.87,43.98,44.01,44.32,44.61,0.5069,0.5162,0.5217,0.5293,0.5375,0.0283,0.0271,0.0259,0.0246,0.0254,74.58,75.0,75.0,75.0,75.0,23.747999999999998,44.157999999999994,0.52232,0.02626,74.916,2.9818639524322395,3.2394258202672126,True,EWMA 상한 이탈,진동,42.58147582271414,소음,32.45170178395723,실장 설비(마운터) 점검,23.747999999999998,23.91,23.58,0.12056533498481303,-0.08500000000000049,0.33000000000000185,0.08250000000000046,44.157999999999994,44.61,43.87,0.27095387061269405,0.18200000000000074,0.740000000000002,0.1850000000000005,0.52232,0.5375,0.5069,0.010533451476130686,0.007429999999999992,0.03059999999999996,0.00764999999999999,0.02626,0.0283,0.0246,0.0013032267646115924,-0.0008299999999999998,0.0036999999999999984,0.0011249999999999993,74.916,75.0,74.58,0.16800000000000068,0.08400000000000034,0.4200000000000017,0.10500000000000043
PR_DEF_NB_A_20250902-182628_01818.jpg,stream_images/PR_DEF_NB_A_20250902-182628_01818.jpg,2025-09-02 18:26:28,사전공정,불량,납부족 검사군,1818,R003477,24.2,24.42,24.61,24.79,25.08,46.79,46.71,47.28,47.12,48.02,0.5161,0.519,0.522,0.5257,0.5301,0.0219,0.0212,0.0213,0.0216,0.0211,67.48,67.94,68.45,69.08,69.57,24.62,47.184000000000005,0.5225799999999999,0.02142,68.50399999999999,2.093716230481677,3.0102839023101056,True,EWMA 상한 이탈,진동,86.86077303330462,습도,5.754727927963044,실장 설비(마운터) 점검,24.62,25.08,24.2,0.30232432915661883,0.21299999999999955,0.879999999999999,0.21999999999999975,47.184000000000005,48.02,46.71,0.46735853474607814,0.2870000000000005,1.3100000000000023,0.427500000000002,0.5225799999999999,0.5301,0.5161,0.004928042207611451,0.0034699999999999952,0.014000000000000012,0.003500000000000003,0.02142,0.0219,0.0211,0.0002925747767665557,-0.00011999999999999962,0.0007999999999999986,0.0004000000000000002,68.50399999999999,69.57,67.48,0.7533551619256322,0.5319999999999979,2.089999999999989,0.5224999999999973
PR_DEF_PB_A_20250902-182649_01810.jpg,stream_images/PR_DEF_PB_A_20250902-182649_01810.jpg,2025-09-02 18:26:49,사전공정,불량,납볼 검사군,1810,R011116,26.3,26.06,25.85,25.56,25.3,73.11,72.49,72.09,71.97,72.2,0.318,0.3163,0.3071,0.3103,0.3054,0.0375,0.0351,0.033,0.0311,0.0282,67.46,66.84,66.6,66.17,65.9,25.814000000000004,72.37199999999999,0.31142000000000003,0.032979999999999995,66.59400000000001,4.065434751746411,3.2213140721973668,True,EWMA+단일점,습도,90.61646384396967,가속도,4.891452726626748,자재 보관 환경 점검,25.814000000000004,26.3,25.3,0.354039545813741,-0.25,1.0,0.25,72.37199999999999,73.11,71.97,0.4072542203587327,-0.23399999999999893,1.1400000000000006,0.34250000000000114,0.31142000000000003,0.318,0.3054,0.004965239168459065,-0.0031200000000000004,0.0126,0.004750000000000018,0.032979999999999995,0.0375,0.0282,0.0032033732220894894,-0.00226,0.0093,0.002325,66.59400000000001,67.46,65.9,0.5425716542540683,-0.3789999999999978,1.559999999999988,0.389999999999997
PR_DEF_PB_A_20250902-182709_01811.jpg,stream_images/PR_DEF_PB_A_20250902-182709_01811.jpg,2025-09-02 18:27:09,사전공정,불량,납볼 검사군,1811,R011117,24.75,24.98,25.2,25.37,25.54,48.78,48.34,48.03,47.75,47.61,0.457,0.4411,0.4184,0.3957,0.3733,0.0162,0.0196,0.023,0.0258,0.0295,84.19,85.06,85.11,85.51,85.94,25.168,48.102,0.4171,0.02282,85.162,4.135455512158249,3.4041423601895433,True,EWMA+단일점,소음,95.53803676901569,진동,3.2816968814076946,설비 가동 소음원 점검,25.168,25.54,24.75,0.2793850389695195,0.1969999999999999,0.7899999999999991,0.1974999999999998,48.102,48.78,47.61,0.42130274150544134,-0.2930000000000007,1.1700000000000017,0.2925000000000004,0.4171,0.457,0.3733,0.030153275112332324,-0.02128,0.0837,0.020925,0.02282,0.0295,0.0162,0.004641723817721171,0.0032799999999999995,0.0133,0.003325,85.162,85.94,84.19,0.5803929703226951,0.3950000000000003,1.75,0.4375
PR_DEF_PB_A_20250902-182711_01812.jpg,stream_images/PR_DEF_PB_A_20250902-182711_01812.jpg,2025-09-02 18:27:11,사전공정,불량,납볼 검사군,1812,R011118,24.75,24.71,24.65,24.55,24.47,41.76,41.15,40.72,40.06,40.0,0.258,0.2714,0.2857,0.299,0.3114,0.0131,0.0139,0.0152,0.0161,0.0177,86.39,86.72,86.79,86.6,86.92,24.625999999999998,40.738,0.2851,0.015200000000000002,86.684,4.852057560718529,3.6937254002953406,True,EWMA+단일점,소음,81.02483111504608,습도,11.006087024485367,설비 가동 소음원 점검,24.625999999999998,24.75,24.47,0.10307278981380132,-0.07200000000000024,0.28000000000000114,0.07000000000000028,40.738,41.76,40.0,0.6661651446901125,-0.46099999999999924,1.759999999999998,0.4399999999999995,0.2851,0.3114,0.258,0.019012416995216577,0.013440000000000002,0.0534,0.01335,0.015200000000000002,0.0177,0.0131,0.0016223439832538599,0.00114,0.0046,0.00115,86.684,86.92,86.39,0.17984437717093224,0.09399999999999978,0.5300000000000011,0.22750000000000625
PR_DEF_PB_A_20250902-182749_01813.jpg,stream_images/PR_DEF_PB_A_20250902-182749_01813.jpg,2025-09-02 18:27:49,사전공정,불량,납볼 검사군,1813,R011119,24.39,24.56,24.73,24.88,25.05,50.55,51.34,52.3,53.18,53.87,0.2806,0.2721,0.273,0.2697,0.2657,0.0366,0.0362,0.036,0.0368,0.0369,85.17,84.76,84.38,83.26,83.01,24.722,52.248000000000005,0.27222,0.0365,84.116,4.141366320482209,3.7832535843327144,True,EWMA+단일점,소음,84.38429581780713,가속도,9.80598708673382,설비 가동 소음원 점검,24.722,25.05,24.39,0.23198275797998447,0.16400000000000006,0.6600000000000001,0.16500000000000004,52.248000000000005,53.87,50.55,1.2008230510778843,0.8479999999999996,3.3200000000000003,0.8300000000000001,0.27222,0.2806,0.2657,0.004893015430182096,-0.0032200000000000063,0.014900000000000024,0.004175000000000012,0.0365,0.0369,0.036,0.00034641016151377616,0.00011999999999999996,0.000900000000000005,0.00037500000000000207,84.116,85.17,83.01,0.8427716179369104,-0.5819999999999993,2.1599999999999966,0.5399999999999991
PR_DEF_PB_A_20250902-182756_01814.jpg,stream_images/PR_DEF_PB_A_20250902-182756_01814.jpg,2025-09-02 18:27:56,사전공정,불량,납볼 검사군,1814,R011120,26.12,26.08,26.05,25.97,25.88,42.33,42.49,42.21,42.03,42.1,0.3302,0.3083,0.2896,0.2659,0.2415,0.0401,0.04,0.04,0.04,0.04,69.58,69.95,70.57,70.95,71.54,26.02,42.232,0.2871,0.04002000000000001,70.518,2.545095909027658,3.535622049271703,True,EWMA 상한 이탈,가속도,44.21512698046309,습도,28.45523249294624,컨베이어 이송계열 점검,26.02,26.12,25.88,0.08555699854483025,-0.059000000000000344,0.240000000000002,0.0600000000000005,42.232,42.49,42.03,0.16424372134118237,-0.09199999999999946,0.46000000000000085,0.1725000000000012,0.2871,0.3302,0.2415,0.031119447295863082,-0.02198,0.0887,0.022175,0.04002000000000001,0.0401,0.04,3.999999999999837e-05,-1.9999999999999185e-05,9.999999999999593e-05,2.499999999999898e-05,70.518,71.54,69.58,0.698037248289805,0.4920000000000016,1.960000000000008,0.490000000000002
PR_DEF_NB_A_20250902-182801_01819.jpg,stream_images/PR_DEF_NB_A_20250902-182801_01819.jpg,2025-09-02 18:28:01,사전공정,불량,납부족 검사군,1819,R003478,26.52,26.35,26.19,26.02,25.86,58.99,58.78,58.64,58.63,58.42,0.5095,0.5203,0.5312,0.5408,0.5492,0.021,0.0227,0.0246,0.0279,0.0298,74.15,75.0,75.0,75.0,75.0,26.188,58.69200000000001,0.5302,0.0252,74.83,3.2085598238351896,3.470209604184401,True,EWMA 상한 이탈,진동,40.392971499552466,소음,27.485682400942935,실장 설비(마운터) 점검,26.188,26.52,25.86,0.23335809392433796,-0.1650000000000002,0.6600000000000001,0.16500000000000004,58.69200000000001,58.99,58.42,0.18819139193916393,-0.12899999999999992,0.5700000000000003,0.14250000000000007,0.5302,0.5492,0.5095,0.014148215435170626,0.00999000000000001,0.03970000000000007,0.009925000000000017,0.0252,0.0298,0.021,0.003246536616149585,0.00228,0.008799999999999999,0.0021999999999999997,74.83,75.0,74.15,0.33999999999999775,0.16999999999999887,0.8499999999999943,0.21249999999999858
PR_DEF_NB_A_20250902-182805_01820.jpg,stream_images/PR_DEF_NB_A_20250902-182805_01820.jpg,2025-09-02 18:28:05,사전공정,불량,납부족 검사군,1820,R003479,24.09,24.01,23.94,23.81,23.76,56.56,57.32,57.88,58.6,59.19,0.4142,0.4367,0.4606,0.4826,0.5,0.0449,0.0455,0.0447,0.0448,0.0441,69.96,69.85,69.65,70.15,70.47,23.922000000000004,57.90999999999999,0.45882000000000006,0.0448,70.016,3.078724848714726,3.391912653090466,True,EWMA 상한 이탈,가속도,52.525739973166196,습도,19.417254318467872,컨베이어 이송계열 점검,23.922000000000004,24.09,23.76,0.12253978945632317,-0.08599999999999994,0.3299999999999983,0.08249999999999957,57.90999999999999,59.19,56.56,0.9258509599282154,0.6539999999999992,2.6299999999999955,0.6574999999999989,0.45882000000000006,0.5,0.4142,0.03080483078999136,0.02175,0.08579999999999999,0.021449999999999997,0.0448,0.0455,0.0441,0.0004472135954999577,-0.00023000000000000033,0.0013999999999999985,0.0005500000000000001,70.016,70.47,69.65,0.2788261106854948,0.13200000000000217,0.8199999999999932,0.2824999999999953
PR_DEF_NB_A_20250902-182856_01821.jpg,stream_images/PR_DEF_NB_A_20250902-182856_01821.jpg,2025-09-02 18:28:56,사전공정,불량,납부족 검사군,1821,R003480,24.08,24.15,24.23,24.32,24.36,42.7,43.11,42.76,42.42,42.36,0.5001,0.5,0.5,0.5,0.5,0.0137,0.0151,0.0164,0.0185,0.0208,74.45,73.56,72.87,72.18,71.36,24.228,42.67,0.5000199999999999,0.016900000000000002,72.884,2.7058518793390043,3.254700498340174,True,EWMA 상한 이탈,진동,39.138543682034374,습도,22.581120422348008,실장 설비(마운터) 점검,24.228,24.36,24.08,0.10380751417888844,0.0730000000000004,0.28000000000000114,0.07000000000000028,42.67,43.11,42.36,0.26877499883731704,-0.13700000000000045,0.75,0.28999999999999915,0.5000199999999999,0.5001,0.5,3.999999999999559e-05,-1.9999999999997796e-05,9.999999999998899e-05,2.4999999999997247e-05,0.016900000000000002,0.0208,0.0137,0.0025099800796022256,0.0017599999999999998,0.007099999999999999,0.0017749999999999997,72.884,74.45,71.36,1.0703008922728228,-0.7560000000000002,3.0900000000000034,0.7725000000000009
PR_DEF_NB_A_20250902-182918_01822.jpg,stream_images/PR_DEF_NB_A_20250902-182918_01822.jpg,2025-09-02 18:29:18,사전공정,불량,납부족 검사군,1822,R003481,23.29,23.46,23.57,23.78,23.95,40.74,40.93,41.41,41.59,41.99,0.5582,0.5595,0.5607,0.5652,0.5682,0.0227,0.0229,0.023,0.0225,0.0222,64.28,64.34,64.69,65.21,65.7,23.61,41.33200000000001,0.5623600000000001,0.022659999999999996,64.844,3.1643551021897056,3.236631419110081,True,EWMA 상한 이탈,진동,58.0496916839583,습도,23.208123362403477,실장 설비(마운터) 점검,23.61,23.95,23.29,0.2328089345364564,0.16400000000000006,0.6600000000000001,0.16500000000000004,41.33200000000001,41.99,40.74,0.45114964257993195,0.3160000000000004,1.25,0.3125,0.5623600000000001,0.5682,0.5582,0.003752652395306565,0.0025700000000000054,0.010000000000000009,0.0025000000000000022,0.022659999999999996,0.023,0.0222,0.00028705400188814623,-0.0001400000000000002,0.0007999999999999986,0.0002749999999999992,64.844,65.7,64.28,0.5408363893082633,0.3709999999999994,1.4200000000000017,0.3550000000000004
PR_DEF_NB_A_20250902-182929_01823.jpg,stream_images/PR_DEF_NB_A_20250902-182929_01823.jpg,2025-09-02 18:29:29,사전공정,불량,납부족 검사군,1823,R003482,26.21,26.43,26.67,26.82,26.99,49.5,49.69,49.56,49.44,49.28,0.3541,0.347,0.3323,0.3219,0.3108,0.0231,0.0211,0.0189,0.0172,0.0149,76.02,76.4,76.53,76.6,76.93,26.624000000000002,49.494,0.33322,0.01904,76.49600000000001,2.592652658657477,3.10783566701956,True,EWMA 상한 이탈,소음,63.192374194022484,온도,29.182993504514414,설비 가동 소음원 점검,26.624000000000002,26.99,26.21,0.27695486996981966,0.19499999999999956,0.7799999999999976,0.1949999999999994,49.494,49.69,49.28,0.1352922762023015,-0.06899999999999977,0.4099999999999966,0.14999999999999858,0.33322,0.3541,0.3108,0.01585880197240636,-0.011169999999999996,0.043300000000000005,0.010825000000000001,0.01904,0.0231,0.0149,0.002873047162856885,-0.0020299999999999997,0.008199999999999999,0.0020499999999999997,76.49600000000001,76.93,76.02,0.29533709553661136,0.202000000000001,0.9100000000000108,0.2275000000000027
PR_DEF_PB_A_20250902-182931_01815.jpg,stream_images/PR_DEF_PB_A_20250902-182931_01815.jpg,2025-09-02 18:29:31,사전공정,불량,납볼 검사군,1815,R011121,26.06,25.75,25.41,25.12,24.83,59.74,59.82,60.0,59.87,59.38,0.3767,0.3935,0.4105,0.4325,0.4484,0.0444,0.0425,0.0409,0.04,0.04,64.22,64.65,65.09,65.35,65.44,25.434,59.762,0.41231999999999996,0.04156,64.95,2.687289991978871,3.023726532011423,True,EWMA 상한 이탈,가속도,47.93673801575382,습도,38.748403978415546,컨베이어 이송계열 점검,25.434,26.06,24.83,0.4372001829825783,-0.309,1.2300000000000004,0.3075000000000001,59.762,60.0,59.38,0.2088444397153046,-0.06700000000000017,0.6199999999999974,0.21999999999999886,0.41231999999999996,0.4484,0.3767,0.025827458256669402,0.018240000000000006,0.07170000000000004,0.01792500000000001,0.04156,0.0444,0.04,0.0016883127672324234,-0.0011300000000000004,0.004400000000000001,0.0011000000000000003,64.95,65.44,64.22,0.4566399018920691,0.3139999999999986,1.2199999999999989,0.3049999999999997
PR_DEF_NB_A_20250902-182939_01824.jpg,stream_images/PR_DEF_NB_A_20250902-182939_01824.jpg,2025-09-02 18:29:39,사전공정,불량,납부족 검사군,1824,R003483,26.57,26.77,26.94,27.0,27.0,46.52,46.73,46.91,47.11,47.33,0.2315,0.2548,0.275,0.2963,0.3163,0.0457,0.0455,0.0451,0.045,0.0446,74.2,73.74,73.32,72.66,72.12,26.856,46.919999999999995,0.27478,0.045180000000000005,73.208,3.2433889193617533,3.0676590094814893,True,EWMA 상한 이탈,가속도,49.47183934256149,온도,24.32397306603583,컨베이어 이송계열 점검,26.856,27.0,26.57,0.16596385148579804,0.10899999999999999,0.4299999999999997,0.10749999999999993,46.919999999999995,47.33,46.52,0.2829840984931829,0.1999999999999993,0.8099999999999952,0.2024999999999988,0.27478,0.3163,0.2315,0.02986445378706934,0.02111,0.08480000000000001,0.021200000000000004,0.045180000000000005,0.0457,0.0446,0.0003867815921162733,-0.0002699999999999994,0.0010999999999999968,0.0002749999999999992,73.208,74.2,72.12,0.7434621711963552,-0.5239999999999995,2.0799999999999983,0.5199999999999996
PR_DEF_PB_A_20250902-182942_01816.jpg,stream_images/PR_DEF_PB_A_20250902-182942_01816.jpg,2025-09-02 18:29:42,사전공정,불량,납볼 검사군,1816,R011122,25.59,25.32,25.05,24.86,24.62,45.26,45.32,45.09,44.72,44.67,0.3905,0.3914,0.3928,0.3957,0.3995,0.0248,0.0228,0.0205,0.0197,0.0189,76.43,76.17,75.78,75.43,75.72,25.088,45.012,0.39398,0.02134,75.90600000000002,2.2036722509019597,2.8948616577655835,True,EWMA 상한 이탈,소음,75.67279642303507,습도,15.758683909178192,설비 가동 소음원 점검,25.088,25.59,24.62,0.34008234297005163,-0.23999999999999985,0.9699999999999989,0.24249999999999972,45.012,45.32,44.67,0.2700666584382453,-0.1779999999999994,0.6499999999999986,0.1775000000000002,0.39398,0.3995,0.3905,0.00327377457990009,0.0022299999999999985,0.009000000000000008,0.002250000000000002,0.02134,0.0248,0.0189,0.00216573313222105,-0.00149,0.005899999999999999,0.0014749999999999997,75.90600000000002,76.43,75.43,0.3525109927363973,-0.21600000000000108,1.0,0.322499999999998
PR_DEF_NB_A_20250902-182943_01825.jpg,stream_images/PR_DEF_NB_A_20250902-182943_01825.jpg,2025-09-02 18:29:43,사전공정,불량,납부족 검사군,1825,R003484,23.81,24.06,24.38,24.69,24.92,51.41,51.78,52.15,52.28,52.71,0.3323,0.346,0.3626,0.3805,0.4007,0.0438,0.0444,0.0448,0.0461,0.0464,70.92,71.63,72.48,73.53,74.76,24.372,52.065999999999995,0.36442,0.0451,72.66400000000002,2.640592857606796,2.844007897733826,True,EWMA 상한 이탈,가속도,73.88721978066526,소음,19.984587704537358,컨베이어 이송계열 점검,24.372,24.92,23.81,0.4036533165973011,0.28500000000000086,1.110000000000003,0.27750000000000075,52.065999999999995,52.71,51.41,0.4426556223521859,0.31000000000000083,1.3000000000000043,0.32500000000000107,0.36442,0.4007,0.3323,0.024286243019454458,0.017130000000000006,0.06840000000000002,0.017100000000000004,0.0451,0.0464,0.0438,0.0009959919678390983,0.0006899999999999996,0.002599999999999998,0.0006499999999999995,72.66400000000002,74.76,70.92,1.3629174589827533,0.9580000000000013,3.8400000000000034,0.9600000000000009
PR_DEF_PB_A_20250902-183026_01817.jpg,stream_images/PR_DEF_PB_A_20250902-183026_01817.jpg,2025-09-02 18:30:26,사전공정,불량,납볼 검사군,1817,R011123,25.75,25.52,25.32,25.11,24.85,58.22,58.27,58.66,58.94,59.22,0.5401,0.5391,0.5346,0.5381,0.536,0.0159,0.0143,0.0138,0.0117,0.0102,69.13,69.67,70.06,70.65,70.95,25.310000000000002,58.662,0.5375800000000001,0.01318,70.092,2.991529587337629,2.873512235654587,True,EWMA 상한 이탈,진동,50.206463181160935,습도,24.88046466474402,실장 설비(마운터) 점검,25.310000000000002,25.75,24.85,0.3128577951721832,-0.22099999999999972,0.8999999999999986,0.22499999999999964,58.662,59.22,58.22,0.38410415254198854,0.26699999999999946,1.0,0.25,0.5375800000000001,0.5401,0.5346,0.0020153411621857144,-0.0009199999999999986,0.00550000000000006,0.0027750000000000274,0.01318,0.0159,0.0102,0.00200539272961682,-0.0014,0.0057,0.001425,70.092,70.95,69.13,0.6560609727761618,0.46200000000000185,1.8200000000000074,0.45500000000000185
PR_DEF_NB_A_20250902-183026_01826.jpg,stream_images/PR_DEF_NB_A_20250902-183026_01826.jpg,2025-09-02 18:30:26,사전공정,불량,납부족 검사군,1826,R003485,25.44,25.32,25.15,25.03,24.84,43.36,43.64,43.5,43.65,43.68,0.4873,0.5,0.5,0.5,0.5,0.0453,0.0445,0.0448,0.0445,0.0443,63.84,65.05,66.03,67.01,68.26,25.156,43.566,0.49746000000000007,0.04468,66.038,3.011334821111133,2.901076752745896,True,EWMA 상한 이탈,가속도,54.24028653509858,진동,30.308617161078544,컨베이어 이송계열 점검,25.156,25.44,24.84,0.21133859089148896,-0.1490000000000002,0.6000000000000014,0.15000000000000036,43.566,43.68,43.36,0.12026637102698329,0.06499999999999986,0.3200000000000003,0.15000000000000036,0.49746000000000007,0.5,0.4873,0.005079999999999995,0.002539999999999998,0.012699999999999989,0.0031749999999999973,0.04468,0.0453,0.0443,0.00034871191548325445,-0.00020000000000000017,0.0010000000000000009,0.00040000000000000105,66.038,68.26,63.84,1.5290179855057313,1.0800000000000012,4.420000000000002,1.1050000000000004
PR_DEF_NB_A_20250902-183041_01827.jpg,stream_images/PR_DEF_NB_A_20250902-183041_01827.jpg,2025-09-02 18:30:41,사전공정,불량,납부족 검사군,1827,R003486,24.79,24.47,24.18,23.93,23.68,45.14,45.04,44.98,44.68,44.44,0.224,0.2292,0.2396,0.2504,0.2605,0.036,0.0381,0.0395,0.04,0.04,83.09,83.44,84.0,84.31,84.32,24.21,44.856,0.24074,0.038720000000000004,83.83200000000001,4.368214337177447,3.1945042696322066,True,EWMA+단일점,소음,72.76556515461674,가속도,12.471169720341466,설비 가동 소음원 점검,24.21,24.79,23.68,0.39094756681683,-0.2759999999999998,1.1099999999999994,0.27749999999999986,44.856,45.14,44.44,0.25842600488341,-0.17600000000000052,0.7000000000000028,0.1750000000000007,0.24074,0.2605,0.224,0.013405013987310872,0.009420000000000003,0.036500000000000005,0.009125000000000001,0.038720000000000004,0.04,0.036,0.0015276125163142659,0.0009900000000000006,0.0040000000000000036,0.0010000000000000009,83.83200000000001,84.32,83.09,0.4897101183353254,0.3329999999999984,1.2299999999999898,0.30749999999999744
PR_DEF_PB_A_20250902-183045_01818.jpg,stream_images/PR_DEF_PB_A_20250902-183045_01818.jpg,2025-09-02 18:30:45,사전공정,불량,납볼 검사군,1818,R011124,25.94,25.69,25.44,25.22,25.01,40.93,40.48,40.0,40.0,40.0,0.5061,0.5,0.5,0.5,0.5,0.03,0.0322,0.034,0.0354,0.0372,71.04,69.86,69.07,68.59,67.88,25.46,40.282,0.50122,0.03376,69.288,2.657256544963665,3.0870547246984987,True,EWMA 상한 이탈,진동,40.96965652843687,습도,40.69081346921202,실장 설비(마운터) 점검,25.46,25.94,25.01,0.32978781056916,-0.23300000000000018,0.9299999999999997,0.23249999999999993,40.282,40.93,40.0,0.37354517799056075,-0.23399999999999962,0.9299999999999997,0.23249999999999993,0.50122,0.5061,0.5,0.0024399999999999977,-0.0012199999999999989,0.006099999999999994,0.0015249999999999986,0.03376,0.0372,0.03,0.002496076921891631,0.0017599999999999998,0.007199999999999998,0.0017999999999999995,69.288,71.04,67.88,1.0875550560776253,-0.7590000000000018,3.160000000000011,0.7900000000000027
PR_DEF_NB_A_20250902-183104_01828.jpg,stream_images/PR_DEF_NB_A_20250902-183104_01828.jpg,2025-09-02 18:31:04,사전공정,불량,납부족 검사군,1828,R003487,26.53,26.48,26.49,26.49,26.48,57.65,57.99,58.48,58.84,59.45,0.5844,0.5774,0.5714,0.563,0.5501,0.0356,0.0353,0.0358,0.0364,0.0366,71.4,71.47,71.7,71.27,71.09,26.494,58.482000000000006,0.56926,0.03594,71.386,3.4915977482829748,3.1679633294153944,True,EWMA 상한 이탈,진동,50.144791614667575,습도,17.4054850705819,실장 설비(마운터) 점검,26.494,26.53,26.48,0.018547236990991856,-0.009000000000000341,0.05000000000000071,0.017499999999999183,58.482000000000006,59.45,57.65,0.6323733074695687,0.445000000000001,1.8000000000000043,0.45000000000000107,0.56926,0.5844,0.5501,0.011885722527469677,-0.008300000000000007,0.0343,0.008575,0.03594,0.0366,0.0353,0.00048826222462934924,0.00031000000000000054,0.0013000000000000025,0.00040000000000000105,71.386,71.7,71.09,0.20343057783922291,-0.08200000000000074,0.6099999999999994,0.22749999999999915
PR_DEF_PB_A_20250902-183113_01819.jpg,stream_images/PR_DEF_PB_A_20250902-183113_01819.jpg,2025-09-02 18:31:13,사전공정,불량,납볼 검사군,1819,R011125,23.28,23.0,23.0,23.0,23.0,42.34,42.59,43.01,43.5,43.71,0.451,0.4635,0.4709,0.4863,0.4949,0.0453,0.046,0.0467,0.048,0.0491,68.37,68.27,68.46,68.65,68.25,23.056,43.03,0.47332,0.04702,68.4,3.5278475401072953,3.239940171553775,True,EWMA 상한 이탈,가속도,49.84880431721896,온도,22.282446692618844,컨베이어 이송계열 점검,23.056,23.28,23.0,0.11200000000000046,-0.05600000000000023,0.28000000000000114,0.07000000000000028,43.03,43.71,42.34,0.5202691611079775,0.36499999999999916,1.3699999999999974,0.34249999999999936,0.47332,0.4949,0.451,0.015713993763521734,0.011059999999999997,0.043899999999999995,0.010974999999999999,0.04702,0.0491,0.0453,0.0013702554506368509,0.0009599999999999997,0.003799999999999998,0.0009499999999999995,68.4,68.65,68.25,0.1458766602304857,0.014000000000000058,0.4000000000000057,0.22000000000000597
PR_DEF_NB_A_20250902-183113_01829.jpg,stream_images/PR_DEF_NB_A_20250902-183113_01829.jpg,2025-09-02 18:31:13,사전공정,불량,납부족 검사군,1829,R003488,26.43,26.56,26.69,26.78,26.94,76.81,77.02,77.41,77.52,77.79,0.4695,0.4597,0.4434,0.4286,0.4115,0.0178,0.0181,0.0184,0.0181,0.0185,72.84,71.85,70.85,69.76,68.78,26.68,77.31,0.44254,0.01818,70.816,5.176718563168212,3.6272958498766625,True,EWMA+단일점,습도,83.70064185784145,온도,7.851310484859794,자재 보관 환경 점검,26.68,26.94,26.43,0.1758408371226669,0.12400000000000055,0.5100000000000016,0.1275000000000004,77.31,77.79,76.81,0.35173853925892273,0.2460000000000008,0.980000000000004,0.245000000000001,0.44254,0.4695,0.4115,0.020879904214339683,-0.01471,0.057999999999999996,0.014499999999999999,0.01818,0.0185,0.0178,0.0002481934729198167,0.00013999999999999985,0.0006999999999999992,0.0003249999999999989,70.816,72.84,68.78,1.4441135689411677,-1.0209999999999995,4.060000000000002,1.0150000000000006
PR_DEF_NB_A_20250902-183121_01830.jpg,stream_images/PR_DEF_NB_A_20250902-183121_01830.jpg,2025-09-02 18:31:21,사전공정,불량,납부족 검사군,1830,R003489,24.43,24.15,23.88,23.65,23.34,58.93,59.03,59.02,59.29,59.46,0.3223,0.305,0.2979,0.2844,0.2695,0.0452,0.0443,0.0438,0.044,0.0441,69.24,70.56,71.45,71.9,72.92,23.889999999999997,59.146,0.29582,0.04428,71.214,3.0366984452036347,3.5091763689420574,True,EWMA 상한 이탈,가속도,51.37449509138293,습도,26.848099733610564,컨베이어 이송계열 점검,23.889999999999997,24.43,23.34,0.37931517238307244,-0.26799999999999996,1.0899999999999999,0.27249999999999996,59.146,59.46,58.93,0.19764614845728687,0.13200000000000003,0.5300000000000011,0.1374999999999993,0.29582,0.3223,0.2695,0.017960779493106628,-0.012619999999999992,0.05279999999999996,0.01319999999999999,0.04428,0.0452,0.0438,0.00048744230427815707,-0.0002499999999999995,0.0013999999999999985,0.00042500000000000003,71.214,72.92,69.24,1.2458828195299936,0.8700000000000017,3.680000000000007,0.9200000000000017
PR_DEF_NB_A_20250902-183153_01831.jpg,stream_images/PR_DEF_NB_A_20250902-183153_01831.jpg,2025-09-02 18:31:53,사전공정,불량,납부족 검사군,1831,R003490,24.2,24.19,24.11,24.06,23.99,42.27,42.67,42.93,43.36,43.6,0.5053,0.5,0.5,0.5,0.5,0.0249,0.0245,0.0236,0.0234,0.0236,60.14,60.02,60.0,60.24,60.42,24.11,42.966,0.5010600000000001,0.024,60.164,2.8139927604609007,3.3701396472458263,True,EWMA 상한 이탈,진동,36.95510275502752,소음,36.15409400997186,실장 설비(마운터) 점검,24.11,24.2,23.99,0.07924645102463652,-0.055000000000000424,0.21000000000000085,0.05250000000000021,42.966,43.6,42.27,0.4755039432013148,0.3349999999999994,1.3299999999999983,0.3324999999999996,0.5010600000000001,0.5053,0.5,0.0021199999999999886,-0.0010599999999999943,0.005299999999999971,0.0013249999999999929,0.024,0.0249,0.0234,0.0005899152481501047,-0.00036999999999999983,0.0014999999999999979,0.00042499999999999916,60.164,60.42,60.0,0.15460918472070168,0.07800000000000011,0.4200000000000017,0.14000000000000057
PR_DEF_PB_A_20250902-183201_01820.jpg,stream_images/PR_DEF_PB_A_20250902-183201_01820.jpg,2025-09-02 18:32:01,사전공정,불량,납볼 검사군,1820,R011126,23.86,24.14,24.44,24.71,25.01,50.16,49.57,49.01,48.87,48.12,0.4756,0.4692,0.4677,0.4634,0.4567,0.0295,0.0288,0.0274,0.0265,0.0255,82.12,82.66,83.19,83.19,83.53,24.432000000000002,49.146,0.46652000000000005,0.02754,82.93799999999999,3.8149382796248066,3.4590993737216227,True,EWMA+단일점,소음,85.87373829088718,진동,11.800180497003627,설비 가동 소음원 점검,24.432000000000002,25.01,23.86,0.40592610164905696,0.2870000000000005,1.1500000000000021,0.28750000000000053,49.146,50.16,48.12,0.686341023107318,-0.4780000000000001,2.039999999999999,0.5099999999999998,0.46652000000000005,0.4756,0.4567,0.006279936305409486,-0.004360000000000008,0.018900000000000028,0.004725000000000007,0.02754,0.0295,0.0255,0.0014623269128344728,-0.00103,0.004,0.001,82.93799999999999,83.53,82.12,0.4947484209171351,0.3349999999999994,1.4099999999999966,0.35249999999999915
PR_DEF_NB_A_20250902-183205_01832.jpg,stream_images/PR_DEF_NB_A_20250902-183205_01832.jpg,2025-09-02 18:32:05,사전공정,불량,납부족 검사군,1832,R003491,26.12,26.05,25.93,25.89,25.81,46.43,46.5,46.99,46.96,47.0,0.4968,0.5,0.5,0.5,0.5,0.0453,0.0457,0.046,0.0469,0.0479,61.84,61.95,62.39,62.1,62.77,25.959999999999997,46.776,0.49935999999999997,0.04636,62.21,3.321633523622212,3.4316062037017407,True,EWMA 상한 이탈,가속도,52.23496806372441,진동,25.416913233919747,컨베이어 이송계열 점검,25.959999999999997,26.12,25.81,0.11135528725660113,-0.07800000000000047,0.3100000000000023,0.07750000000000057,46.776,47.0,46.43,0.2552332266770929,0.16000000000000014,0.5700000000000003,0.15750000000000064,0.49935999999999997,0.5,0.4968,0.0012799999999999923,0.0006399999999999961,0.0031999999999999806,0.0007999999999999952,0.04636,0.0479,0.0453,0.0009329523031752475,0.0006399999999999996,0.002599999999999998,0.0006499999999999995,62.21,62.77,61.84,0.3354400095397087,0.2009999999999998,0.9299999999999997,0.3774999999999995
PR_DEF_NB_A_20250902-183210_01833.jpg,stream_images/PR_DEF_NB_A_20250902-183210_01833.jpg,2025-09-02 18:32:10,사전공정,불량,납부족 검사군,1833,R003492,25.69,25.84,25.98,26.1,26.22,62.2,61.55,61.08,60.68,60.0,0.4474,0.4405,0.437,0.4221,0.4088,0.0208,0.0175,0.015,0.0126,0.01,60.61,60.76,60.79,60.98,61.18,25.966,61.102,0.43115999999999993,0.015179999999999999,60.864,2.9440029185991174,3.3340855466812163,True,EWMA 상한 이탈,습도,41.8474928352634,소음,26.526626694231243,자재 보관 환경 점검,25.966,26.22,25.69,0.1869331431287663,0.13199999999999967,0.5299999999999976,0.1324999999999994,61.102,62.2,60.0,0.7482352571217162,-0.5270000000000004,2.200000000000003,0.5500000000000007,0.43115999999999993,0.4474,0.4088,0.013907781994264947,-0.009560000000000008,0.03860000000000002,0.009650000000000006,0.015179999999999999,0.0208,0.01,0.0037546770833188836,-0.00265,0.010799999999999999,0.0026999999999999997,60.864,61.18,60.61,0.19703806738800497,0.13599999999999995,0.5700000000000003,0.14250000000000007
PR_DEF_NB_A_20250902-183217_01834.jpg,stream_images/PR_DEF_NB_A_20250902-183217_01834.jpg,2025-09-02 18:32:17,사전공정,불량,납부족 검사군,1834,R003493,24.25,24.23,24.21,24.15,24.15,69.55,68.89,68.74,68.43,68.18,0.2222,0.2478,0.2811,0.2986,0.3308,0.0321,0.035,0.038,0.04,0.04,62.97,63.73,64.74,65.72,66.42,24.198,68.75800000000001,0.2761,0.037020000000000004,64.716,3.724070442481442,3.4120825258412615,True,EWMA+단일점,습도,75.3439223385883,가속도,13.183214300034187,자재 보관 환경 점검,24.198,24.25,24.15,0.041182520563948784,-0.02800000000000047,0.10000000000000142,0.025000000000000355,68.75800000000001,69.55,68.18,0.46619309304192474,-0.31999999999999745,1.3699999999999903,0.3424999999999976,0.2761,0.3308,0.2222,0.03802483399043314,0.02679999999999999,0.10859999999999997,0.027149999999999994,0.037020000000000004,0.04,0.0321,0.0030662028634778887,0.0020800000000000007,0.007900000000000004,0.001975000000000001,64.716,66.42,62.97,1.2595967608723049,0.8890000000000008,3.450000000000003,0.8625000000000007
PR_DEF_NB_A_20250902-183220_01835.jpg,stream_images/PR_DEF_NB_A_20250902-183220_01835.jpg,2025-09-02 18:32:20,사전공정,불량,납부족 검사군,1835,R003494,25.84,26.08,26.37,26.64,26.92,54.29,53.51,53.03,52.95,52.29,0.2167,0.2343,0.2514,0.2716,0.2871,0.0449,0.0443,0.0443,0.0438,0.0432,72.44,72.57,72.9,73.66,74.35,26.370000000000005,53.214,0.25222,0.04410000000000001,73.184,3.060254856818554,3.3417169920367202,True,EWMA 상한 이탈,가속도,50.07482855083126,소음,18.183269509427888,컨베이어 이송계열 점검,26.370000000000005,26.92,25.84,0.38481164223552367,0.2720000000000006,1.0800000000000018,0.27000000000000046,53.214,54.29,52.29,0.6637348868335906,-0.4559999999999995,2.0,0.5,0.25222,0.2871,0.2167,0.025201857074430057,0.017810000000000003,0.07040000000000002,0.017600000000000005,0.04410000000000001,0.0449,0.0432,0.0005692099788303082,-0.00039000000000000005,0.0017000000000000001,0.00042500000000000003,73.184,74.35,72.44,0.7207385101408128,0.49099999999999966,1.9099999999999966,0.47749999999999915
PR_DEF_PB_A_20250902-183225_01821.jpg,stream_images/PR_DEF_PB_A_20250902-183225_01821.jpg,2025-09-02 18:32:25,사전공정,불량,납볼 검사군,1821,R011127,23.36,23.19,23.0,23.0,23.0,63.32,63.19,62.18,61.39,60.77,0.3046,0.3097,0.3149,0.3239,0.3354,0.039,0.04,0.04,0.04,0.04,66.48,66.25,65.67,65.36,65.2,23.11,62.169999999999995,0.3177,0.0398,65.792,3.1665004186843224,3.3066736773662413,True,EWMA 상한 이탈,습도,43.576925933113216,가속도,27.609538040209223,자재 보관 환경 점검,23.11,23.36,23.0,0.1450517149157499,-0.09100000000000001,0.35999999999999943,0.08999999999999986,62.169999999999995,63.32,60.77,0.9931163073880105,-0.6899999999999992,2.549999999999997,0.6374999999999993,0.3177,0.3354,0.3046,0.010910362047154992,0.007580000000000003,0.030799999999999994,0.0076999999999999985,0.0398,0.04,0.039,0.00040000000000000034,0.00020000000000000017,0.0010000000000000009,0.0002500000000000002,65.792,66.48,65.2,0.49700704220362957,-0.3450000000000003,1.2800000000000011,0.3200000000000003
PR_DEF_NB_A_20250902-183227_01836.jpg,stream_images/PR_DEF_NB_A_20250902-183227_01836.jpg,2025-09-02 18:32:27,사전공정,불량,납부족 검사군,1836,R003495,24.11,24.37,24.58,24.83,25.08,51.64,51.14,50.83,50.52,50.16,0.2477,0.2627,0.2805,0.2928,0.3108,0.0228,0.0233,0.0242,0.0266,0.0279,80.4,80.11,80.0,79.4,79.28,24.594,50.858000000000004,0.2789,0.02496,79.838,2.9566791599487345,3.23667477388274,True,EWMA 상한 이탈,소음,90.82026983472105,진동,7.627269838740457,설비 가동 소음원 점검,24.594,25.08,24.11,0.33956442687654953,0.2399999999999995,0.9699999999999989,0.24249999999999972,50.858000000000004,51.64,50.16,0.508582343382073,-0.35800000000000054,1.480000000000004,0.370000000000001,0.2789,0.3108,0.2477,0.02213260038947074,0.015630000000000005,0.06310000000000002,0.015775000000000004,0.02496,0.0279,0.0228,0.0019663163529808725,0.0013499999999999999,0.0051,0.001275,79.838,80.4,79.28,0.42878432807181743,-0.29500000000000026,1.1200000000000045,0.28000000000000114
PR_DEF_NB_A_20250902-183229_01837.jpg,stream_images/PR_DEF_NB_A_20250902-183229_01837.jpg,2025-09-02 18:32:29,사전공정,불량,납부족 검사군,1837,R003496,23.59,23.74,23.85,23.95,24.01,68.87,68.61,67.97,67.46,67.36,0.4009,0.3937,0.3846,0.3752,0.3669,0.0258,0.0269,0.0288,0.0302,0.0312,69.93,69.43,68.81,68.06,67.48,23.828000000000003,68.054,0.38426,0.02858,68.742,3.325293905116726,3.2543986001295373,True,EWMA 상한 이탈,습도,87.55304159389972,온도,9.007029424795759,자재 보관 환경 점검,23.828000000000003,24.01,23.59,0.15025311976794412,0.10500000000000043,0.4200000000000017,0.10500000000000043,68.054,68.87,67.36,0.602747044787449,-0.4170000000000016,1.5100000000000051,0.3775000000000013,0.38426,0.4009,0.3669,0.01224395360984351,-0.008649999999999996,0.033999999999999975,0.008499999999999994,0.02858,0.0312,0.0258,0.0020043951706188077,0.0014099999999999998,0.0053999999999999986,0.0013499999999999996,68.742,69.93,67.48,0.888490855327168,-0.627000000000001,2.450000000000003,0.6125000000000007
PR_DEF_PB_A_20250902-183252_01822.jpg,stream_images/PR_DEF_PB_A_20250902-183252_01822.jpg,2025-09-02 18:32:52,사전공정,불량,납볼 검사군,1822,R011128,26.32,26.45,26.56,26.63,26.75,57.12,57.56,58.12,58.56,58.99,0.5749,0.5806,0.5875,0.5972,0.6,0.0165,0.0172,0.0174,0.0174,0.019,74.01,73.3,72.75,72.46,72.23,26.541999999999994,58.07000000000001,0.58804,0.0175,72.95,3.639388978813201,3.3313966758662703,True,EWMA+단일점,진동,54.77805866989619,습도,14.579066404005209,실장 설비(마운터) 점검,26.541999999999994,26.75,26.32,0.1477024035010939,0.10399999999999991,0.4299999999999997,0.10749999999999993,58.07000000000001,58.99,57.12,0.6710588647801337,0.4740000000000009,1.8700000000000045,0.46750000000000114,0.58804,0.6,0.5749,0.009542033326288474,0.006679999999999997,0.02510000000000001,0.006275000000000003,0.0175,0.019,0.0165,0.0008197560612767676,0.0005199999999999996,0.0024999999999999988,0.0006249999999999997,72.95,74.01,72.23,0.6394685293272858,-0.44000000000000056,1.7800000000000011,0.4450000000000003
PR_DEF_NB_A_20250902-183302_01838.jpg,stream_images/PR_DEF_NB_A_20250902-183302_01838.jpg,2025-09-02 18:33:02,사전공정,불량,납부족 검사군,1838,R003497,26.33,26.4,26.44,26.42,26.44,49.23,48.98,48.64,48.33,48.03,0.2773,0.264,0.253,0.2435,0.2244,0.0218,0.0215,0.0212,0.0211,0.021,84.67,84.27,83.59,83.3,83.2,26.406,48.642,0.25244,0.021320000000000002,83.806,4.108124239515427,3.486742188596102,True,EWMA+단일점,소음,82.49167398422614,온도,8.69121288033538,설비 가동 소음원 점검,26.406,26.44,26.33,0.0407921561087435,0.02400000000000091,0.11000000000000298,0.03750000000000053,48.642,49.23,48.03,0.4317128675404508,-0.304999999999999,1.1999999999999957,0.29999999999999893,0.25244,0.2773,0.2244,0.01798961922887753,-0.012630000000000002,0.0529,0.013225,0.021320000000000002,0.0218,0.021,0.00029257477676655525,-0.0001999999999999995,0.0007999999999999986,0.00019999999999999966,83.806,84.67,83.2,0.57126526237817,-0.3909999999999997,1.4699999999999989,0.3674999999999997
PR_DEF_PB_A_20250902-183310_01823.jpg,stream_images/PR_DEF_PB_A_20250902-183310_01823.jpg,2025-09-02 18:33:10,사전공정,불량,납볼 검사군,1823,R011129,24.31,24.34,24.47,24.57,24.68,49.44,49.92,49.98,50.41,50.96,0.2896,0.3202,0.3502,0.3805,0.4086,0.0496,0.0499,0.0494,0.0486,0.048,63.89,63.58,62.73,62.2,61.82,24.474,50.142,0.34982,0.0491,62.843999999999994,2.9561590639803854,3.3806255636729587,True,EWMA 상한 이탈,가속도,84.6584102044738,소음,13.06527235250404,컨베이어 이송계열 점검,24.474,24.68,24.31,0.13893883546366753,0.09700000000000024,0.370000000000001,0.09250000000000025,50.142,50.96,49.44,0.5117186727099184,0.3530000000000001,1.5200000000000031,0.3800000000000008,0.34982,0.4086,0.2896,0.04219072883940262,0.029830000000000002,0.119,0.02975,0.0491,0.0499,0.048,0.000698569967862919,-0.0004499999999999997,0.001899999999999999,0.0005500000000000001,62.843999999999994,63.89,61.82,0.7889385273898081,-0.5519999999999996,2.0700000000000003,0.5175000000000001
PR_DEF_NB_A_20250902-183316_01839.jpg,stream_images/PR_DEF_NB_A_20250902-183316_01839.jpg,2025-09-02 18:33:16,사전공정,불량,납부족 검사군,1839,R003498,25.64,25.65,25.73,25.78,25.75,73.21,73.51,73.49,73.46,73.74,0.2645,0.2827,0.3041,0.3286,0.3468,0.011,0.0113,0.0121,0.0126,0.0133,60.83,61.46,62.13,62.73,63.65,25.71,73.482,0.30534,0.01206,62.15999999999999,4.553308775262042,3.6151622059907753,True,EWMA+단일점,습도,79.292113517147,가속도,10.367050557828373,자재 보관 환경 점검,25.71,25.78,25.64,0.055497747702046914,0.03500000000000014,0.14000000000000057,0.042500000000000426,73.482,73.74,73.21,0.16845177351396526,0.10099999999999909,0.5300000000000011,0.15750000000000597,0.30534,0.3468,0.2645,0.029805945715578288,0.021049999999999996,0.08229999999999998,0.020574999999999996,0.01206,0.0133,0.011,0.0008404760555780278,0.00059,0.0023,0.000575,62.15999999999999,63.65,60.83,0.9802856726485392,0.6909999999999996,2.8200000000000003,0.7050000000000001
PR_DEF_NB_A_20250902-183316_01840.jpg,stream_images/PR_DEF_NB_A_20250902-183316_01840.jpg,2025-09-02 18:33:16,사전공정,불량,납부족 검사군,1840,R003499,26.23,26.36,26.48,26.57,26.64,64.96,65.03,64.83,65.11,65.17,0.4437,0.4649,0.4828,0.5,0.5,0.0128,0.0114,0.01,0.01,0.01,64.66,63.97,63.55,62.96,62.46,26.456000000000007,65.02000000000001,0.47828,0.01084,63.52,3.7067694795025954,3.6334836606931398,True,EWMA+단일점,습도,48.72114567622216,가속도,18.699410824747233,자재 보관 환경 점검,26.456000000000007,26.64,26.23,0.14677874505527033,0.10300000000000012,0.41000000000000014,0.10250000000000004,65.02000000000001,65.17,64.83,0.11865917579353215,0.05000000000000142,0.3400000000000034,0.1525000000000034,0.47828,0.5,0.4437,0.021627519506406654,0.014770000000000005,0.05630000000000002,0.014075000000000004,0.01084,0.0128,0.01,0.0011200000000000001,-0.0007000000000000001,0.0028000000000000004,0.0007000000000000001,63.52,64.66,62.46,0.7668376620902221,-0.5409999999999989,2.1999999999999957,0.5499999999999989
PR_DEF_NB_A_20250902-183317_01841.jpg,stream_images/PR_DEF_NB_A_20250902-183317_01841.jpg,2025-09-02 18:33:17,사전공정,불량,납부족 검사군,1841,R003500,26.94,27.0,27.0,27.0,27.0,51.73,51.25,50.42,49.69,48.75,0.3171,0.336,0.3563,0.3769,0.3971,0.0214,0.0208,0.0204,0.0187,0.0191,79.97,80.64,81.72,82.02,82.67,26.988,50.367999999999995,0.35668,0.020080000000000004,81.40400000000001,3.6654031021125175,3.6398675489770156,True,EWMA+단일점,소음,75.71543928396297,온도,21.88376331958778,설비 가동 소음원 점검,26.988,27.0,26.94,0.023999999999999487,0.011999999999999744,0.05999999999999872,0.01499999999999968,50.367999999999995,51.73,48.75,1.0689508875528373,-0.7519999999999996,2.979999999999997,0.7449999999999992,0.35668,0.3971,0.3171,0.02841481303827284,0.020090000000000004,0.08000000000000002,0.020000000000000004,0.020080000000000004,0.0214,0.0187,0.0010225458424931368,-0.0006699999999999998,0.0026999999999999975,0.0007749999999999988,81.40400000000001,82.67,79.97,0.9718147971707367,0.6780000000000002,2.700000000000003,0.6750000000000007
PR_DEF_NB_A_20250902-183317_01842.jpg,stream_images/PR_DEF_NB_A_20250902-183317_01842.jpg,2025-09-02 18:33:17,사전공정,불량,납부족 검사군,1842,R003501,25.78,25.67,25.57,25.47,25.37,75.16,74.76,74.43,73.98,74.05,0.2703,0.252,0.2344,0.2231,0.2147,0.0236,0.0222,0.0207,0.0189,0.0174,72.73,72.81,72.67,72.37,72.12,25.572000000000003,74.47600000000001,0.23889999999999997,0.020560000000000002,72.54,4.639354658549775,3.8397649708915678,True,EWMA+단일점,습도,83.85840891609097,진동,7.576185524025165,자재 보관 환경 점검,25.572000000000003,25.78,25.37,0.1442775103749719,-0.10200000000000031,0.41000000000000014,0.10250000000000004,74.47600000000001,75.16,73.98,0.4422940198555698,-0.3,1.1799999999999926,0.31249999999999645,0.23889999999999997,0.2703,0.2147,0.020065393093582788,-0.014009999999999998,0.05559999999999998,0.013899999999999996,0.020560000000000002,0.0236,0.0174,0.0022222511109233362,-0.0015700000000000002,0.006200000000000001,0.0015500000000000002,72.54,72.81,72.12,0.25737132707432575,-0.16599999999999965,0.6899999999999977,0.192499999999999
PR_DEF_NB_A_20250902-183331_01843.jpg,stream_images/PR_DEF_NB_A_20250902-183331_01843.jpg,2025-09-02 18:33:31,사전공정,불량,납부족 검사군,1843,R003502,23.08,23.0,23.0,23.0,23.0,56.08,56.63,56.81,57.23,57.72,0.2605,0.2528,0.2421,0.2363,0.2269,0.0433,0.0428,0.0428,0.0435,0.044,66.49,67.03,68.08,68.56,69.57,23.016,56.894000000000005,0.24372,0.04328,67.946,3.1616770598889152,3.7041473886910374,True,EWMA 상한 이탈,가속도,42.46043213588985,온도,28.70921066681754,컨베이어 이송계열 점검,23.016,23.08,23.0,0.03199999999999932,-0.01599999999999966,0.0799999999999983,0.019999999999999574,56.894000000000005,57.72,56.08,0.5539891695692248,0.38799999999999957,1.6400000000000006,0.41000000000000014,0.24372,0.2605,0.2269,0.011871040392484569,-0.008370000000000006,0.03360000000000002,0.008400000000000005,0.04328,0.044,0.0428,0.00045343136195018517,0.00020999999999999976,0.0011999999999999997,0.00042500000000000003,67.946,69.57,66.49,1.094652456261803,0.7689999999999998,3.0799999999999983,0.7699999999999996
PR_DEF_PB_A_20250902-183333_01824.jpg,stream_images/PR_DEF_PB_A_20250902-183333_01824.jpg,2025-09-02 18:33:33,사전공정,불량,납볼 검사군,1824,R011130,24.63,24.68,24.67,24.71,24.74,66.95,67.33,67.65,67.52,67.81,0.4037,0.381,0.3611,0.333,0.3094,0.0231,0.025,0.0277,0.0305,0.0334,69.36,68.48,67.49,66.57,65.45,24.686,67.452,0.35763999999999996,0.02794,67.47,3.0401677752535528,3.5713514660035406,True,EWMA 상한 이탈,습도,98.02248028912929,가속도,1.1635490488366294,자재 보관 환경 점검,24.686,24.74,24.63,0.03720215047547636,0.025,0.10999999999999943,0.03249999999999886,67.452,67.81,66.95,0.2962701469942596,0.19099999999999967,0.8599999999999994,0.2800000000000047,0.35763999999999996,0.4037,0.3094,0.03350645310981155,-0.023659999999999997,0.0943,0.023575,0.02794,0.0334,0.0231,0.0037011349610626193,0.00261,0.0103,0.002575,67.47,69.36,65.45,1.3771710133458377,-0.9730000000000004,3.9099999999999966,0.9774999999999991
PR_DEF_PB_A_20250902-183334_01825.jpg,stream_images/PR_DEF_PB_A_20250902-183334_01825.jpg,2025-09-02 18:33:34,사전공정,불량,납볼 검사군,1825,R011131,24.29,24.52,24.72,24.94,25.23,47.28,47.42,47.64,47.84,47.81,0.3438,0.3312,0.3096,0.2967,0.2793,0.0322,0.0347,0.0371,0.0387,0.04,88.89,89.83,90.0,90.0,90.0,24.740000000000002,47.598,0.31212,0.03654,89.744,5.2902934874094205,3.9151398702847167,True,EWMA+단일점,소음,92.44613120662292,가속도,6.034140798613098,설비 가동 소음원 점검,24.740000000000002,25.23,24.29,0.3260061349116001,0.23000000000000043,0.9400000000000013,0.23500000000000032,47.598,47.84,47.28,0.2182109071517743,0.1480000000000004,0.5600000000000023,0.14750000000000085,0.31212,0.3438,0.2793,0.023190291071911968,-0.016349999999999996,0.0645,0.016125,0.03654,0.04,0.0322,0.0027989998213647674,0.00196,0.007800000000000001,0.0019500000000000003,89.744,90.0,88.89,0.4320462938158361,0.23900000000000005,1.1099999999999994,0.27749999999999986
PR_DEF_PB_A_20250902-183344_01826.jpg,stream_images/PR_DEF_PB_A_20250902-183344_01826.jpg,2025-09-02 18:33:44,사전공정,불량,납볼 검사군,1826,R011132,24.42,24.43,24.45,24.47,24.54,40.16,40.0,40.0,40.0,40.0,0.5402,0.5442,0.5478,0.5503,0.5534,0.0339,0.0332,0.0332,0.0322,0.031,63.18,62.33,61.75,61.02,60.36,24.462,40.032,0.54718,0.0327,61.727999999999994,3.279642336850741,3.7880403635979216,True,EWMA 상한 이탈,진동,46.27830890010696,습도,28.340515121132192,실장 설비(마운터) 점검,24.462,24.54,24.42,0.04261455150532443,0.027999999999999404,0.11999999999999744,0.02999999999999936,40.032,40.16,40.0,0.06399999999999864,-0.03199999999999932,0.1599999999999966,0.03999999999999915,0.54718,0.5534,0.5402,0.004613198456602529,0.0032499999999999972,0.01319999999999999,0.0032999999999999974,0.0327,0.0339,0.031,0.0010079682534683322,-0.00068,0.0029,0.000725,61.727999999999994,63.18,60.36,0.9842641921760635,-0.6949999999999996,2.8200000000000003,0.7050000000000001
PR_DEF_PB_A_20250902-183359_01827.jpg,stream_images/PR_DEF_PB_A_20250902-183359_01827.jpg,2025-09-02 18:33:59,사전공정,불량,납볼 검사군,1827,R011133,25.8,26.03,26.24,26.45,26.67,41.7,42.48,43.38,43.92,44.48,0.5105,0.5065,0.5047,0.5,0.5,0.0145,0.0164,0.0175,0.0186,0.0201,62.13,63.13,64.52,65.93,67.22,26.238,43.192,0.50434,0.01742,64.586,2.599383378720179,3.5503089666223735,True,EWMA 상한 이탈,진동,44.61115642743842,습도,21.00084648702976,실장 설비(마운터) 점검,26.238,26.67,25.8,0.30550941065702053,0.21600000000000003,0.870000000000001,0.21750000000000025,43.192,44.48,41.7,0.9957188358166166,0.6999999999999993,2.779999999999994,0.6949999999999985,0.50434,0.5105,0.5,0.004010286772788182,-0.002749999999999986,0.010499999999999954,0.0026249999999999885,0.01742,0.0201,0.0145,0.0019051509126575769,0.0013399999999999996,0.005599999999999999,0.0013999999999999998,64.586,67.22,62.13,1.8385059151387027,1.2979999999999996,5.089999999999996,1.272499999999999
PR_DEF_PB_A_20250902-183401_01828.jpg,stream_images/PR_DEF_PB_A_20250902-183401_01828.jpg,2025-09-02 18:34:01,사전공정,불량,납볼 검사군,1828,R011134,24.77,24.52,24.33,24.07,23.83,56.33,55.44,54.49,53.67,52.99,0.257,0.2547,0.248,0.2429,0.2408,0.0174,0.0188,0.0198,0.0198,0.021,75.82,76.53,77.71,78.39,79.47,24.304,54.584,0.24868,0.01936,77.58399999999999,2.830663336389709,3.4063798405758408,True,EWMA 상한 이탈,소음,66.16123880832204,진동,16.753858167022177,설비 가동 소음원 점검,24.304,24.77,23.83,0.3298241955951688,-0.23300000000000018,0.9400000000000013,0.23500000000000032,54.584,56.33,52.99,1.1971900433932767,-0.8449999999999989,3.3399999999999963,0.8349999999999991,0.24868,0.257,0.2408,0.00634709382316033,-0.004420000000000002,0.01620000000000002,0.004050000000000005,0.01936,0.021,0.0174,0.0012026637102698337,0.0008200000000000006,0.0036000000000000025,0.0009000000000000006,77.58399999999999,79.47,75.82,1.299624561171419,0.916000000000001,3.6500000000000057,0.9125000000000014
PR_DEF_PB_A_20250902-183402_01829.jpg,stream_images/PR_DEF_PB_A_20250902-183402_01829.jpg,2025-09-02 18:34:02,사전공정,불량,납볼 검사군,1829,R011135,26.9,26.81,26.67,26.56,26.49,51.79,52.14,52.83,53.84,54.67,0.5848,0.5836,0.5776,0.5786,0.5767,0.0344,0.0337,0.0331,0.0326,0.0305,61.98,61.49,61.45,61.36,61.16,26.686,53.053999999999995,0.58026,0.03285999999999999,61.488000000000014,3.413049263716414,3.4077137252039558,True,EWMA 상한 이탈,진동,57.18293870061216,온도,17.82718592921591,실장 설비(마운터) 점검,26.686,26.9,26.49,0.1521315220458929,-0.10700000000000003,0.41000000000000014,0.10250000000000004,53.053999999999995,54.67,51.79,1.0688797874410398,0.7460000000000008,2.8800000000000026,0.7200000000000006,0.58026,0.5848,0.5767,0.0032946016451158395,-0.0021199999999999995,0.008099999999999996,0.0025249999999999995,0.03285999999999999,0.0344,0.0305,0.001324537655183876,-0.0008900000000000005,0.0039000000000000007,0.0009750000000000002,61.488000000000014,61.98,61.16,0.27110145702301164,-0.17700000000000032,0.8200000000000003,0.20500000000000007
PR_DEF_PB_A_20250902-183402_01830.jpg,stream_images/PR_DEF_PB_A_20250902-183402_01830.jpg,2025-09-02 18:34:02,사전공정,불량,납볼 검사군,1830,R011136,23.86,23.59,23.38,23.22,23.02,50.88,50.22,49.65,48.69,47.69,0.5517,0.555,0.5593,0.5627,0.5671,0.0127,0.0143,0.0167,0.0196,0.023,68.59,67.82,67.56,66.96,66.51,23.413999999999998,49.426,0.55916,0.017259999999999998,67.488,2.8745214470674756,3.3010752695766596,True,EWMA 상한 이탈,진동,67.99448772100078,온도,22.410853919252386,실장 설비(마운터) 점검,23.413999999999998,23.86,23.02,0.29117692216245444,-0.20500000000000007,0.8399999999999999,0.20999999999999996,49.426,50.88,47.69,1.1269534151862726,-0.791000000000001,3.190000000000005,0.7975000000000012,0.55916,0.5671,0.5517,0.0054507247224566515,0.003850000000000009,0.01540000000000008,0.00385000000000002,0.017259999999999998,0.023,0.0127,0.003695727262664278,0.00259,0.0103,0.002575,67.488,68.59,66.51,0.716251352529264,-0.5019999999999996,2.0799999999999983,0.5199999999999996
PR_DEF_NB_A_20250902-183420_01844.jpg,stream_images/PR_DEF_NB_A_20250902-183420_01844.jpg,2025-09-02 18:34:20,사전공정,불량,납부족 검사군,1844,R003503,23.02,23.32,23.59,23.88,24.18,79.26,79.04,79.35,79.59,79.42,0.2251,0.2101,0.2,0.2,0.2,0.0246,0.0238,0.0235,0.0243,0.0236,61.86,61.96,62.17,62.15,62.19,23.598000000000003,79.33200000000001,0.20703999999999997,0.02396,62.06600000000001,5.588975389986287,3.7586552936585855,True,EWMA+단일점,습도,81.943718431177,진동,8.491789240555104,자재 보관 환경 점검,23.598000000000003,24.18,23.02,0.40735242726661136,0.2879999999999999,1.1600000000000001,0.29000000000000004,79.33200000000001,79.59,79.04,0.18170305445974072,0.08699999999999904,0.5499999999999972,0.23499999999999943,0.20703999999999997,0.2251,0.2,0.009840853621510682,-0.006029999999999996,0.025099999999999983,0.006274999999999996,0.02396,0.0246,0.0235,0.00042237424163885735,-0.00015000000000000047,0.0011000000000000003,0.0006499999999999995,62.06600000000001,62.19,61.86,0.13184839779079577,0.08499999999999944,0.3299999999999983,0.09250000000000114
PR_DEF_NB_A_20250902-183434_01845.jpg,stream_images/PR_DEF_NB_A_20250902-183434_01845.jpg,2025-09-02 18:34:34,사전공정,불량,납부족 검사군,1845,R003504,23.47,23.69,23.91,24.12,24.39,42.15,42.09,41.78,42.04,42.06,0.3851,0.3805,0.3725,0.3677,0.3611,0.0336,0.0334,0.0345,0.0352,0.0357,81.12,81.92,82.24,83.09,83.53,23.916,42.024,0.37338000000000005,0.034480000000000004,82.38,3.9376618868195044,3.7944566122907695,True,EWMA+단일점,소음,74.32163498224806,습도,12.479587685014325,설비 가동 소음원 점검,23.916,24.39,23.47,0.32134716429431937,0.2270000000000003,0.9200000000000017,0.23000000000000043,42.024,42.15,41.78,0.12753038853543863,-0.022999999999999687,0.36999999999999744,0.16249999999999964,0.37338000000000005,0.3851,0.3611,0.00862424489448207,-0.006080000000000002,0.02400000000000002,0.006000000000000005,0.034480000000000004,0.0357,0.0334,0.0008885943956609242,0.0006000000000000012,0.0023000000000000034,0.0006250000000000006,82.38,83.53,81.12,0.8538618155181781,0.5989999999999995,2.4099999999999966,0.6024999999999991
PR_DEF_NB_A_20250902-183450_01846.jpg,stream_images/PR_DEF_NB_A_20250902-183450_01846.jpg,2025-09-02 18:34:50,사전공정,불량,납부족 검사군,1846,R003505,23.81,24.08,24.42,24.69,24.98,56.23,55.7,54.98,54.4,53.7,0.557,0.5513,0.5456,0.537,0.5346,0.0115,0.0129,0.0142,0.0158,0.0178,64.46,63.57,63.15,62.25,61.67,24.396,55.001999999999995,0.5451,0.01444,63.02,2.885207276828984,3.6126067451984127,True,EWMA 상한 이탈,진동,58.135917986513576,가속도,17.238060466252595,실장 설비(마운터) 점검,24.396,24.98,23.81,0.4174493981310798,0.29500000000000065,1.1700000000000017,0.2925000000000004,55.001999999999995,56.23,53.7,0.9003643706855564,-0.6359999999999992,2.529999999999994,0.6324999999999985,0.5451,0.557,0.5346,0.008439905212737896,-0.005910000000000015,0.022400000000000087,0.005600000000000022,0.01444,0.0178,0.0115,0.0022005453869438822,0.0015500000000000002,0.0063,0.001575,63.02,64.46,61.67,0.980652843772961,-0.6899999999999984,2.789999999999992,0.697499999999998
PR_DEF_PB_A_20250902-183455_01831.jpg,stream_images/PR_DEF_PB_A_20250902-183455_01831.jpg,2025-09-02 18:34:55,사전공정,불량,납볼 검사군,1831,R011137,24.97,24.95,24.94,24.92,24.93,45.38,44.77,44.11,43.27,42.61,0.4599,0.4657,0.4798,0.494,0.5,0.0439,0.0445,0.0443,0.0441,0.0438,61.33,61.07,60.49,60.21,60.0,24.942,44.028,0.47988,0.044120000000000006,60.620000000000005,3.219595728284761,3.5340045418156825,True,EWMA 상한 이탈,가속도,44.851779007805696,소음,23.992582894424856,컨베이어 이송계열 점검,24.942,24.97,24.92,0.01720465053408439,-0.010999999999999588,0.04999999999999716,0.014999999999998792,44.028,45.38,42.61,0.9970436299380293,-0.7040000000000006,2.770000000000003,0.6925000000000008,0.47988,0.5,0.4599,0.01552074740468384,0.010850000000000004,0.040100000000000025,0.010025000000000006,0.044120000000000006,0.0445,0.0438,0.00025612496949731326,-6.0000000000000334e-05,0.0006999999999999992,0.0003249999999999989,60.620000000000005,61.33,60.0,0.5051732376126029,-0.3519999999999996,1.3299999999999983,0.3324999999999996
PR_DEF_PB_A_20250902-183456_01832.jpg,stream_images/PR_DEF_PB_A_20250902-183456_01832.jpg,2025-09-02 18:34:56,사전공정,불량,납볼 검사군,1832,R011138,23.92,23.69,23.43,23.18,23.0,53.95,53.84,54.08,53.9,53.73,0.2534,0.237,0.2217,0.2078,0.2,0.0404,0.0409,0.0408,0.0406,0.0412,73.46,73.77,74.4,74.51,75.0,23.444,53.9,0.22397999999999998,0.040780000000000004,74.228,3.1299261394841653,3.4531888613493793,True,EWMA 상한 이탈,가속도,32.27939100982547,소음,24.095137466109428,컨베이어 이송계열 점검,23.444,23.92,23.0,0.332902388095971,-0.2350000000000005,0.9200000000000017,0.23000000000000043,53.9,54.08,53.73,0.11610340218960023,-0.03800000000000168,0.3500000000000014,0.17499999999999893,0.22397999999999998,0.2534,0.2,0.01937569611652701,-0.013599999999999998,0.0534,0.01335,0.040780000000000004,0.0412,0.0404,0.00027129319932501166,0.00013000000000000026,0.0008000000000000021,0.00035000000000000135,74.228,75.0,73.46,0.5485763392637378,0.38200000000000217,1.5400000000000063,0.38500000000000156
PR_DEF_NB_A_20250902-183505_01847.jpg,stream_images/PR_DEF_NB_A_20250902-183505_01847.jpg,2025-09-02 18:35:05,사전공정,불량,납부족 검사군,1847,R003506,26.96,26.9,26.82,26.76,26.66,44.14,43.3,42.69,42.15,41.34,0.5525,0.5447,0.536,0.5244,0.5142,0.0353,0.0382,0.04,0.04,0.04,60.15,60.87,61.39,62.18,62.94,26.820000000000004,42.724000000000004,0.5343600000000001,0.0387,61.50599999999999,3.5433234987024593,3.4712157888199955,True,EWMA 상한 이탈,진동,34.09200877132132,온도,19.352865408225135,실장 설비(마운터) 점검,26.820000000000004,26.96,26.66,0.10507140429250937,-0.07399999999999984,0.3000000000000007,0.07500000000000018,42.724000000000004,44.14,41.34,0.9573839355243006,-0.6749999999999993,2.799999999999997,0.6999999999999993,0.5343600000000001,0.5525,0.5142,0.01374257617770409,-0.009689999999999999,0.0383,0.009575,0.0387,0.04,0.0353,0.0018373894524569374,0.0011200000000000008,0.004700000000000003,0.0011750000000000007,61.50599999999999,62.94,60.15,0.9764548120624938,0.6890000000000001,2.789999999999999,0.6974999999999998
PR_DEF_PB_A_20250902-183522_01833.jpg,stream_images/PR_DEF_PB_A_20250902-183522_01833.jpg,2025-09-02 18:35:22,사전공정,불량,납볼 검사군,1833,R011139,24.04,23.86,23.74,23.53,23.36,51.65,50.92,50.93,49.72,49.14,0.3398,0.3129,0.2856,0.2536,0.2304,0.0484,0.0495,0.05,0.05,0.05,74.94,73.89,72.65,71.7,70.91,23.706,50.472,0.28446000000000005,0.04958,72.81800000000001,3.3128978007097447,3.4395521911979454,True,EWMA 상한 이탈,가속도,70.1893369739476,소음,13.455962478912465,컨베이어 이송계열 점검,23.706,24.04,23.36,0.2396330528120022,-0.16899999999999976,0.6799999999999997,0.16999999999999993,50.472,51.65,49.14,0.909712042351864,-0.6219999999999999,2.509999999999998,0.6324999999999985,0.28446000000000005,0.3398,0.2304,0.03936361771992001,-0.02781,0.1094,0.02735,0.04958,0.05,0.0484,0.0006209669878504025,0.00037000000000000086,0.0016000000000000042,0.00040000000000000105,72.81800000000001,74.94,70.91,1.454006877562826,-1.025,4.030000000000001,1.0075000000000003
PR_DEF_PB_A_20250902-183528_01834.jpg,stream_images/PR_DEF_PB_A_20250902-183528_01834.jpg,2025-09-02 18:35:28,사전공정,불량,납볼 검사군,1834,R011140,25.71,25.62,25.56,25.51,25.41,71.66,71.54,70.87,70.02,69.54,0.2691,0.2596,0.2576,0.257,0.2497,0.0193,0.0164,0.0135,0.0102,0.01,71.45,72.28,72.83,73.61,74.19,25.562,70.726,0.2586,0.01388,72.872,4.171492386951,3.585940230348556,True,EWMA+단일점,습도,74.2985931327429,가속도,9.224611506797185,자재 보관 환경 점검,25.562,25.71,25.41,0.10107423014794639,-0.07100000000000009,0.3000000000000007,0.07500000000000018,70.726,71.66,69.54,0.8319519216877855,-0.5759999999999991,2.1199999999999903,0.5299999999999976,0.2586,0.2691,0.2497,0.006229285673333661,-0.00414,0.0194,0.00485,0.01388,0.0193,0.01,0.003590765935006068,-0.0024800000000000004,0.009300000000000001,0.0023250000000000002,72.872,74.19,71.45,0.9649953367762959,0.6809999999999988,2.739999999999995,0.6849999999999987
PR_DEF_PB_A_20250902-183549_01835.jpg,stream_images/PR_DEF_PB_A_20250902-183549_01835.jpg,2025-09-02 18:35:49,사전공정,불량,납볼 검사군,1835,R011141,26.6,26.47,26.33,26.2,26.06,76.3,75.89,76.07,76.12,76.37,0.4474,0.4786,0.5,0.5,0.5,0.0172,0.0166,0.0155,0.0147,0.0132,67.82,67.42,66.68,66.43,66.07,26.332,76.15,0.4852,0.01544,66.884,5.027864613082225,3.8743251068952906,True,EWMA+단일점,습도,80.88417239956584,진동,9.159979290626719,자재 보관 환경 점검,26.332,26.6,26.06,0.19093454375780267,-0.1350000000000005,0.5400000000000027,0.13500000000000068,76.15,76.37,75.89,0.17076299364909345,0.03700000000000188,0.480000000000004,0.22250000000000014,0.4852,0.5,0.4474,0.020637441701916438,0.012659999999999994,0.05259999999999998,0.013149999999999995,0.01544,0.0172,0.0132,0.0014150618361046985,-0.00099,0.004,0.001,66.884,67.82,66.07,0.6440062111501708,-0.4489999999999995,1.75,0.4375
PR_DEF_NB_A_20250902-183558_01848.jpg,stream_images/PR_DEF_NB_A_20250902-183558_01848.jpg,2025-09-02 18:35:58,사전공정,불량,납부족 검사군,1848,R003507,23.7,23.44,23.26,23.06,23.0,48.33,47.88,46.8,46.32,45.8,0.445,0.4675,0.4872,0.5,0.5,0.0412,0.0403,0.0402,0.04,0.04,67.96,68.69,69.04,69.43,69.87,23.292,47.025999999999996,0.47994000000000003,0.04034,68.998,2.7714396060157114,3.653748006719375,True,EWMA 상한 이탈,가속도,39.11179414434067,진동,27.907545163521576,컨베이어 이송계열 점검,23.292,23.7,23.0,0.2563123094976128,-0.1780000000000001,0.6999999999999993,0.17499999999999982,47.025999999999996,48.33,45.8,0.9468178283070094,-0.6620000000000005,2.530000000000001,0.6325000000000003,0.47994000000000003,0.5,0.445,0.021133253417304203,0.014249999999999995,0.05499999999999999,0.013749999999999998,0.04034,0.0412,0.04,0.0004454211490264017,-0.0002700000000000001,0.0011999999999999997,0.0002999999999999999,68.998,69.87,67.96,0.651318662407278,0.45600000000000307,1.9100000000000108,0.4775000000000027
PR_DEF_PB_A_20250902-183608_01836.jpg,stream_images/PR_DEF_PB_A_20250902-183608_01836.jpg,2025-09-02 18:36:08,사전공정,불량,납볼 검사군,1836,R011142,24.75,24.69,24.59,24.54,24.5,63.92,63.73,63.13,62.95,62.46,0.2095,0.2067,0.2025,0.2,0.2034,0.0139,0.0131,0.0133,0.0126,0.0128,63.96,63.01,61.92,60.55,60.0,24.613999999999997,63.238,0.20442,0.013140000000000002,61.888,3.3924532565802243,3.6014890566915447,True,EWMA 상한 이탈,습도,45.10995369057634,진동,23.936790737727467,자재 보관 환경 점검,24.613999999999997,24.75,24.5,0.09308061022576113,-0.06500000000000021,0.25,0.0625,63.238,63.92,62.46,0.5304865691042508,-0.36999999999999955,1.4600000000000009,0.3650000000000002,0.20442,0.2095,0.2,0.003324695474776592,-0.0018899999999999972,0.00949999999999998,0.0032249999999999918,0.013140000000000002,0.0139,0.0126,0.0004498888751680793,-0.00026999999999999973,0.001299999999999999,0.0004749999999999993,61.888,63.96,60.0,1.4770159105439593,-1.0380000000000003,3.960000000000001,0.9900000000000002
PR_DEF_NB_A_20250902-183612_01849.jpg,stream_images/PR_DEF_NB_A_20250902-183612_01849.jpg,2025-09-02 18:36:12,사전공정,불량,납부족 검사군,1849,R003508,23.36,23.16,23.0,23.0,23.0,66.58,66.38,66.29,66.27,66.37,0.3377,0.3272,0.3195,0.3043,0.2873,0.0374,0.0348,0.034,0.0306,0.0284,72.91,73.42,73.48,73.84,74.21,23.104,66.378,0.31520000000000004,0.03304,73.57199999999999,3.675595045869793,3.6163102545271943,True,EWMA+단일점,습도,59.06818532756617,온도,19.419234901654114,자재 보관 환경 점검,23.104,23.36,23.0,0.14221111067704925,-0.0879999999999999,0.35999999999999943,0.08999999999999986,66.378,66.58,66.27,0.10979981785048551,-0.052999999999998694,0.3100000000000023,0.1025000000000027,0.31520000000000004,0.3377,0.2873,0.017697231421891953,-0.012369999999999997,0.0504,0.0126,0.03304,0.0374,0.0284,0.0031784272840510294,-0.00222,0.009000000000000001,0.0022500000000000003,73.57199999999999,74.21,72.91,0.4355869603190612,0.3019999999999996,1.2999999999999972,0.3249999999999993
PR_DEF_PB_A_20250902-183623_01837.jpg,stream_images/PR_DEF_PB_A_20250902-183623_01837.jpg,2025-09-02 18:36:23,사전공정,불량,납볼 검사군,1837,R011143,24.35,24.51,24.65,24.77,24.89,47.61,47.79,47.68,47.74,47.84,0.5781,0.5845,0.5872,0.5883,0.5927,0.0332,0.031,0.0291,0.0265,0.0245,69.3,69.83,70.29,70.89,71.56,24.633999999999997,47.732000000000006,0.5861599999999999,0.028860000000000004,70.374,2.8292000802629924,3.4588882196743542,True,EWMA 상한 이탈,진동,89.02553871628656,소음,5.380423191428872,실장 설비(마운터) 점검,24.633999999999997,24.89,24.35,0.18990523952750696,0.13399999999999962,0.5399999999999991,0.1349999999999998,47.732000000000006,47.84,47.61,0.08084553172563198,0.04100000000000108,0.23000000000000398,0.11250000000000071,0.5861599999999999,0.5927,0.5781,0.004819792526655087,0.003300000000000014,0.014600000000000057,0.0036500000000000143,0.028860000000000004,0.0332,0.0245,0.003100064515457702,-0.00219,0.0087,0.002175,70.374,71.56,69.3,0.7911156679019843,0.5580000000000013,2.260000000000005,0.5650000000000013
PR_DEF_PB_A_20250902-183631_01838.jpg,stream_images/PR_DEF_PB_A_20250902-183631_01838.jpg,2025-09-02 18:36:31,사전공정,불량,납볼 검사군,1838,R011144,26.46,26.18,25.91,25.67,25.4,41.77,42.13,42.91,43.18,43.94,0.3863,0.3586,0.3285,0.302,0.2826,0.0485,0.0488,0.0482,0.0482,0.0477,65.46,66.58,67.87,69.44,70.71,25.924,42.786,0.3316,0.048279999999999997,68.012,3.032136530270218,3.373537881793527,True,EWMA 상한 이탈,가속도,75.07282467387462,습도,17.339403334753374,컨베이어 이송계열 점검,25.924,26.46,25.4,0.37205375955633113,-0.26300000000000023,1.0600000000000023,0.26500000000000057,42.786,43.94,41.77,0.770054543522728,0.5389999999999986,2.1699999999999946,0.5424999999999986,0.3316,0.3863,0.2826,0.037437574707771856,-0.02639999999999999,0.10369999999999996,0.02592499999999999,0.048279999999999997,0.0488,0.0477,0.0003655133376499426,-0.00022000000000000074,0.0011000000000000038,0.00035000000000000135,68.012,70.71,65.46,1.8921881513211098,1.3359999999999999,5.25,1.3125
PR_DEF_PB_A_20250902-183636_01839.jpg,stream_images/PR_DEF_PB_A_20250902-183636_01839.jpg,2025-09-02 18:36:36,사전공정,불량,납볼 검사군,1839,R011145,26.44,26.43,26.43,26.43,26.46,46.56,46.48,46.5,46.85,46.43,0.2425,0.2347,0.2265,0.2212,0.2176,0.0445,0.0449,0.0455,0.0452,0.045,61.76,61.15,60.54,60.0,60.0,26.438000000000006,46.564,0.2285,0.045020000000000004,60.69,3.379397841721601,3.3747098737791417,True,EWMA 상한 이탈,가속도,44.862404536499824,소음,21.442938804190817,컨베이어 이송계열 점검,26.438000000000006,26.46,26.43,0.011661903789691085,0.003999999999999915,0.030000000000001137,0.010000000000000675,46.564,46.85,46.43,0.14894294209528788,0.010999999999999944,0.4200000000000017,0.2175000000000029,0.2285,0.2425,0.2176,0.009061346478311045,-0.00633,0.024900000000000005,0.006225000000000001,0.045020000000000004,0.0455,0.0445,0.0003310589071449368,0.00012999999999999955,0.0010000000000000009,0.00037500000000000033,60.69,61.76,60.0,0.6828176916278598,-0.46699999999999947,1.759999999999998,0.4399999999999995
PR_DEF_PB_A_20250902-183651_01840.jpg,stream_images/PR_DEF_PB_A_20250902-183651_01840.jpg,2025-09-02 18:36:51,사전공정,불량,납볼 검사군,1840,R011146,25.22,25.08,24.98,24.88,24.76,48.12,47.35,46.49,45.73,44.75,0.2943,0.3191,0.3407,0.3661,0.3961,0.025,0.0256,0.0264,0.0268,0.028,87.96,88.44,88.82,89.15,89.63,24.984,46.488,0.34326,0.026360000000000005,88.8,4.9104008734601585,3.6818480737153454,True,EWMA+단일점,소음,98.2784924570521,습도,1.5965048804665927,설비 가동 소음원 점검,24.984,25.22,24.76,0.15869467539901813,-0.11199999999999939,0.4599999999999973,0.11499999999999932,46.488,48.12,44.75,1.1833579340165847,-0.836,3.3699999999999974,0.8424999999999994,0.34326,0.3961,0.2943,0.03549949858800825,0.02506,0.1018,0.02545,0.026360000000000005,0.028,0.025,0.0010307278981380099,0.0007199999999999998,0.002999999999999999,0.0007499999999999998,88.8,89.63,87.96,0.5739337940912712,0.40500000000000114,1.6700000000000017,0.4175000000000004
PR_DEF_NB_A_20250902-183714_01850.jpg,stream_images/PR_DEF_NB_A_20250902-183714_01850.jpg,2025-09-02 18:37:14,사전공정,불량,납부족 검사군,1850,R003509,23.08,23.35,23.64,23.94,24.22,53.06,53.12,53.25,53.29,53.55,0.4682,0.4911,0.5,0.5,0.5,0.0482,0.049,0.05,0.05,0.05,71.98,70.97,70.38,69.42,68.99,23.645999999999997,53.254,0.49185999999999996,0.04944,70.348,3.4934479639494893,3.6441680517621746,True,EWMA 상한 이탈,가속도,62.277070765309006,진동,20.855925108110043,컨베이어 이송계열 점검,23.645999999999997,24.22,23.08,0.40593595553978723,0.2870000000000001,1.1400000000000006,0.28500000000000014,53.254,53.55,53.06,0.1700117642988261,0.11499999999999914,0.4899999999999949,0.12249999999999872,0.49185999999999996,0.5,0.4682,0.01232194789795834,0.007250000000000001,0.031799999999999995,0.007949999999999999,0.04944,0.05,0.0482,0.0007310266752998837,0.00046000000000000066,0.001800000000000003,0.00045000000000000075,70.348,71.98,68.99,1.0730032618776162,-0.7530000000000016,2.990000000000009,0.7475000000000023
PR_DEF_NB_A_20250902-183737_01851.jpg,stream_images/PR_DEF_NB_A_20250902-183737_01851.jpg,2025-09-02 18:37:37,사전공정,불량,납부족 검사군,1851,R003510,26.71,26.5,26.33,26.13,25.92,55.66,56.0,56.53,57.27,57.93,0.2341,0.2026,0.2,0.2,0.2,0.0167,0.0173,0.0176,0.0189,0.0205,89.36,89.43,89.69,89.91,89.91,26.317999999999994,56.678,0.20734,0.0182,89.66,5.6333730039145165,4.042009042192643,True,EWMA+단일점,소음,81.46203824763526,진동,8.40809010438089,설비 가동 소음원 점검,26.317999999999994,26.71,25.92,0.27592752671670856,-0.19499999999999992,0.7899999999999991,0.1974999999999998,56.678,57.93,55.66,0.8289607952128991,0.581000000000001,2.270000000000003,0.5675000000000008,0.20734,0.2341,0.2,0.013417838872188021,-0.007079999999999998,0.03409999999999999,0.008524999999999998,0.0182,0.0205,0.0167,0.0013564659966250542,0.0009200000000000004,0.0038000000000000013,0.0009500000000000003,89.66,89.91,89.36,0.23186202793902827,0.15799999999999842,0.5499999999999972,0.1374999999999993
PR_DEF_PB_A_20250902-183746_01841.jpg,stream_images/PR_DEF_PB_A_20250902-183746_01841.jpg,2025-09-02 18:37:46,사전공정,불량,납볼 검사군,1841,R011147,25.9,26.14,26.37,26.61,26.9,78.45,78.32,78.73,79.05,79.32,0.3369,0.3645,0.3906,0.4137,0.4377,0.0229,0.0255,0.0283,0.0305,0.0341,74.79,75.0,75.0,75.0,75.0,26.383999999999997,78.774,0.38868,0.028259999999999997,74.958,5.448251808742245,4.323257595502564,True,EWMA+단일점,습도,84.20380047950202,소음,9.889639809900096,자재 보관 환경 점검,26.383999999999997,26.9,25.9,0.34966269460724553,0.2469999999999999,1.0,0.25,78.774,79.32,78.32,0.3707613787869483,0.24699999999999847,1.0,0.2825000000000024,0.38868,0.4377,0.3369,0.03549221886554855,0.02508,0.1008,0.0252,0.028259999999999997,0.0341,0.0229,0.003885151219708185,0.00274,0.011199999999999998,0.0027999999999999995,74.958,75.0,74.79,0.08399999999999751,0.04199999999999875,0.20999999999999375,0.05249999999999844
PR_DEF_NB_A_20250902-183757_01852.jpg,stream_images/PR_DEF_NB_A_20250902-183757_01852.jpg,2025-09-02 18:37:57,사전공정,불량,납부족 검사군,1852,R003511,23.15,23.11,23.09,23.1,23.04,73.87,73.74,73.1,72.41,72.61,0.3945,0.4089,0.425,0.4351,0.4442,0.0322,0.0321,0.0319,0.0309,0.0294,64.79,66.14,67.48,68.48,69.4,23.097999999999995,73.146,0.42153999999999997,0.0313,67.25800000000001,4.434003437664842,4.345406763935019,True,EWMA+단일점,습도,80.8584047205336,온도,13.359891509243985,자재 보관 환경 점검,23.097999999999995,23.15,23.04,0.03544009029333855,-0.022999999999999687,0.10999999999999943,0.03250000000000064,73.146,73.87,72.41,0.5844860990648121,-0.38500000000000084,1.460000000000008,0.4150000000000027,0.42153999999999997,0.4442,0.3945,0.01788995248736004,0.012559999999999993,0.049699999999999966,0.012424999999999992,0.0313,0.0322,0.0294,0.00105640901169954,-0.0006799999999999997,0.0028000000000000004,0.0007000000000000001,67.25800000000001,69.4,64.79,1.641443267371736,1.1560000000000001,4.609999999999999,1.1524999999999999
PR_DEF_NB_A_20250902-183758_01853.jpg,stream_images/PR_DEF_NB_A_20250902-183758_01853.jpg,2025-09-02 18:37:58,사전공정,불량,납부족 검사군,1853,R003512,25.68,25.63,25.63,25.59,25.57,58.64,59.09,59.52,59.86,60.0,0.287,0.303,0.3118,0.3134,0.3192,0.0215,0.0226,0.0229,0.0227,0.023,85.23,84.88,84.82,84.63,84.42,25.619999999999997,59.422000000000004,0.30687999999999993,0.022539999999999998,84.796,4.3680205245414525,4.349929516056306,True,EWMA+단일점,소음,82.83663843548939,습도,13.890958929497083,설비 가동 소음원 점검,25.619999999999997,25.68,25.57,0.0379473319220203,-0.0259999999999998,0.10999999999999943,0.027499999999999858,59.422000000000004,60.0,58.64,0.5014538862148736,0.3489999999999995,1.3599999999999994,0.33999999999999986,0.30687999999999993,0.3192,0.287,0.011213991260920448,0.007480000000000003,0.032200000000000006,0.008050000000000002,0.022539999999999998,0.023,0.0215,0.0005388877434122999,0.00031000000000000054,0.0015000000000000013,0.00047499999999999973,84.796,85.23,84.42,0.2701555107711122,-0.18700000000000044,0.8100000000000023,0.20250000000000057
PR_DEF_PB_A_20250902-183811_01842.jpg,stream_images/PR_DEF_PB_A_20250902-183811_01842.jpg,2025-09-02 18:38:11,사전공정,불량,납볼 검사군,1842,R011148,26.99,26.67,26.38,26.04,25.76,59.59,60.0,60.0,60.0,60.0,0.4446,0.433,0.4132,0.3953,0.3843,0.0351,0.0347,0.0343,0.034,0.0348,76.47,75.59,75.0,75.0,75.0,26.367999999999995,59.918000000000006,0.41407999999999995,0.03458,75.412,3.05947166864605,4.0918379465742545,True,EWMA 상한 이탈,소음,35.38110568136001,습도,31.49194854227107,설비 가동 소음원 점검,26.367999999999995,26.99,25.76,0.4371452847738376,-0.3089999999999996,1.2299999999999969,0.3074999999999992,59.918000000000006,60.0,59.59,0.16399999999999865,0.08199999999999932,0.4099999999999966,0.10249999999999915,0.41407999999999995,0.4446,0.3843,0.022493323453860712,-0.015830000000000004,0.06030000000000002,0.015075000000000005,0.03458,0.0351,0.034,0.00038678159211627365,-0.00013000000000000026,0.0010999999999999968,0.000474999999999998,75.412,76.47,75.0,0.5762430042959304,-0.3530000000000001,1.4699999999999989,0.3674999999999997
PR_DEF_PB_A_20250902-183816_01843.jpg,stream_images/PR_DEF_PB_A_20250902-183816_01843.jpg,2025-09-02 18:38:16,사전공정,불량,납볼 검사군,1843,R011149,24.95,24.69,24.38,24.11,23.82,41.49,41.25,40.95,40.77,40.42,0.4717,0.4687,0.469,0.4672,0.4614,0.0107,0.01,0.01,0.01,0.01,85.54,85.91,86.87,87.26,88.26,24.389999999999997,40.976,0.4676,0.01014,86.768,5.165222392684898,4.306514835796383,True,EWMA+단일점,소음,72.59872352372822,가속도,10.594026809697068,설비 가동 소음원 점검,24.389999999999997,24.95,23.82,0.4017461885320133,-0.284,1.129999999999999,0.28249999999999975,40.976,41.49,40.42,0.3718924575734223,-0.26199999999999973,1.0700000000000003,0.26750000000000007,0.4676,0.4717,0.4614,0.0034228642976314523,-0.0022100000000000062,0.010300000000000031,0.0027249999999999913,0.01014,0.0107,0.01,0.0002799999999999997,-0.00013999999999999985,0.0006999999999999992,0.0001749999999999998,86.768,88.26,85.54,0.9718724196107236,0.6790000000000006,2.719999999999999,0.6799999999999997
PR_DEF_PB_A_20250902-183843_01844.jpg,stream_images/PR_DEF_PB_A_20250902-183843_01844.jpg,2025-09-02 18:38:43,사전공정,불량,납볼 검사군,1844,R011150,25.76,25.52,25.25,25.02,24.82,42.13,41.99,41.6,41.65,41.52,0.4391,0.4626,0.4836,0.5,0.5,0.027,0.0243,0.0212,0.0186,0.0165,85.24,86.0,86.78,87.29,87.86,25.274,41.778000000000006,0.47706,0.021519999999999997,86.634,4.841221319284222,4.413456132493951,True,EWMA+단일점,소음,81.59462372532627,습도,8.797097089776239,설비 가동 소음원 점검,25.274,25.76,24.82,0.33702225445807027,-0.23800000000000027,0.9400000000000013,0.23500000000000032,41.778000000000006,42.13,41.52,0.23810921863716275,-0.15600000000000022,0.6099999999999994,0.17749999999999844,0.47706,0.5,0.4391,0.023432080573436067,0.01592,0.06090000000000001,0.015225000000000002,0.021519999999999997,0.027,0.0165,0.0037838604625435117,-0.0026699999999999996,0.010499999999999999,0.0026249999999999997,86.634,87.86,85.24,0.9273532228875923,0.6530000000000016,2.6200000000000045,0.6550000000000011
PR_DEF_NB_A_20250902-183914_01854.jpg,stream_images/PR_DEF_NB_A_20250902-183914_01854.jpg,2025-09-02 18:39:14,사전공정,불량,납부족 검사군,1854,R003513,26.08,26.26,26.45,26.56,26.64,45.45,45.37,44.98,44.57,44.33,0.2947,0.2757,0.2559,0.2355,0.22,0.0307,0.0331,0.0348,0.0372,0.0389,87.1,87.62,87.67,88.54,88.76,26.398000000000003,44.94,0.25636000000000003,0.03493999999999999,87.938,5.146824761185182,4.560129858232198,True,EWMA+단일점,소음,82.47742061768062,온도,5.467163672665706,설비 가동 소음원 점검,26.398000000000003,26.64,26.08,0.20380382724571217,0.14200000000000018,0.5600000000000023,0.14000000000000057,44.94,45.45,44.33,0.4371727347399429,-0.3040000000000006,1.1200000000000045,0.28000000000000114,0.25636000000000003,0.2947,0.22,0.026838002906326697,-0.018960000000000005,0.07470000000000002,0.018675000000000004,0.03493999999999999,0.0389,0.0307,0.0029042038495945824,0.002049999999999999,0.008199999999999995,0.002049999999999999,87.938,88.76,87.1,0.6185919495111494,0.4240000000000023,1.6600000000000108,0.4150000000000027
PR_DEF_NB_A_20250902-184022_01855.jpg,stream_images/PR_DEF_NB_A_20250902-184022_01855.jpg,2025-09-02 18:40:22,사전공정,불량,납부족 검사군,1855,R003514,26.21,25.93,25.61,25.26,24.95,50.25,49.81,49.49,48.81,48.3,0.2143,0.2211,0.2314,0.2388,0.2518,0.0446,0.0451,0.0452,0.0453,0.0451,68.39,67.86,67.63,67.2,66.39,25.592000000000002,49.33200000000001,0.23148,0.04506,67.494,2.698611203048024,4.187826127195363,True,EWMA 상한 이탈,가속도,70.7659585310319,진동,25.37289181492665,컨베이어 이송계열 점검,25.592000000000002,26.21,24.95,0.45141555134930844,-0.3190000000000001,1.2600000000000016,0.3150000000000004,49.33200000000001,50.25,48.3,0.6976646759009669,-0.49000000000000055,1.9500000000000028,0.4875000000000007,0.23148,0.2518,0.2143,0.013186265582036498,0.00927000000000001,0.03750000000000003,0.009375000000000008,0.04506,0.0453,0.0446,0.00024166091947189092,0.00011999999999999996,0.0006999999999999992,0.0002249999999999995,67.494,68.39,66.39,0.6723867934455579,-0.46599999999999964,2.0,0.5
PR_DEF_NB_A_20250902-184024_01856.jpg,stream_images/PR_DEF_NB_A_20250902-184024_01856.jpg,2025-09-02 18:40:24,사전공정,불량,납부족 검사군,1856,R003515,25.84,26.04,26.2,26.33,26.49,60.9,60.29,60.0,60.0,60.0,0.4828,0.4539,0.4295,0.4035,0.3781,0.0108,0.01,0.01,0.01,0.01,61.31,62.41,63.75,64.77,65.83,26.18,60.238,0.42956000000000005,0.01016,63.614,2.922350927457123,3.934731087247715,True,EWMA 상한 이탈,습도,36.28081581129628,가속도,33.059512096877,자재 보관 환경 점검,26.18,26.49,25.84,0.2254772715818598,0.15899999999999964,0.6499999999999986,0.16249999999999964,60.238,60.9,60.0,0.3495368363992551,-0.20899999999999963,0.8999999999999986,0.22499999999999964,0.42956000000000005,0.4828,0.3781,0.03675375354980767,-0.025980000000000003,0.10470000000000002,0.026175000000000004,0.01016,0.0108,0.01,0.00032000000000000013,-0.00016000000000000007,0.0008000000000000004,0.0002000000000000001,63.614,65.83,61.31,1.6139095389767035,1.1399999999999992,4.519999999999996,1.129999999999999
PR_DEF_NB_A_20250902-184040_01857.jpg,stream_images/PR_DEF_NB_A_20250902-184040_01857.jpg,2025-09-02 18:40:40,사전공정,불량,납부족 검사군,1857,R003516,25.31,25.37,25.43,25.47,25.58,50.97,51.77,51.84,52.39,53.18,0.4988,0.4853,0.4735,0.4613,0.4523,0.046,0.0456,0.0453,0.0455,0.0453,70.37,70.91,70.81,70.93,71.01,25.432,52.03000000000001,0.47424,0.045540000000000004,70.806,2.851227737368319,3.7180304172718364,True,EWMA 상한 이탈,가속도,65.93247856049386,진동,23.94126852524487,컨베이어 이송계열 점검,25.432,25.58,25.31,0.09173875952943729,0.0639999999999997,0.2699999999999996,0.0674999999999999,52.03000000000001,53.18,50.97,0.7320382503667414,0.5039999999999999,2.210000000000001,0.5525000000000002,0.47424,0.4988,0.4523,0.016582352064770562,-0.01170000000000001,0.04650000000000004,0.01162500000000001,0.045540000000000004,0.046,0.0453,0.00025768197453450236,-0.00015000000000000012,0.0006999999999999992,0.0002749999999999992,70.806,71.01,70.37,0.22712111306525384,0.13000000000000114,0.6400000000000006,0.2099999999999973
PR_DEF_NB_A_20250902-184115_01858.jpg,stream_images/PR_DEF_NB_A_20250902-184115_01858.jpg,2025-09-02 18:41:15,사전공정,불량,납부족 검사군,1858,R003517,24.75,24.63,24.55,24.44,24.38,57.35,57.6,57.44,57.62,58.18,0.2775,0.2919,0.3012,0.3092,0.3211,0.03,0.0309,0.0314,0.0316,0.0322,88.29,88.92,89.75,89.58,89.76,24.549999999999997,57.638,0.30018,0.031219999999999998,89.26,5.252826854499114,4.024989704717292,True,EWMA+단일점,소음,90.22750976985802,습도,6.257572567697648,설비 가동 소음원 점검,24.549999999999997,24.75,24.38,0.13221195104830719,-0.09299999999999997,0.370000000000001,0.09250000000000025,57.638,58.18,57.35,0.2890259503920019,0.16799999999999926,0.8299999999999983,0.2875000000000014,0.30018,0.3211,0.2775,0.014852528404281869,0.010449999999999992,0.04359999999999997,0.010899999999999993,0.031219999999999998,0.0322,0.03,0.0007386474125047759,0.0005100000000000004,0.0022000000000000006,0.0005500000000000001,89.26,89.76,88.29,0.5742821606144476,0.35999999999999943,1.4699999999999989,0.45250000000000057
PR_DEF_NB_A_20250902-184117_01859.jpg,stream_images/PR_DEF_NB_A_20250902-184117_01859.jpg,2025-09-02 18:41:17,사전공정,불량,납부족 검사군,1859,R003518,24.46,24.56,24.67,24.8,24.87,59.29,58.43,57.91,57.52,56.83,0.3037,0.3288,0.3517,0.3698,0.3852,0.0386,0.0368,0.0355,0.0334,0.0322,84.87,84.77,84.77,84.67,84.69,24.672,57.996,0.34784000000000004,0.0353,84.75399999999999,4.360586990962928,4.09210916196642,True,EWMA+단일점,소음,82.48229891878722,습도,9.982654239462322,설비 가동 소음원 점검,24.672,24.87,24.46,0.15038616957686002,0.10600000000000023,0.41000000000000014,0.10250000000000004,57.996,59.29,56.83,0.8314228767600755,-0.5829999999999999,2.460000000000001,0.6150000000000002,0.34784000000000004,0.3852,0.3037,0.028995765208043735,0.020399999999999995,0.08149999999999996,0.02037499999999999,0.0353,0.0386,0.0322,0.0022978250586152124,-0.0016200000000000006,0.006400000000000003,0.0016000000000000007,84.75399999999999,84.87,84.67,0.07088018058667854,-0.0460000000000008,0.20000000000000284,0.054999999999999716
PR_DEF_NB_A_20250902-184138_01860.jpg,stream_images/PR_DEF_NB_A_20250902-184138_01860.jpg,2025-09-02 18:41:38,사전공정,불량,납부족 검사군,1860,R003519,24.02,23.97,23.9,23.83,23.76,67.1,66.57,65.88,65.26,64.63,0.2141,0.2,0.2,0.2,0.2,0.0302,0.0277,0.0251,0.0215,0.0181,69.4,69.09,68.32,68.12,67.72,23.895999999999997,65.888,0.20282,0.024520000000000004,68.53,3.35627294092415,3.9449419177579657,True,EWMA 상한 이탈,습도,66.60502846816708,진동,25.028799205253087,자재 보관 환경 점검,23.895999999999997,24.02,23.76,0.09350935782048715,-0.06599999999999966,0.259999999999998,0.0649999999999995,65.888,67.1,64.63,0.8844297597887558,-0.6249999999999986,2.469999999999999,0.6174999999999997,0.20282,0.2141,0.2,0.005639999999999999,-0.0028200000000000005,0.014100000000000001,0.0035250000000000004,0.024520000000000004,0.0302,0.0181,0.004313884560346973,-0.00304,0.0121,0.003025,68.53,69.4,67.72,0.6227037819059741,-0.4330000000000013,1.6800000000000068,0.4200000000000017
PR_DEF_NB_A_20250902-184139_01861.jpg,stream_images/PR_DEF_NB_A_20250902-184139_01861.jpg,2025-09-02 18:41:39,사전공정,불량,납부족 검사군,1861,R003520,25.73,26.03,26.36,26.61,26.82,41.65,40.75,40.05,40.0,40.0,0.3256,0.3189,0.3069,0.3019,0.2998,0.0416,0.0413,0.0412,0.0412,0.0418,69.85,68.66,67.44,66.34,65.64,26.310000000000002,40.489999999999995,0.31062,0.04142,67.58599999999998,2.7675794588542915,3.709469425977231,True,EWMA 상한 이탈,가속도,44.70996287891249,습도,35.94861252429247,컨베이어 이송계열 점검,26.310000000000002,26.82,25.73,0.3917652358237006,0.2759999999999998,1.0899999999999999,0.27249999999999996,40.489999999999995,41.65,40.0,0.6460650122085237,-0.4049999999999997,1.6499999999999986,0.41249999999999964,0.31062,0.3256,0.2998,0.009999079957676106,-0.00686,0.02579999999999999,0.006449999999999997,0.04142,0.0418,0.0412,0.00023999999999999822,2.9999999999999472e-05,0.0005999999999999964,0.0002499999999999985,67.58599999999998,69.85,65.64,1.5257732465867893,-1.073999999999998,4.209999999999994,1.0524999999999984
PR_DEF_NB_A_20250902-184258_01862.jpg,stream_images/PR_DEF_NB_A_20250902-184258_01862.jpg,2025-09-02 18:42:58,사전공정,불량,납부족 검사군,1862,R003521,25.96,25.99,26.01,25.98,25.92,57.4,57.93,58.27,58.86,59.36,0.4748,0.4919,0.5,0.5,0.5,0.043,0.0441,0.0446,0.0452,0.0467,65.42,65.54,65.29,65.33,65.13,25.972,58.364,0.49334,0.044719999999999996,65.342,3.235648179397179,3.614705176661221,True,EWMA 상한 이탈,가속도,46.84564517825094,진동,24.623838862261525,컨베이어 이송계열 점검,25.972,26.01,25.92,0.03059411708155629,-0.00899999999999963,0.08999999999999986,0.03500000000000014,58.364,59.36,57.4,0.6876801582131042,0.48500000000000015,1.9600000000000009,0.4900000000000002,0.49334,0.5,0.4748,0.009786439597729095,0.005849999999999999,0.0252,0.0063,0.044719999999999996,0.0467,0.043,0.0012253978945632315,0.0008500000000000001,0.003700000000000002,0.0009250000000000005,65.342,65.54,65.13,0.1364404632064873,-0.07900000000000204,0.4100000000000108,0.15249999999999986
PR_DEF_NB_A_20250902-184314_01863.jpg,stream_images/PR_DEF_NB_A_20250902-184314_01863.jpg,2025-09-02 18:43:14,사전공정,불량,납부족 검사군,1863,R003522,26.9,27.0,27.0,27.0,27.0,74.09,73.82,73.08,72.77,72.57,0.2883,0.2635,0.246,0.2212,0.2008,0.0301,0.0279,0.026,0.0236,0.0212,74.91,75.0,75.0,75.0,75.0,26.98,73.26599999999999,0.24396000000000004,0.025759999999999998,74.982,4.880835642086589,3.867931269746295,True,EWMA+단일점,습도,68.86507320380716,소음,12.465718902967549,자재 보관 환경 점검,26.98,27.0,26.9,0.04000000000000057,0.020000000000000285,0.10000000000000142,0.025000000000000355,73.26599999999999,74.09,72.57,0.5917634662599597,-0.40900000000000175,1.5200000000000102,0.38000000000000256,0.24396000000000004,0.2883,0.2008,0.030766254240644893,-0.02173,0.0875,0.021875,0.025759999999999998,0.0301,0.0212,0.0031283222340417554,-0.0022099999999999997,0.008899999999999998,0.0022249999999999995,74.982,75.0,74.91,0.03600000000000137,0.018000000000000682,0.09000000000000341,0.022500000000000853
PR_DEF_NB_A_20250902-184425_01864.jpg,stream_images/PR_DEF_NB_A_20250902-184425_01864.jpg,2025-09-02 18:44:25,사전공정,불량,납부족 검사군,1864,R003523,25.56,25.51,25.39,25.31,25.24,50.03,50.31,50.88,51.78,52.2,0.2042,0.2,0.2,0.2,0.2,0.0485,0.0493,0.0498,0.0498,0.05,60.42,60.91,61.42,62.27,62.56,25.402,51.04,0.20084,0.04948,61.516000000000005,3.553686455460951,3.8050823068892266,True,EWMA 상한 이탈,가속도,60.744830502213695,진동,23.066137269047747,컨베이어 이송계열 점검,25.402,25.56,25.24,0.11956588142108154,-0.08400000000000034,0.3200000000000003,0.08000000000000007,51.04,52.2,50.03,0.8332826651263066,0.5810000000000002,2.1700000000000017,0.5425000000000004,0.20084,0.2042,0.2,0.0016799999999999925,-0.0008399999999999963,0.0041999999999999815,0.0010499999999999954,0.04948,0.05,0.0485,0.0005418486873657622,0.0003500000000000003,0.0015000000000000013,0.00037500000000000033,61.516000000000005,62.56,60.42,0.8045023306367745,0.5640000000000007,2.1400000000000006,0.5350000000000001
PR_DEF_NB_A_20250902-184441_01865.jpg,stream_images/PR_DEF_NB_A_20250902-184441_01865.jpg,2025-09-02 18:44:41,사전공정,불량,납부족 검사군,1865,R003524,23.37,23.21,23.0,23.0,23.0,67.8,67.57,67.06,66.6,66.77,0.4721,0.4536,0.4333,0.4091,0.3884,0.0166,0.0187,0.0218,0.0247,0.027,62.28,61.55,60.86,60.43,60.0,23.116,67.16,0.43129999999999996,0.021759999999999998,61.024,3.79390921127171,3.802847687765724,True,EWMA+단일점,습도,60.34427326381176,온도,17.835833574745926,자재 보관 환경 점검,23.116,23.37,23.0,0.15081114017207128,-0.09500000000000028,0.370000000000001,0.09250000000000025,67.16,67.8,66.6,0.4589989106740886,-0.3030000000000001,1.2000000000000028,0.34250000000000114,0.43129999999999996,0.4721,0.3884,0.0299972665421368,-0.021189999999999997,0.0837,0.020925,0.021759999999999998,0.027,0.0166,0.0037971568311040297,0.0026799999999999997,0.0104,0.0026,61.024,62.28,60.0,0.810249344337902,-0.568,2.280000000000001,0.5700000000000003
PR_DEF_NB_A_20250902-184446_01866.jpg,stream_images/PR_DEF_NB_A_20250902-184446_01866.jpg,2025-09-02 18:44:46,사전공정,불량,납부족 검사군,1866,R003525,24.62,24.48,24.35,24.29,24.19,49.98,49.59,48.78,48.32,47.52,0.3936,0.3891,0.3829,0.377,0.3722,0.0495,0.049,0.0484,0.0475,0.0476,65.28,64.37,63.19,62.34,61.57,24.386000000000003,48.838,0.38296,0.048400000000000006,63.35,2.886053424381903,3.61948883508896,True,EWMA 상한 이탈,가속도,83.72319429963129,소음,10.89617123564459,컨베이어 이송계열 점검,24.386000000000003,24.62,24.19,0.15001333274079348,-0.10500000000000007,0.4299999999999997,0.10749999999999993,48.838,49.98,47.52,0.8807360558078667,-0.6189999999999991,2.4599999999999937,0.6149999999999984,0.38296,0.3936,0.3722,0.007774471043099983,-0.005490000000000006,0.02140000000000003,0.0053500000000000075,0.048400000000000006,0.0495,0.0475,0.000777174369109018,-0.0005299999999999999,0.0020000000000000018,0.0005250000000000012,63.35,65.28,61.57,1.340104473539284,-0.9450000000000003,3.710000000000001,0.9275000000000002
PR_DEF_NB_A_20250902-184453_01867.jpg,stream_images/PR_DEF_NB_A_20250902-184453_01867.jpg,2025-09-02 18:44:53,사전공정,불량,납부족 검사군,1867,R003526,26.05,26.36,26.66,26.99,27.0,40.26,40.38,40.31,40.6,40.71,0.4721,0.4955,0.5,0.5,0.5,0.0436,0.0441,0.0443,0.0445,0.0449,69.4,68.36,67.31,65.89,64.77,26.612000000000002,40.452000000000005,0.49352,0.04428,67.14599999999999,3.460417954722087,3.587674659015585,True,EWMA 상한 이탈,가속도,39.26087365580191,습도,23.06303434150139,컨베이어 이송계열 점검,26.612000000000002,27.0,26.05,0.36744523401453943,0.2529999999999998,0.9499999999999993,0.23749999999999982,40.452000000000005,40.71,40.26,0.1735972350010222,0.11200000000000046,0.45000000000000284,0.14750000000000085,0.49352,0.5,0.4721,0.010850880148633097,0.006029999999999996,0.02789999999999998,0.006974999999999995,0.04428,0.0449,0.0436,0.0004308131845707608,0.00030000000000000024,0.0013000000000000025,0.00032500000000000064,67.14599999999999,69.4,64.77,1.6615727489339758,-1.1730000000000018,4.63000000000001,1.1575000000000024
PR_DEF_NB_A_20250902-184509_01868.jpg,stream_images/PR_DEF_NB_A_20250902-184509_01868.jpg,2025-09-02 18:45:09,사전공정,불량,납부족 검사군,1868,R003527,24.22,24.42,24.6,24.72,24.93,42.47,43.26,43.79,44.62,45.46,0.5786,0.5715,0.5649,0.5537,0.5452,0.0101,0.01,0.01,0.01,0.01,70.29,68.84,68.09,66.86,65.7,24.578000000000003,43.92,0.56278,0.010020000000000001,67.95599999999999,3.1621168647817712,3.5025631001688224,True,EWMA 상한 이탈,진동,58.09504774570955,가속도,29.056902108939063,실장 설비(마운터) 점검,24.578000000000003,24.93,24.22,0.24399999999999994,0.17199999999999988,0.7100000000000009,0.1775000000000002,43.92,45.46,42.47,1.0408265945872064,0.7340000000000003,2.990000000000002,0.7475000000000005,0.56278,0.5786,0.5452,0.012019217944608543,-0.00846,0.033399999999999985,0.008349999999999996,0.010020000000000001,0.0101,0.01,3.999999999999976e-05,-1.999999999999988e-05,9.99999999999994e-05,2.499999999999985e-05,67.95599999999999,70.29,65.7,1.5835226553478814,-1.116000000000001,4.590000000000003,1.1475000000000009
PR_DEF_NB_A_20250902-184526_01869.jpg,stream_images/PR_DEF_NB_A_20250902-184526_01869.jpg,2025-09-02 18:45:26,사전공정,불량,납부족 검사군,1869,R003528,26.56,26.27,26.03,25.73,25.46,79.89,79.34,79.05,78.49,77.84,0.4224,0.3979,0.3871,0.364,0.3428,0.0106,0.012,0.0126,0.0134,0.015,74.44,74.85,75.0,75.0,75.0,26.01,78.922,0.38284,0.01272,74.85799999999999,5.562669673398551,3.914584414814769,True,EWMA+단일점,습도,81.54842097844053,소음,9.226842986859653,자재 보관 환경 점검,26.01,26.56,25.46,0.3876596445337062,-0.27399999999999947,1.0999999999999979,0.27499999999999947,78.922,79.89,77.84,0.7050503528117691,-0.4950000000000003,2.049999999999997,0.5124999999999993,0.38284,0.4224,0.3428,0.027452111029937207,-0.01931,0.0796,0.0199,0.01272,0.015,0.0106,0.001462053350599765,0.0010199999999999999,0.004399999999999999,0.0010999999999999998,74.85799999999999,75.0,74.44,0.2169239498073009,0.12700000000000103,0.5600000000000023,0.14000000000000057
PR_DEF_NB_A_20250902-184544_01870.jpg,stream_images/PR_DEF_NB_A_20250902-184544_01870.jpg,2025-09-02 18:45:44,사전공정,불량,납부족 검사군,1870,R003529,26.19,26.12,25.97,25.86,25.75,58.34,59.12,60.0,60.0,60.0,0.5186,0.5257,0.5352,0.5439,0.5497,0.0256,0.0251,0.0255,0.0254,0.0262,62.94,63.41,64.51,65.48,66.18,25.977999999999998,59.492000000000004,0.5346200000000001,0.02556,64.504,2.8478047252789063,3.7012284769075965,True,EWMA 상한 이탈,진동,52.909342377664416,습도,32.5567898807019,실장 설비(마운터) 점검,25.977999999999998,26.19,25.75,0.16191355718407335,-0.1140000000000004,0.4400000000000013,0.11000000000000032,59.492000000000004,60.0,58.34,0.6692802103752947,0.4199999999999996,1.6599999999999966,0.41499999999999915,0.5346200000000001,0.5497,0.5186,0.011402350634847206,0.008040000000000014,0.031100000000000017,0.007775000000000004,0.02556,0.0262,0.0251,0.00036110940170535613,0.0001499999999999998,0.0011000000000000003,0.0004499999999999999,64.504,66.18,62.94,1.216923991052855,0.8550000000000025,3.240000000000009,0.8100000000000023
PR_DEF_NB_A_20250902-184550_01871.jpg,stream_images/PR_DEF_NB_A_20250902-184550_01871.jpg,2025-09-02 18:45:50,사전공정,불량,납부족 검사군,1871,R003530,23.18,23.47,23.69,23.95,24.24,42.3,42.38,42.48,42.96,43.72,0.255,0.2532,0.2537,0.2568,0.26,0.0148,0.0123,0.0102,0.01,0.01,87.54,87.87,87.78,87.98,88.45,23.706,42.768,0.25573999999999997,0.011460000000000001,87.924,5.280825758135284,4.017147933153134,True,EWMA+단일점,소음,77.48801604530296,가속도,8.358695489868486,설비 가동 소음원 점검,23.706,24.24,23.18,0.3680543438135186,0.2599999999999998,1.0599999999999987,0.2649999999999997,42.768,43.72,42.3,0.5283332281808519,0.3420000000000002,1.4200000000000017,0.3550000000000004,0.25573999999999997,0.26,0.2532,0.0024670630312174915,0.00136,0.006800000000000028,0.002150000000000013,0.011460000000000001,0.0148,0.01,0.0018821264569629749,-0.00119,0.0048000000000000004,0.0012000000000000001,87.924,88.45,87.54,0.3003065100859446,0.19299999999999926,0.9099999999999966,0.27250000000000085
PR_DEF_NB_A_20250902-184553_01872.jpg,stream_images/PR_DEF_NB_A_20250902-184553_01872.jpg,2025-09-02 18:45:53,사전공정,불량,납부족 검사군,1872,R003531,25.27,25.49,25.66,25.85,26.01,57.91,58.17,58.25,58.25,58.53,0.5609,0.5514,0.5451,0.5377,0.5322,0.0161,0.0143,0.012,0.0101,0.01,62.23,63.25,64.32,65.59,66.9,25.656,58.222,0.5454600000000001,0.0125,64.458,3.1061253794082644,3.83494342240416,True,EWMA 상한 이탈,진동,50.22288497800999,가속도,20.766174019680115,실장 설비(마운터) 점검,25.656,26.01,25.27,0.2605839595984382,0.1840000000000007,0.740000000000002,0.1850000000000005,58.222,58.53,57.91,0.1982321870938232,0.13200000000000073,0.6200000000000045,0.15500000000000114,0.5454600000000001,0.5609,0.5322,0.01009803941366837,-0.007109999999999994,0.028699999999999948,0.007174999999999987,0.0125,0.0161,0.01,0.002385791273351464,-0.0016399999999999997,0.0060999999999999995,0.0015249999999999999,64.458,66.9,62.23,1.6545138258715189,1.1680000000000021,4.670000000000009,1.1675000000000022
PR_DEF_NB_A_20250902-184608_01873.jpg,stream_images/PR_DEF_NB_A_20250902-184608_01873.jpg,2025-09-02 18:46:08,사전공정,불량,납부족 검사군,1873,R003532,23.5,23.29,23.08,23.0,23.0,78.06,77.75,77.72,77.96,77.96,0.3237,0.3088,0.2943,0.2773,0.2547,0.015,0.0153,0.0157,0.0161,0.016,74.17,73.29,72.56,71.83,71.01,23.174,77.89,0.29175999999999996,0.01562,72.572,5.347632007535404,4.137481139430409,True,EWMA+단일점,습도,81.25626273958738,온도,8.511172439923536,자재 보관 환경 점검,23.174,23.5,23.0,0.19448393249829157,-0.12899999999999992,0.5,0.125,77.89,78.06,77.72,0.13206059215375296,0.0009999999999976694,0.3400000000000034,0.14499999999999957,0.29175999999999996,0.3237,0.2547,0.02408116276262424,-0.016950000000000003,0.069,0.01725,0.01562,0.0161,0.015,0.0004166533331199934,0.0002800000000000002,0.0011000000000000003,0.0002999999999999999,72.572,74.17,71.01,1.1008796482813188,-0.7780000000000001,3.1599999999999966,0.7899999999999991
PR_DEF_NB_A_20250902-184610_01874.jpg,stream_images/PR_DEF_NB_A_20250902-184610_01874.jpg,2025-09-02 18:46:10,사전공정,불량,납부족 검사군,1874,R003533,26.95,26.83,26.72,26.57,26.48,67.81,67.23,66.93,66.59,66.0,0.48,0.5,0.5,0.5,0.5,0.02,0.0194,0.0188,0.0186,0.0185,69.51,69.98,70.86,71.34,71.9,26.709999999999997,66.912,0.496,0.01906,70.718,3.8035603354051988,4.070696978625367,True,EWMA+단일점,습도,59.23688053621691,진동,18.781942901429908,자재 보관 환경 점검,26.709999999999997,26.95,26.48,0.17005881335584988,-0.11999999999999958,0.46999999999999886,0.11749999999999972,66.912,67.81,66.0,0.6071704867662796,-0.4260000000000005,1.8100000000000023,0.45250000000000057,0.496,0.5,0.48,0.008000000000000007,0.0040000000000000036,0.020000000000000018,0.0050000000000000044,0.01906,0.02,0.0185,0.000564269439186636,-0.00038000000000000045,0.0015000000000000013,0.00037500000000000033,70.718,71.9,69.51,0.8727061361076819,0.6140000000000001,2.3900000000000006,0.5975000000000001
PR_DEF_NB_A_20250902-184657_01875.jpg,stream_images/PR_DEF_NB_A_20250902-184657_01875.jpg,2025-09-02 18:46:57,사전공정,불량,납부족 검사군,1875,R003534,23.61,23.83,24.06,24.25,24.5,46.06,45.59,44.91,44.32,43.82,0.4601,0.4795,0.4964,0.5,0.5,0.034,0.036,0.0378,0.0391,0.04,89.4,89.92,90.0,90.0,90.0,24.05,44.94,0.48719999999999997,0.037380000000000004,89.864,5.652650625373551,4.387087707975004,True,EWMA+단일점,소음,81.9299349256983,진동,7.4547293324582915,설비 가동 소음원 점검,24.05,24.5,23.61,0.31131977129633165,0.22000000000000028,0.8900000000000006,0.22250000000000014,44.94,46.06,43.82,0.8144445960284847,-0.5750000000000007,2.240000000000002,0.5600000000000005,0.48719999999999997,0.5,0.4601,0.015530743704021388,0.01003,0.03989999999999999,0.009974999999999998,0.037380000000000004,0.04,0.034,0.00216,0.0015100000000000003,0.005999999999999998,0.0014999999999999996,89.864,90.0,89.4,0.23405982141324252,0.1279999999999987,0.5999999999999943,0.14999999999999858
PR_DEF_NB_A_20250902-184713_01876.jpg,stream_images/PR_DEF_NB_A_20250902-184713_01876.jpg,2025-09-02 18:47:13,사전공정,불량,납부족 검사군,1876,R003535,25.43,25.57,25.68,25.8,25.92,75.03,75.64,75.59,75.85,75.99,0.4813,0.495,0.5,0.5,0.5,0.0197,0.0186,0.0169,0.0149,0.0133,61.32,60.98,60.36,60.0,60.0,25.68,75.62,0.49526000000000003,0.01668,60.532,5.088364897809656,4.527343145941934,True,EWMA+단일점,습도,75.19999421848752,진동,10.253865207065985,자재 보관 환경 점검,25.68,25.92,25.43,0.17123083834403258,0.12100000000000044,0.490000000000002,0.1225000000000005,75.62,75.99,75.03,0.32839001202837825,0.21299999999999814,0.9599999999999937,0.264999999999997,0.49526000000000003,0.5,0.4813,0.0072436454910493765,0.004239999999999999,0.018699999999999994,0.004674999999999999,0.01668,0.0197,0.0133,0.002342989543297195,-0.0016499999999999998,0.0063999999999999994,0.0015999999999999999,60.532,61.32,60.0,0.5324058602231944,-0.36199999999999977,1.3200000000000003,0.33000000000000007
PR_DEF_NB_A_20250902-184736_01877.jpg,stream_images/PR_DEF_NB_A_20250902-184736_01877.jpg,2025-09-02 18:47:36,사전공정,불량,납부족 검사군,1877,R003536,25.55,25.73,25.88,26.04,26.21,52.8,52.95,52.89,52.91,52.98,0.2902,0.3181,0.3382,0.3597,0.3797,0.0492,0.0495,0.05,0.05,0.05,70.63,69.71,69.16,68.23,67.5,25.881999999999998,52.90599999999999,0.33718,0.04973999999999999,69.04599999999999,2.964414989778274,4.214757514709202,True,EWMA 상한 이탈,가속도,88.9454815621616,온도,6.61488238213068,컨베이어 이송계열 점검,25.881999999999998,26.21,25.55,0.230599219426259,0.1629999999999999,0.6600000000000001,0.16500000000000004,52.90599999999999,52.98,52.8,0.06151422599691935,0.03199999999999932,0.17999999999999972,0.07500000000000107,0.33718,0.3797,0.2902,0.03126438229039556,0.022059999999999996,0.08949999999999997,0.022374999999999992,0.04973999999999999,0.05,0.0492,0.0003322649545167237,0.00021000000000000047,0.0008000000000000021,0.00020000000000000052,69.04599999999999,70.63,67.5,1.0971709073795175,-0.773999999999998,3.1299999999999955,0.7824999999999989
PR_DEF_NB_A_20250902-184748_01878.jpg,stream_images/PR_DEF_NB_A_20250902-184748_01878.jpg,2025-09-02 18:47:48,사전공정,불량,납부족 검사군,1878,R003537,23.09,23.31,23.56,23.8,24.0,49.72,49.3,49.01,48.99,48.54,0.4814,0.4589,0.438,0.4172,0.3928,0.0259,0.0244,0.023,0.0215,0.0212,87.0,86.4,85.3,84.51,83.92,23.552,49.112,0.43766,0.0232,85.426,4.401297196097246,4.2520654509868105,True,EWMA+단일점,소음,86.77579486640819,온도,7.884015768220349,설비 가동 소음원 점검,23.552,24.0,23.09,0.3268883601476201,0.23100000000000023,0.9100000000000001,0.22750000000000004,49.112,49.72,48.54,0.38922487073669854,-0.26699999999999946,1.1799999999999997,0.29499999999999993,0.43766,0.4814,0.3928,0.03096924926439128,-0.02189,0.08860000000000001,0.022150000000000003,0.0232,0.0259,0.0212,0.0017697457444503155,-0.0012300000000000002,0.004699999999999999,0.0011749999999999998,85.426,87.0,83.92,1.1444754256863707,-0.8049999999999997,3.0799999999999983,0.7699999999999996
PR_DEF_NB_A_20250902-184752_01879.jpg,stream_images/PR_DEF_NB_A_20250902-184752_01879.jpg,2025-09-02 18:47:52,사전공정,불량,납부족 검사군,1879,R003538,23.57,23.76,23.88,24.06,24.26,78.25,78.02,77.29,77.38,76.73,0.4344,0.4569,0.4762,0.4979,0.5,0.0309,0.0319,0.0332,0.034,0.0357,68.94,69.16,68.81,68.42,68.48,23.906,77.534,0.47308000000000006,0.03314,68.762,5.125675110499765,4.426787382889401,True,EWMA+단일점,습도,85.94272175981989,진동,7.2624566255115806,자재 보관 환경 점검,23.906,24.26,23.57,0.23829393613770375,0.16799999999999998,0.6900000000000013,0.17250000000000032,77.534,78.25,76.73,0.5437867228978633,-0.36799999999999927,1.519999999999996,0.4249999999999936,0.47308000000000006,0.5,0.4344,0.024933463457770966,0.017220000000000003,0.06559999999999999,0.016399999999999998,0.03314,0.0357,0.0309,0.0016644518617250556,0.001170000000000001,0.004800000000000002,0.0012000000000000005,68.762,69.16,68.42,0.2788834882168513,-0.16599999999999823,0.7399999999999949,0.254999999999999
PR_DEF_NB_A_20250902-184754_01880.jpg,stream_images/PR_DEF_NB_A_20250902-184754_01880.jpg,2025-09-02 18:47:54,사전공정,불량,납부족 검사군,1880,R003539,23.82,23.53,23.29,23.0,23.0,59.02,59.72,60.0,60.0,60.0,0.513,0.5078,0.5058,0.5058,0.5055,0.0148,0.0166,0.0179,0.0189,0.0202,74.49,75.0,75.0,75.0,75.0,23.328,59.748000000000005,0.50758,0.017679999999999998,74.898,3.4065296870651616,4.2227358437245535,True,EWMA 상한 이탈,진동,27.261183094404135,소음,24.75192577482259,실장 설비(마운터) 점검,23.328,23.82,23.0,0.3160632848022689,-0.21700000000000016,0.8200000000000003,0.20500000000000007,59.748000000000005,60.0,59.02,0.37981047905501386,0.22399999999999948,0.9799999999999969,0.24499999999999922,0.50758,0.513,0.5055,0.00283153668526474,-0.0017000000000000127,0.007500000000000062,0.0018750000000000155,0.017679999999999998,0.0202,0.0148,0.0018626862323000077,0.0013099999999999997,0.0053999999999999986,0.0013499999999999996,74.898,75.0,74.49,0.20400000000000207,0.10200000000000102,0.5100000000000051,0.12750000000000128
PR_DEF_NB_A_20250902-184903_01881.jpg,stream_images/PR_DEF_NB_A_20250902-184903_01881.jpg,2025-09-02 18:49:03,사전공정,불량,납부족 검사군,1881,R003540,23.72,23.56,23.41,23.2,23.0,40.7,41.19,41.52,42.33,43.05,0.4216,0.4274,0.4304,0.4389,0.4419,0.0135,0.0109,0.01,0.01,0.01,89.49,90.0,90.0,90.0,90.0,23.378,41.758,0.43204000000000004,0.01088,89.898,5.788370158864796,4.535862706752602,True,EWMA+단일점,소음,78.01932666774837,가속도,7.607812885082556,설비 가동 소음원 점검,23.378,23.72,23.0,0.25521755425518794,-0.17999999999999972,0.7199999999999989,0.17999999999999972,41.758,43.05,40.7,0.8360717672544606,0.583999999999999,2.3499999999999943,0.5874999999999986,0.43204000000000004,0.4419,0.4216,0.007449724827132892,0.005210000000000009,0.02030000000000004,0.00507500000000001,0.01088,0.0135,0.01,0.0013555810562264432,-0.0007899999999999999,0.0034999999999999996,0.0008749999999999999,89.898,90.0,89.49,0.20400000000000207,0.10200000000000102,0.5100000000000051,0.12750000000000128
PR_DEF_NB_A_20250902-184904_01882.jpg,stream_images/PR_DEF_NB_A_20250902-184904_01882.jpg,2025-09-02 18:49:04,사전공정,불량,납부족 검사군,1882,R003541,25.41,25.15,24.84,24.57,24.32,47.18,47.89,48.46,48.52,48.95,0.4231,0.4085,0.3994,0.3844,0.3742,0.0443,0.0438,0.0437,0.0434,0.0424,71.23,70.0,68.92,67.69,66.37,24.857999999999997,48.2,0.39791999999999994,0.043519999999999996,68.84200000000001,2.203617358220174,4.069413637046117,True,EWMA 상한 이탈,가속도,89.83386883825494,진동,5.812395319433198,컨베이어 이송계열 점검,24.857999999999997,25.41,24.32,0.39055857435217034,-0.2759999999999998,1.0899999999999999,0.27249999999999996,48.2,48.95,47.18,0.6113918547053121,0.41700000000000087,1.7700000000000031,0.4425000000000008,0.39791999999999994,0.4231,0.3742,0.017283448729926553,-0.012189999999999996,0.0489,0.012225,0.043519999999999996,0.0443,0.0424,0.0006305553108173776,-0.00041999999999999953,0.001899999999999999,0.00047499999999999973,68.84200000000001,71.23,66.37,1.702203278107524,-1.203,4.859999999999999,1.2149999999999999
PR_DEF_NB_A_20250902-185027_01883.jpg,stream_images/PR_DEF_NB_A_20250902-185027_01883.jpg,2025-09-02 18:50:27,사전공정,불량,납부족 검사군,1883,R003542,24.15,24.04,23.88,23.79,23.7,47.74,47.02,46.28,46.08,45.67,0.441,0.4248,0.4074,0.394,0.3809,0.0217,0.0207,0.0199,0.0186,0.017,76.86,76.59,75.78,75.26,75.0,23.912,46.55800000000001,0.40962000000000004,0.01958,75.898,2.392493973499294,3.734029704336753,True,EWMA 상한 이탈,소음,64.2294289866858,온도,14.990918593625832,설비 가동 소음원 점검,23.912,24.15,23.7,0.16363373735266187,-0.11499999999999985,0.4499999999999993,0.11249999999999982,46.55800000000001,47.74,45.67,0.735510706924108,-0.5080000000000006,2.0700000000000003,0.5175000000000001,0.40962000000000004,0.441,0.3809,0.02139573789332819,-0.015099999999999997,0.06009999999999999,0.015024999999999997,0.01958,0.0217,0.017,0.0016412190591142913,-0.00115,0.004699999999999999,0.0011749999999999998,75.898,76.86,75.0,0.7254901791202961,-0.5049999999999997,1.8599999999999994,0.46499999999999986
PR_DEF_NB_A_20250902-185029_01884.jpg,stream_images/PR_DEF_NB_A_20250902-185029_01884.jpg,2025-09-02 18:50:29,사전공정,불량,납부족 검사군,1884,R003543,26.24,26.18,26.08,26.1,26.1,66.33,66.09,65.34,64.57,64.28,0.2826,0.2649,0.2439,0.2257,0.2075,0.0225,0.0202,0.0178,0.0157,0.0129,71.2,71.75,72.89,73.97,74.72,26.139999999999997,65.322,0.24492000000000003,0.017819999999999996,72.90599999999999,3.4268742334431552,3.6725986101580337,True,EWMA 상한 이탈,습도,60.274093901995016,소음,13.159981935577136,자재 보관 환경 점검,26.139999999999997,26.24,26.08,0.06066300355241182,-0.035999999999999234,0.16000000000000014,0.04500000000000082,65.322,66.33,64.28,0.8071530214277847,-0.5620000000000005,2.049999999999997,0.5124999999999993,0.24492000000000003,0.2826,0.2075,0.02679435761499052,-0.018940000000000005,0.07510000000000003,0.018775000000000007,0.017819999999999996,0.0225,0.0129,0.003354638579638647,-0.0023699999999999997,0.0096,0.0024,72.90599999999999,74.72,71.2,1.3167930741008615,0.925999999999999,3.519999999999996,0.879999999999999
PR_DEF_NB_A_20250902-185038_01885.jpg,stream_images/PR_DEF_NB_A_20250902-185038_01885.jpg,2025-09-02 18:50:38,사전공정,불량,납부족 검사군,1885,R003544,25.75,26.03,26.3,26.54,26.79,79.36,79.66,79.77,80.0,79.95,0.2565,0.2364,0.22,0.2068,0.2,0.0291,0.0277,0.0264,0.0252,0.0245,60.56,61.28,62.51,63.49,63.77,26.282,79.74799999999999,0.22393999999999997,0.02658,62.322,5.589506015815967,4.05598009128962,True,EWMA+단일점,습도,84.80863575335904,진동,6.656193425313164,자재 보관 환경 점검,26.282,26.79,25.75,0.36646418651759094,0.2589999999999996,1.0399999999999991,0.2599999999999998,79.74799999999999,80.0,79.36,0.22938177782901675,0.15200000000000102,0.6400000000000006,0.17249999999999943,0.22393999999999997,0.2565,0.2,0.020483320043391397,-0.014259999999999998,0.056499999999999995,0.014124999999999999,0.02658,0.0291,0.0245,0.0016654128617252838,-0.0011699999999999998,0.0046,0.00115,62.322,63.77,60.56,1.2398935438173717,0.8630000000000002,3.210000000000001,0.8025000000000002
PR_DEF_NB_A_20250902-185053_01886.jpg,stream_images/PR_DEF_NB_A_20250902-185053_01886.jpg,2025-09-02 18:50:53,사전공정,불량,납부족 검사군,1886,R003545,26.99,27.0,27.0,27.0,27.0,43.59,44.07,44.14,44.56,44.88,0.444,0.4237,0.4027,0.3812,0.365,0.0486,0.0488,0.049,0.0491,0.0492,72.72,73.41,74.48,75.0,75.0,26.998,44.248000000000005,0.40332,0.04894,74.122,3.7269447511439266,3.990173023260482,True,EWMA+단일점,가속도,52.47293289989382,온도,21.221894024597322,컨베이어 이송계열 점검,26.998,27.0,26.99,0.0040000000000006255,0.0020000000000003127,0.010000000000001563,0.002500000000000391,44.248000000000005,44.88,43.59,0.44115303467164313,0.30700000000000005,1.2899999999999991,0.3224999999999998,0.40332,0.444,0.365,0.0283841786916585,-0.020050000000000005,0.07900000000000001,0.019750000000000004,0.04894,0.0492,0.0486,0.0002154065922853805,0.00015000000000000012,0.0006000000000000033,0.00015000000000000083,74.122,75.0,72.72,0.9102175564116539,0.6150000000000005,2.280000000000001,0.5700000000000003
PR_DEF_NB_A_20250902-185105_01887.jpg,stream_images/PR_DEF_NB_A_20250902-185105_01887.jpg,2025-09-02 18:51:05,사전공정,불량,납부족 검사군,1887,R003546,26.82,26.64,26.51,26.36,26.21,46.62,47.09,48.01,48.93,49.63,0.4875,0.5,0.5,0.5,0.5,0.0258,0.0248,0.0244,0.0238,0.0233,82.61,82.35,82.31,82.12,81.61,26.508,48.056,0.49749999999999994,0.02442,82.2,3.991663798061286,3.990471178220643,True,EWMA+단일점,소음,71.2204972077578,진동,17.36341896792844,설비 가동 소음원 점검,26.508,26.82,26.21,0.2123581879749401,-0.15,0.6099999999999994,0.15249999999999986,48.056,49.63,46.62,1.1170246192452526,0.7860000000000007,3.010000000000005,0.7525000000000013,0.49749999999999994,0.5,0.4875,0.0050000000000000044,0.0025000000000000022,0.012500000000000011,0.0031250000000000028,0.02442,0.0258,0.0233,0.0008588364221433549,-0.0005999999999999995,0.0024999999999999988,0.0006249999999999997,82.2,82.61,81.61,0.33382630213930065,-0.22299999999999898,1.0,0.25
PR_DEF_NB_A_20250902-185128_01888.jpg,stream_images/PR_DEF_NB_A_20250902-185128_01888.jpg,2025-09-02 18:51:28,사전공정,불량,납부족 검사군,1888,R003547,26.49,26.74,27.0,27.0,27.0,47.48,46.83,45.8,45.5,45.13,0.4111,0.4288,0.4491,0.4629,0.4745,0.0123,0.0115,0.0108,0.0113,0.0111,81.05,80.63,80.21,79.81,79.24,26.845999999999997,46.148,0.44528,0.0114,80.188,3.865184326363619,3.9654138078492385,True,EWMA+단일점,소음,56.43041986102961,온도,16.898696694059883,설비 가동 소음원 점검,26.845999999999997,27.0,26.49,0.20450916849862819,0.12800000000000047,0.5100000000000016,0.1275000000000004,46.148,47.48,45.13,0.8736910208992635,-0.6029999999999986,2.3499999999999943,0.5874999999999986,0.44528,0.4745,0.4111,0.022885488852108865,0.016089999999999986,0.06339999999999996,0.01584999999999999,0.0114,0.0123,0.0108,0.0005059644256269406,-0.00026,0.0014999999999999996,0.0005499999999999993,80.188,81.05,79.24,0.6293615812869418,-0.4439999999999998,1.8100000000000023,0.45250000000000057
PR_DEF_NB_A_20250902-185159_01889.jpg,stream_images/PR_DEF_NB_A_20250902-185159_01889.jpg,2025-09-02 18:51:59,사전공정,불량,납부족 검사군,1889,R003548,23.58,23.6,23.66,23.6,23.61,67.25,67.05,67.34,67.09,66.95,0.3779,0.405,0.4401,0.4676,0.4908,0.0314,0.0319,0.0321,0.0318,0.0316,64.71,64.89,64.86,64.66,64.09,23.61,67.136,0.43628,0.03176,64.64200000000001,3.4622700397131756,3.864785054222026,True,EWMA 상한 이탈,습도,72.29935983071957,온도,11.637486166421459,자재 보관 환경 점검,23.61,23.66,23.58,0.0268328157299977,0.006000000000000227,0.08000000000000185,0.037499999999999645,67.136,67.34,66.95,0.14051334456200273,-0.05599999999999881,0.39000000000000057,0.22000000000000242,0.43628,0.4908,0.3779,0.04087695683389359,0.028839999999999998,0.1129,0.028225,0.03176,0.0321,0.0314,0.00024166091947189065,3.0000000000001553e-05,0.0006999999999999992,0.0002999999999999982,64.64200000000001,64.89,64.09,0.2893717332428982,-0.14699999999999847,0.7999999999999972,0.245000000000001
PR_DEF_NB_A_20250902-185214_01890.jpg,stream_images/PR_DEF_NB_A_20250902-185214_01890.jpg,2025-09-02 18:52:14,사전공정,불량,납부족 검사군,1890,R003549,25.18,25.26,25.38,25.43,25.5,58.88,59.26,59.63,59.75,59.79,0.4825,0.4749,0.4632,0.4569,0.4436,0.048,0.0483,0.0479,0.0478,0.0478,60.71,60.82,60.9,60.91,60.91,25.35,59.462,0.46421999999999997,0.04796,60.85,3.6434895208452986,3.820525947546681,True,EWMA+단일점,가속도,50.004631422860946,습도,19.72026789089952,컨베이어 이송계열 점검,25.35,25.5,25.18,0.11558546621439886,0.08099999999999988,0.3200000000000003,0.08000000000000007,59.462,59.79,58.88,0.3459132839311026,0.2309999999999995,0.9099999999999966,0.22749999999999915,0.46421999999999997,0.4825,0.4436,0.013623714618267661,-0.00958,0.03889999999999999,0.009724999999999998,0.04796,0.0483,0.0478,0.00018547236990991444,-8.99999999999998e-05,0.0005000000000000004,0.00020000000000000052,60.85,60.91,60.71,0.07771743691090022,0.04899999999999878,0.19999999999999574,0.049999999999998934
PR_DEF_NB_A_20250902-185234_01891.jpg,stream_images/PR_DEF_NB_A_20250902-185234_01891.jpg,2025-09-02 18:52:34,사전공정,불량,납부족 검사군,1891,R003550,25.88,25.87,25.81,25.78,25.74,58.08,57.83,58.0,58.45,58.76,0.5896,0.579,0.5703,0.5612,0.5547,0.0301,0.0308,0.0317,0.0328,0.0342,61.31,60.13,60.0,60.0,60.0,25.816000000000003,58.224000000000004,0.57096,0.03192,60.288,3.4466124701593577,3.7457432520692167,True,EWMA 상한 이탈,진동,51.58658099405379,소음,22.69912705819297,실장 설비(마운터) 점검,25.816000000000003,25.88,25.74,0.05314132102234597,-0.0370000000000001,0.14000000000000057,0.03500000000000014,58.224000000000004,58.76,57.83,0.33601190455101465,0.1980000000000004,0.9299999999999997,0.29499999999999993,0.57096,0.5896,0.5547,0.012427163795492519,-0.00876,0.03490000000000004,0.00872500000000001,0.03192,0.0342,0.0301,0.0014551975810865006,0.0010200000000000007,0.004100000000000003,0.0010250000000000007,60.288,61.31,60.0,0.5134744394806822,-0.2750000000000007,1.3100000000000023,0.32750000000000057
PR_DEF_NB_A_20250902-185330_01892.jpg,stream_images/PR_DEF_NB_A_20250902-185330_01892.jpg,2025-09-02 18:53:30,사전공정,불량,납부족 검사군,1892,R003551,25.09,24.93,24.77,24.64,24.5,53.13,52.78,52.4,52.14,51.9,0.3591,0.3574,0.3599,0.3569,0.3565,0.0172,0.0193,0.0206,0.0225,0.0245,80.6,80.23,80.0,80.15,80.07,24.785999999999998,52.46999999999999,0.35796,0.020819999999999998,80.21000000000001,2.984748721828356,3.5935443460210448,True,EWMA 상한 이탈,소음,95.07430386234826,가속도,2.5566318314217793,설비 가동 소음원 점검,24.785999999999998,25.09,24.5,0.2080961316315129,-0.14699999999999988,0.5899999999999999,0.14749999999999996,52.46999999999999,53.13,51.9,0.44054511687226894,-0.31000000000000083,1.230000000000004,0.307500000000001,0.35796,0.3599,0.3565,0.0013139254164525472,-0.0005699999999999982,0.003400000000000014,0.001899999999999999,0.020819999999999998,0.0245,0.0172,0.002523014070511697,0.00178,0.007300000000000001,0.0018250000000000002,80.21000000000001,80.6,80.0,0.2096664016956446,-0.11400000000000006,0.5999999999999943,0.20750000000000313
PR_DEF_NB_A_20250902-185331_01893.jpg,stream_images/PR_DEF_NB_A_20250902-185331_01893.jpg,2025-09-02 18:53:31,사전공정,불량,납부족 검사군,1893,R003552,24.23,24.13,24.03,23.92,23.84,52.91,52.84,52.78,52.62,52.42,0.5535,0.5565,0.5601,0.5663,0.5689,0.0206,0.0201,0.0189,0.0187,0.0178,74.18,73.71,73.08,72.51,71.56,24.03,52.714,0.56106,0.01922,73.008,2.938745769674628,3.4625846307517616,True,EWMA 상한 이탈,진동,66.09242143148528,소음,18.460016107407768,실장 설비(마운터) 점검,24.03,24.23,23.84,0.14014278433083854,-0.09899999999999984,0.39000000000000057,0.09750000000000014,52.714,52.91,52.42,0.17545369759569,-0.11999999999999958,0.4899999999999949,0.12249999999999872,0.56106,0.5689,0.5535,0.005792961246202149,0.004059999999999997,0.01539999999999997,0.0038499999999999923,0.01922,0.0206,0.0178,0.0010067770358922574,-0.0006999999999999999,0.0028000000000000004,0.0007000000000000001,73.008,74.18,71.56,0.9182897146325875,-0.6439999999999998,2.6200000000000045,0.6550000000000011
PR_DEF_NB_A_20250902-185413_01894.jpg,stream_images/PR_DEF_NB_A_20250902-185413_01894.jpg,2025-09-02 18:54:13,사전공정,불량,납부족 검사군,1894,R003553,24.88,24.96,25.04,25.12,25.21,50.95,50.81,50.55,50.13,50.15,0.5374,0.545,0.5548,0.5625,0.5678,0.0168,0.018,0.019,0.0211,0.0218,60.64,61.35,62.05,62.72,63.59,25.042,50.518,0.5535,0.01934,62.07000000000001,2.6892700054554988,3.307921705692509,True,EWMA 상한 이탈,진동,72.73671889956026,소음,21.430346989304773,실장 설비(마운터) 점검,25.042,25.21,24.88,0.11600000000000055,0.08200000000000038,0.33000000000000185,0.08250000000000046,50.518,50.95,50.13,0.3343291791034706,-0.2280000000000008,0.8200000000000003,0.20999999999999908,0.5535,0.5678,0.5374,0.011123308860226788,0.007829999999999993,0.030399999999999983,0.007599999999999996,0.01934,0.0218,0.0168,0.0018714700104463342,0.0013100000000000004,0.005000000000000001,0.0012500000000000002,62.07000000000001,63.59,60.64,1.0292327239259356,0.7270000000000003,2.950000000000003,0.7375000000000007
PR_DEF_NB_A_20250902-185449_01895.jpg,stream_images/PR_DEF_NB_A_20250902-185449_01895.jpg,2025-09-02 18:54:49,사전공정,불량,납부족 검사군,1895,R003554,24.79,24.73,24.66,24.61,24.56,46.77,46.89,47.06,47.4,47.32,0.2886,0.3122,0.3361,0.3597,0.3871,0.0205,0.0177,0.0162,0.0142,0.0116,75.8,76.25,76.67,77.06,77.7,24.669999999999998,47.088,0.33674000000000004,0.01604,76.696,2.4046292716092874,3.127263218875865,True,EWMA 상한 이탈,소음,75.88031553698042,가속도,17.754898303645135,설비 가동 소음원 점검,24.669999999999998,24.79,24.56,0.08221921916437809,-0.05800000000000018,0.23000000000000043,0.05750000000000011,47.088,47.4,46.77,0.24177675653378963,0.16099999999999923,0.6299999999999955,0.17749999999999844,0.33674000000000004,0.3871,0.2886,0.03459298194721004,0.02445,0.09849999999999998,0.024624999999999994,0.01604,0.0205,0.0116,0.0030256239026025694,-0.0021300000000000004,0.008900000000000002,0.0022250000000000004,76.696,77.7,75.8,0.6546632722247389,0.46100000000000135,1.9000000000000057,0.4750000000000014
PR_DEF_NB_A_20250902-185454_01896.jpg,stream_images/PR_DEF_NB_A_20250902-185454_01896.jpg,2025-09-02 18:54:54,사전공정,불량,납부족 검사군,1896,R003555,25.32,25.41,25.45,25.54,25.63,58.48,58.61,59.03,59.3,59.54,0.3629,0.3581,0.36,0.3583,0.3621,0.0336,0.0332,0.035,0.036,0.0377,75.98,75.39,75.52,75.82,75.56,25.47,58.992000000000004,0.36028000000000004,0.0351,75.654,2.7249491811625264,3.0468004113331975,True,EWMA 상한 이탈,소음,47.363955450776594,습도,32.57444264455944,설비 가동 소음원 점검,25.47,25.63,25.32,0.10677078252031263,0.07499999999999965,0.3099999999999987,0.07749999999999968,58.992000000000004,59.54,58.48,0.4011682938618158,0.28100000000000025,1.0600000000000023,0.26500000000000057,0.36028000000000004,0.3629,0.3581,0.0019456618411224501,-0.00014000000000000123,0.0048000000000000265,0.003049999999999997,0.0351,0.0377,0.0332,0.001639512122553535,0.0010999999999999996,0.004499999999999997,0.0012249999999999987,75.654,75.98,75.39,0.21462525480474132,-0.04100000000000108,0.5900000000000034,0.31999999999999673
PR_DEF_NB_A_20250902-185527_01897.jpg,stream_images/PR_DEF_NB_A_20250902-185527_01897.jpg,2025-09-02 18:55:27,사전공정,불량,납부족 검사군,1897,R003556,26.27,26.02,25.81,25.62,25.38,42.06,41.79,41.47,41.08,40.88,0.5015,0.51,0.5192,0.525,0.531,0.018,0.0159,0.0136,0.0114,0.01,62.95,63.23,63.15,63.22,63.39,25.82,41.455999999999996,0.51734,0.01378,63.188,2.9847467982100047,3.034389688708559,True,EWMA 상한 이탈,진동,40.002059634447114,습도,25.0960693537342,실장 설비(마운터) 점검,25.82,26.27,25.38,0.3086097859757529,-0.21799999999999997,0.8900000000000006,0.22250000000000014,41.455999999999996,42.06,40.88,0.43582565321467726,-0.30700000000000005,1.1799999999999997,0.29499999999999993,0.51734,0.531,0.5015,0.01052152080262167,0.007400000000000018,0.02950000000000008,0.00737500000000002,0.01378,0.018,0.01,0.0029081953166869654,-0.0020499999999999997,0.007999999999999998,0.0019999999999999996,63.188,63.39,62.95,0.14260434775980615,0.08699999999999974,0.4399999999999977,0.14999999999999858
PR_DEF_NB_A_20250902-185533_01898.jpg,stream_images/PR_DEF_NB_A_20250902-185533_01898.jpg,2025-09-02 18:55:33,사전공정,불량,납부족 검사군,1898,R003557,26.29,26.49,26.66,26.86,27.0,51.0,51.5,52.28,53.01,53.86,0.2501,0.2538,0.261,0.265,0.2767,0.046,0.0452,0.045,0.0448,0.0443,70.48,69.66,69.16,68.06,67.15,26.660000000000004,52.33,0.26132,0.04506,68.902,2.9182783150613516,3.0111674139791176,True,EWMA 상한 이탈,가속도,60.6092027713614,온도,24.14388391331756,컨베이어 이송계열 점검,26.660000000000004,27.0,26.29,0.25353500744473173,0.17900000000000027,0.7100000000000009,0.1775000000000002,52.33,53.86,51.0,1.0260214422710663,0.7229999999999996,2.8599999999999994,0.7149999999999999,0.26132,0.2767,0.2501,0.009301913781582799,0.006440000000000001,0.026600000000000013,0.006650000000000003,0.04506,0.046,0.0443,0.0005571355310873647,-0.0003799999999999998,0.0017000000000000001,0.00042500000000000003,68.902,70.48,67.15,1.1755577399685635,-0.8259999999999991,3.3299999999999983,0.8324999999999996
PR_DEF_NB_A_20250902-185546_01899.jpg,stream_images/PR_DEF_NB_A_20250902-185546_01899.jpg,2025-09-02 18:55:46,사전공정,불량,납부족 검사군,1899,R003558,23.51,23.74,23.95,24.16,24.38,52.69,51.9,51.35,50.97,50.35,0.5797,0.5837,0.5866,0.5877,0.5881,0.0149,0.0131,0.0103,0.01,0.01,68.85,69.26,69.18,69.41,69.7,23.948,51.452,0.5851599999999999,0.01166,69.28,3.2302496516621404,3.0549838615157223,True,EWMA 상한 이탈,진동,68.02026966687572,가속도,22.081550505329197,실장 설비(마운터) 점검,23.948,24.38,23.51,0.30550941065702003,0.21599999999999966,0.8699999999999974,0.21749999999999936,51.452,52.69,50.35,0.7988091136185154,-0.5609999999999993,2.3399999999999963,0.5849999999999991,0.5851599999999999,0.5881,0.5797,0.0031340708351918233,0.002079999999999993,0.008399999999999963,0.0020999999999999908,0.01166,0.0149,0.01,0.0019965971050765353,-0.00129,0.0049,0.001225,69.28,69.7,68.85,0.2787830697872469,0.18500000000000086,0.8500000000000085,0.2525000000000013
PR_DEF_NB_A_20250902-185601_01900.jpg,stream_images/PR_DEF_NB_A_20250902-185601_01900.jpg,2025-09-02 18:56:01,사전공정,불량,납부족 검사군,1900,R003559,23.43,23.56,23.73,23.89,24.08,67.11,67.52,67.94,67.77,68.08,0.3451,0.3638,0.3879,0.4076,0.4207,0.0154,0.0182,0.0204,0.0231,0.0262,62.75,62.19,62.02,61.88,61.46,23.738,67.684,0.38502000000000003,0.02066,62.06,3.5090765500488583,3.14580239922235,True,EWMA 상한 이탈,습도,74.97034613132679,소음,12.535828200440324,자재 보관 환경 점검,23.738,24.08,23.43,0.23094588110637507,0.1629999999999999,0.6499999999999986,0.16249999999999964,67.684,68.08,67.11,0.3423799059524372,0.21899999999999978,0.9699999999999989,0.32750000000000057,0.38502000000000003,0.4207,0.3451,0.027695154810905103,0.0195,0.0756,0.0189,0.02066,0.0262,0.0154,0.003753185313836768,0.00265,0.0108,0.0027,62.06,62.75,61.46,0.42118879377305307,-0.28899999999999937,1.2899999999999991,0.3224999999999998
PR_DEF_NB_A_20250902-185622_01901.jpg,stream_images/PR_DEF_NB_A_20250902-185622_01901.jpg,2025-09-02 18:56:22,사전공정,불량,납부족 검사군,1901,R003560,23.93,23.94,23.95,23.98,24.03,43.62,44.37,44.99,45.52,46.36,0.5369,0.5383,0.5388,0.5415,0.5421,0.0364,0.038,0.04,0.04,0.04,64.65,63.53,62.15,60.89,60.09,23.966,44.972,0.53952,0.038880000000000005,62.262000000000015,3.1702262852056977,3.15068717641902,True,EWMA 상한 이탈,진동,45.5789855840997,가속도,24.447664556692235,실장 설비(마운터) 점검,23.966,24.03,23.93,0.03611094017053595,0.024000000000000198,0.10000000000000142,0.025000000000000355,44.972,46.36,43.62,0.9399446792231989,0.6630000000000009,2.740000000000002,0.6850000000000005,0.53952,0.5421,0.5369,0.0019722068856993635,0.0013599999999999945,0.005199999999999982,0.0012999999999999956,0.038880000000000005,0.04,0.0364,0.0014620533505997652,0.00092,0.003599999999999999,0.0008999999999999998,62.262000000000015,64.65,60.09,1.6687048870306584,-1.1760000000000006,4.560000000000002,1.1400000000000006
PR_DEF_NB_A_20250902-185622_01902.jpg,stream_images/PR_DEF_NB_A_20250902-185622_01902.jpg,2025-09-02 18:56:22,사전공정,불량,납부족 검사군,1902,R003561,25.34,25.55,25.75,25.94,26.15,57.33,56.52,55.96,55.39,54.89,0.4886,0.4734,0.4545,0.4419,0.4293,0.0452,0.0459,0.0464,0.0468,0.0471,70.26,70.19,70.07,69.91,70.05,25.746,56.017999999999994,0.45754,0.04628,70.09599999999999,3.005944017479547,3.1217385446311257,True,EWMA 상한 이탈,가속도,63.705350244330106,진동,16.10299911504696,컨베이어 이송계열 점검,25.746,26.15,25.34,0.2842956207893464,0.2009999999999998,0.8099999999999987,0.20249999999999968,56.017999999999994,57.33,54.89,0.8536369251619798,-0.6009999999999998,2.4399999999999977,0.6099999999999994,0.45754,0.4886,0.4293,0.021296065364287353,-0.01500999999999999,0.059299999999999964,0.014824999999999991,0.04628,0.0471,0.0452,0.0006734983296193108,0.00047000000000000096,0.0019000000000000059,0.00047500000000000146,70.09599999999999,70.26,69.91,0.12092973166265038,-0.0700000000000017,0.3500000000000085,0.12250000000000227
PR_DEF_NB_A_20250902-185630_01903.jpg,stream_images/PR_DEF_NB_A_20250902-185630_01903.jpg,2025-09-02 18:56:30,사전공정,불량,납부족 검사군,1903,R003562,24.01,23.81,23.6,23.41,23.25,41.85,42.15,42.41,42.92,43.42,0.5621,0.5604,0.5581,0.5542,0.5556,0.0184,0.0181,0.0182,0.019,0.0188,61.5,61.58,61.61,61.14,61.19,23.616,42.55,0.55808,0.0185,61.403999999999996,3.3541578585417686,3.1682224074132543,True,EWMA 상한 이탈,진동,49.606288636731975,소음,17.60626557978256,실장 설비(마운터) 점검,23.616,24.01,23.25,0.27185290140073937,-0.19200000000000017,0.7600000000000016,0.1900000000000004,42.55,43.42,41.85,0.5591779680924498,0.39100000000000035,1.5700000000000003,0.39250000000000007,0.55808,0.5621,0.5542,0.002923969904085891,-0.0019200000000000107,0.007900000000000018,0.0023249999999999937,0.0185,0.019,0.0181,0.00034641016151377497,0.00017,0.000899999999999998,0.00034999999999999875,61.403999999999996,61.61,61.14,0.1990577805562997,-0.10600000000000023,0.46999999999999886,0.15749999999999886
PR_DEF_NB_A_20250902-185639_01904.jpg,stream_images/PR_DEF_NB_A_20250902-185639_01904.jpg,2025-09-02 18:56:39,사전공정,불량,납부족 검사군,1904,R003563,24.01,23.79,23.53,23.24,23.0,61.34,61.23,61.17,60.86,61.0,0.2616,0.2699,0.2761,0.2872,0.2974,0.0356,0.0362,0.0374,0.0375,0.0367,74.81,75.0,75.0,75.0,74.64,23.514,61.120000000000005,0.27843999999999997,0.036680000000000004,74.89,3.2480656764838542,3.1841910612273745,True,EWMA 상한 이탈,습도,34.785898284227244,소음,27.07386916075864,자재 보관 환경 점검,23.514,24.01,23.0,0.36379114887528585,-0.2570000000000004,1.0100000000000016,0.2525000000000004,61.120000000000005,61.34,60.86,0.17029386365926477,-0.10500000000000043,0.480000000000004,0.15500000000000114,0.27843999999999997,0.2974,0.2616,0.012634967352549832,0.008890000000000004,0.0358,0.00895,0.036680000000000004,0.0375,0.0356,0.0007194442299441979,0.0003500000000000003,0.001899999999999999,0.0006749999999999985,74.89,75.0,74.64,0.14505171491574953,-0.03400000000000034,0.35999999999999943,0.1374999999999993
PR_DEF_NB_A_20250902-185659_01905.jpg,stream_images/PR_DEF_NB_A_20250902-185659_01905.jpg,2025-09-02 18:56:59,사전공정,불량,납부족 검사군,1905,R003564,23.93,23.71,23.48,23.32,23.12,49.8,49.92,50.09,50.28,50.73,0.2213,0.218,0.2096,0.2054,0.2024,0.0163,0.0147,0.0129,0.0114,0.01,86.7,87.22,87.34,87.53,87.78,23.512,50.164,0.21134,0.013059999999999999,87.314,5.127934471611541,3.5729397433042083,True,EWMA+단일점,소음,77.53268026467565,진동,9.461406101710459,설비 가동 소음원 점검,23.512,23.93,23.12,0.284773594281492,-0.2009999999999998,0.8099999999999987,0.20249999999999968,50.164,50.73,49.8,0.32598159457245357,0.2219999999999999,0.9299999999999997,0.23249999999999993,0.21134,0.2213,0.2024,0.00723591044720704,-0.00504,0.0189,0.004725,0.013059999999999999,0.0163,0.01,0.0022508664998173475,-0.0015899999999999998,0.006299999999999998,0.0015749999999999996,87.314,87.78,86.7,0.3606438686571556,0.2469999999999999,1.0799999999999983,0.2699999999999996
PR_DEF_NB_A_20250902-185719_01906.jpg,stream_images/PR_DEF_NB_A_20250902-185719_01906.jpg,2025-09-02 18:57:19,사전공정,불량,납부족 검사군,1906,R003565,24.64,24.76,24.85,24.94,25.07,44.42,44.77,44.6,45.16,45.55,0.4985,0.4896,0.4761,0.4645,0.4545,0.0464,0.0452,0.0451,0.0446,0.0437,68.23,67.39,66.59,65.34,64.43,24.851999999999997,44.9,0.47664,0.045,66.396,2.8268934585027004,3.4237304863439073,True,EWMA 상한 이탈,가속도,63.63005356604374,진동,25.330916189271402,컨베이어 이송계열 점검,24.851999999999997,25.07,24.64,0.14743133995185678,0.10399999999999991,0.4299999999999997,0.10749999999999993,44.9,45.55,44.42,0.4067923303111776,0.26499999999999846,1.1299999999999955,0.3674999999999997,0.47664,0.4985,0.4545,0.016022933564113644,-0.011309999999999992,0.043999999999999984,0.010999999999999996,0.045,0.0464,0.0437,0.0008786353054595498,-0.0005999999999999984,0.002699999999999994,0.0006749999999999985,66.396,68.23,64.43,1.3689061326475225,-0.9649999999999992,3.799999999999997,0.9499999999999993
PR_DEF_NB_A_20250902-185721_01907.jpg,stream_images/PR_DEF_NB_A_20250902-185721_01907.jpg,2025-09-02 18:57:21,사전공정,불량,납부족 검사군,1907,R003566,26.6,26.76,26.92,27.0,27.0,47.23,48.02,48.91,49.3,49.95,0.5479,0.5455,0.5473,0.5461,0.5445,0.015,0.0153,0.0157,0.0157,0.0157,62.59,63.12,63.54,64.07,64.41,26.856,48.681999999999995,0.54626,0.015479999999999999,63.54600000000001,3.073303044907024,3.353644998056531,True,EWMA 상한 이탈,진동,51.57400685552024,온도,26.84424020592802,실장 설비(마운터) 점검,26.856,27.0,26.6,0.15512575543732202,0.10399999999999957,0.3999999999999986,0.09999999999999964,48.681999999999995,49.95,47.23,0.9579436309094609,0.6720000000000006,2.720000000000006,0.6800000000000015,0.54626,0.5479,0.5445,0.0012224565431949116,-0.0006200000000000094,0.0034000000000000696,0.0017500000000000293,0.015479999999999999,0.0157,0.015,0.00028565713714171365,0.00017999999999999977,0.0006999999999999992,0.0001749999999999998,63.54600000000001,64.41,62.59,0.6506181675914042,0.4589999999999982,1.8199999999999932,0.4549999999999983
PR_DEF_NB_A_20250902-185723_01908.jpg,stream_images/PR_DEF_NB_A_20250902-185723_01908.jpg,2025-09-02 18:57:23,사전공정,불량,납부족 검사군,1908,R003567,26.58,26.57,26.53,26.46,26.49,47.52,48.14,48.24,48.74,49.24,0.2273,0.2393,0.2516,0.2681,0.2784,0.0405,0.0414,0.0423,0.0429,0.0428,66.43,66.99,67.48,68.34,69.29,26.526000000000003,48.376000000000005,0.25294,0.04198,67.706,2.599184231529352,3.202752844751095,True,EWMA 상한 이탈,가속도,54.59474819431895,온도,25.684701693905467,컨베이어 이송계열 점검,26.526000000000003,26.58,26.46,0.04586937976471853,-0.028999999999999915,0.11999999999999744,0.03749999999999876,48.376000000000005,49.24,47.52,0.5806754687430835,0.4039999999999999,1.7199999999999989,0.4299999999999997,0.25294,0.2784,0.2273,0.018564977780756962,0.013099999999999995,0.05109999999999998,0.012774999999999995,0.04198,0.0429,0.0405,0.0009108238029388552,0.0006099999999999994,0.0023999999999999994,0.0006250000000000006,67.706,69.29,66.43,1.010239575546317,0.7070000000000007,2.8599999999999994,0.7149999999999999
PR_DEF_NB_A_20250902-185750_01909.jpg,stream_images/PR_DEF_NB_A_20250902-185750_01909.jpg,2025-09-02 18:57:50,사전공정,불량,납부족 검사군,1909,R003568,26.26,26.33,26.34,26.37,26.36,76.88,76.57,76.15,75.62,75.82,0.2015,0.2038,0.2135,0.2157,0.221,0.0253,0.0246,0.0249,0.0255,0.0241,74.15,74.6,74.85,75.0,74.94,26.332000000000004,76.208,0.2111,0.02488,74.708,5.235299400160573,3.609262155832991,True,EWMA+단일점,습도,75.80714960065077,소음,10.02865712332522,자재 보관 환경 점검,26.332000000000004,26.37,26.26,0.038678159211626977,0.023999999999999844,0.10999999999999943,0.03000000000000025,76.208,76.88,75.62,0.46524832079223843,-0.30699999999999933,1.259999999999991,0.3649999999999949,0.2111,0.221,0.2015,0.00735363855516437,0.005089999999999997,0.01949999999999999,0.004874999999999997,0.02488,0.0255,0.0241,0.0004995998398718714,-0.00015000000000000012,0.0013999999999999985,0.0007499999999999989,74.708,75.0,74.15,0.31057366275973636,0.19799999999999898,0.8499999999999943,0.22749999999999915
PR_DEF_NB_A_20250902-185840_01910.jpg,stream_images/PR_DEF_NB_A_20250902-185840_01910.jpg,2025-09-02 18:58:40,사전공정,불량,납부족 검사군,1910,R003569,26.99,26.73,26.5,26.28,26.03,70.21,70.75,71.7,72.19,72.8,0.3187,0.2919,0.2651,0.2413,0.2137,0.039,0.04,0.04,0.04,0.04,61.98,61.02,60.0,60.0,60.0,26.506,71.53,0.26614,0.0398,60.6,4.65899183452385,3.8192080915711633,True,EWMA+단일점,습도,63.65439152074828,가속도,12.819562888364144,자재 보관 환경 점검,26.506,26.99,26.03,0.33529688337352526,-0.23699999999999938,0.9599999999999973,0.23999999999999932,71.53,72.8,70.21,0.9410844807986165,0.6620000000000005,2.5900000000000034,0.6475000000000009,0.26614,0.3187,0.2137,0.036862425313589985,-0.026059999999999993,0.10499999999999998,0.026249999999999996,0.0398,0.04,0.039,0.00040000000000000034,0.00020000000000000017,0.0010000000000000009,0.0002500000000000002,60.6,61.98,60.0,0.7950849011269165,-0.49799999999999967,1.9799999999999969,0.4949999999999992
PR_DEF_NB_A_20250902-185845_01911.jpg,stream_images/PR_DEF_NB_A_20250902-185845_01911.jpg,2025-09-02 18:58:45,사전공정,불량,납부족 검사군,1911,R003570,25.12,25.14,25.14,25.18,25.24,40.42,40.34,40.16,40.26,40.23,0.5406,0.5506,0.5584,0.5695,0.5795,0.024,0.0244,0.026,0.0268,0.0272,72.56,72.31,71.61,70.62,69.98,25.164,40.282,0.55972,0.025679999999999998,71.41600000000001,3.052161862922189,3.6657988458413686,True,EWMA 상한 이탈,진동,60.172104304515926,습도,30.952454569401766,실장 설비(마운터) 점검,25.164,25.24,25.12,0.04270831300812433,0.027999999999999404,0.11999999999999744,0.02999999999999936,40.282,40.42,40.16,0.08997777503361828,-0.046000000000001505,0.2600000000000051,0.09750000000000192,0.55972,0.5795,0.5406,0.013692245980846257,0.009670000000000012,0.038900000000000046,0.009725000000000011,0.025679999999999998,0.0272,0.024,0.0012749901960407374,0.0008799999999999995,0.003199999999999998,0.0007999999999999995,71.41600000000001,72.56,69.98,0.9840040650322529,-0.6849999999999994,2.5799999999999983,0.6449999999999996
PR_DEF_NB_A_20250902-185852_01912.jpg,stream_images/PR_DEF_NB_A_20250902-185852_01912.jpg,2025-09-02 18:58:52,사전공정,불량,납부족 검사군,1912,R003571,25.47,25.61,25.73,25.79,25.88,54.24,54.17,54.39,54.11,54.11,0.3309,0.3294,0.3288,0.3294,0.3272,0.0437,0.0424,0.042,0.041,0.0401,61.01,61.46,61.9,62.46,62.53,25.695999999999998,54.20400000000001,0.32914000000000004,0.04184,61.872,2.487354905316378,3.430110057736371,True,EWMA 상한 이탈,가속도,58.082094910701464,소음,26.83619602743454,컨베이어 이송계열 점검,25.695999999999998,25.88,25.47,0.1430524379379814,0.1,0.41000000000000014,0.10250000000000004,54.20400000000001,54.39,54.11,0.10461357464497659,-0.032000000000000736,0.28000000000000114,0.14250000000000007,0.32914000000000004,0.3309,0.3272,0.0011926441212700603,-0.0007400000000000074,0.0037000000000000366,0.0012250000000000316,0.04184,0.0437,0.0401,0.0012273548794053022,-0.0008600000000000011,0.003600000000000006,0.0009000000000000015,61.872,62.53,61.01,0.5817697138902996,0.40400000000000064,1.5200000000000031,0.3800000000000008
PR_DEF_NB_A_20250902-185942_01913.jpg,stream_images/PR_DEF_NB_A_20250902-185942_01913.jpg,2025-09-02 18:59:42,사전공정,불량,납부족 검사군,1913,R003572,26.78,26.76,26.76,26.71,26.69,57.52,57.13,56.79,56.62,56.44,0.4071,0.3871,0.361,0.3358,0.3083,0.0421,0.0419,0.0432,0.0436,0.0438,60.21,60.0,60.0,60.0,60.0,26.740000000000002,56.9,0.35986,0.04292,60.04200000000001,3.253515077418203,3.3947910616727373,True,EWMA 상한 이탈,가속도,38.32650816739088,소음,27.425978173647252,컨베이어 이송계열 점검,26.740000000000002,26.78,26.69,0.03405877273185291,-0.02300000000000004,0.08999999999999986,0.022499999999999964,56.9,57.52,56.44,0.384551687033098,-0.26700000000000157,1.0800000000000054,0.27000000000000135,0.35986,0.4071,0.3083,0.03524840989321362,-0.024890000000000002,0.0988,0.0247,0.04292,0.0438,0.0419,0.0007782030583337491,0.00051,0.001899999999999999,0.0005249999999999994,60.04200000000001,60.21,60.0,0.08400000000000034,-0.04200000000000017,0.21000000000000085,0.05250000000000021
PR_DEF_NB_A_20250903-090321_01914.jpg,stream_images/PR_DEF_NB_A_20250903-090321_01914.jpg,2025-09-03 09:03:21,사전공정,불량,납부족 검사군,1914,R003573,23.55,23.58,23.63,23.59,23.61,40.57,40.42,40.5,40.39,40.31,0.5053,0.5071,0.5103,0.5126,0.5184,0.0261,0.0263,0.0269,0.0273,0.0286,69.35,69.52,69.88,69.79,69.8,23.592,40.438,0.51074,0.02704,69.668,2.806736501046445,3.277180149547479,True,EWMA 상한 이탈,진동,41.99465685212483,습도,35.71834674620386,실장 설비(마운터) 점검,23.592,23.63,23.55,0.027129319932500652,0.0129999999999999,0.0799999999999983,0.034999999999999254,40.438,40.57,40.31,0.0897552226892668,-0.054999999999999716,0.259999999999998,0.10499999999999865,0.51074,0.5184,0.5053,0.004586327506840298,0.003169999999999995,0.0131,0.003275,0.02704,0.0286,0.0261,0.0008890444308357145,0.0005999999999999998,0.0024999999999999988,0.0006249999999999997,69.668,69.88,69.35,0.20013995103427185,0.11700000000000159,0.5300000000000011,0.1574999999999953
PR_DEF_NB_A_20250903-090413_01915.jpg,stream_images/PR_DEF_NB_A_20250903-090413_01915.jpg,2025-09-03 09:04:13,사전공정,불량,납부족 검사군,1915,R003574,23.81,24.0,24.15,24.31,24.49,62.97,62.83,63.14,63.1,62.88,0.3101,0.3161,0.324,0.3305,0.3411,0.012,0.0125,0.0126,0.0134,0.0141,62.64,62.17,61.81,61.19,60.41,24.152,62.984,0.32436,0.012920000000000001,61.644000000000005,3.0399165104719628,3.2297274217323757,True,EWMA 상한 이탈,습도,53.83898856688525,가속도,20.17371540040299,자재 보관 환경 점검,24.152,24.49,23.81,0.2363387399475589,0.16699999999999982,0.6799999999999997,0.16999999999999993,62.984,63.14,62.83,0.12043255373859721,0.009000000000001052,0.3100000000000023,0.1775000000000002,0.32436,0.3411,0.3101,0.010859392248187752,0.007640000000000008,0.031000000000000028,0.007750000000000007,0.012920000000000001,0.0141,0.012,0.0007413501197140254,0.0005099999999999998,0.0020999999999999994,0.0005249999999999999,61.644000000000005,62.64,60.41,0.7778328869365212,-0.5440000000000011,2.230000000000004,0.557500000000001
PR_DEF_NB_A_20250903-090556_01916.jpg,stream_images/PR_DEF_NB_A_20250903-090556_01916.jpg,2025-09-03 09:05:56,사전공정,불량,납부족 검사군,1916,R003575,26.62,26.43,26.18,25.97,25.8,41.0,41.13,41.5,41.57,41.76,0.5614,0.562,0.5606,0.5598,0.5607,0.0114,0.0106,0.01,0.01,0.01,65.93,66.47,67.0,67.12,67.39,26.2,41.391999999999996,0.5609,0.010400000000000001,66.782,3.430836624291827,3.269949262244266,True,EWMA 상한 이탈,진동,48.13576209258809,가속도,23.284253086341565,실장 설비(마운터) 점검,26.2,26.62,25.8,0.29752310834622603,-0.21000000000000013,0.8200000000000003,0.20500000000000007,41.391999999999996,41.76,41.0,0.28322429274340055,0.19599999999999937,0.759999999999998,0.1899999999999995,0.5609,0.562,0.5598,0.0007483314773548186,-0.00036000000000001585,0.0022000000000000908,0.0009250000000000369,0.010400000000000001,0.0114,0.01,0.0005513619500836089,-0.00034,0.0014000000000000002,0.00035000000000000005,66.782,67.39,65.93,0.5205151294631104,0.3569999999999993,1.4599999999999937,0.36499999999999844
PR_DEF_NB_A_20250903-090811_01917.jpg,stream_images/PR_DEF_NB_A_20250903-090811_01917.jpg,2025-09-03 09:08:11,사전공정,불량,납부족 검사군,1917,R003576,24.82,24.62,24.39,24.21,23.97,44.14,43.97,43.8,43.9,43.86,0.3524,0.3436,0.3402,0.3382,0.3345,0.0118,0.0133,0.0147,0.0161,0.0172,81.83,82.25,82.23,82.48,82.5,24.401999999999997,43.934000000000005,0.34178000000000003,0.01462,82.25800000000001,3.751039285014254,3.366167266798264,True,EWMA+단일점,소음,80.35186157084671,가속도,9.776818018161029,설비 가동 소음원 점검,24.401999999999997,24.82,23.97,0.298623508786566,-0.2110000000000003,0.8500000000000014,0.21250000000000036,43.934000000000005,44.14,43.8,0.11689311356962061,-0.06300000000000025,0.3400000000000034,0.120000000000001,0.34178000000000003,0.3524,0.3345,0.006073022311831228,-0.004119999999999996,0.01789999999999997,0.004474999999999993,0.01462,0.0172,0.0118,0.0019260321908005588,0.00136,0.0054,0.00135,82.25800000000001,82.5,81.83,0.24161125801584787,0.15700000000000075,0.6700000000000017,0.17749999999999844
PR_DEF_NB_A_20250903-091138_01918.jpg,stream_images/PR_DEF_NB_A_20250903-091138_01918.jpg,2025-09-03 09:11:38,사전공정,불량,납부족 검사군,1918,R003577,26.15,25.89,25.63,25.4,25.14,63.86,64.34,64.5,64.89,64.74,0.474,0.4837,0.4891,0.4957,0.5,0.0366,0.0374,0.0392,0.04,0.04,60.73,60.93,60.93,60.64,60.81,25.641999999999996,64.466,0.4885,0.03864,60.80800000000001,3.6740604456810186,3.4277459025748147,True,EWMA+단일점,습도,45.487826435932966,진동,17.751026369223062,자재 보관 환경 점검,25.641999999999996,26.15,25.14,0.3550436592871358,-0.2509999999999998,1.009999999999998,0.2524999999999995,64.466,64.89,63.86,0.35752482431294125,0.23099999999999882,1.0300000000000011,0.2950000000000017,0.4885,0.5,0.474,0.009140459507048867,0.0064,0.026000000000000023,0.006500000000000006,0.03864,0.04,0.0366,0.0013937001112147474,0.0009399999999999999,0.0034000000000000002,0.0008500000000000001,60.80800000000001,60.93,60.64,0.11320777358467939,-0.012999999999998835,0.28999999999999915,0.16500000000000092
PR_DEF_NB_A_20250903-091154_01919.jpg,stream_images/PR_DEF_NB_A_20250903-091154_01919.jpg,2025-09-03 09:11:54,사전공정,불량,납부족 검사군,1919,R003578,24.72,24.74,24.76,24.82,24.87,63.15,62.61,61.81,61.52,61.15,0.3962,0.3924,0.3906,0.3931,0.3926,0.0204,0.018,0.0155,0.0123,0.01,65.14,65.44,65.62,65.8,66.15,24.782,62.048,0.39298,0.01524,65.63,2.4415943734066965,3.230515596741191,True,EWMA 상한 이탈,습도,72.04808412378449,가속도,20.51505950278955,자재 보관 환경 점검,24.782,24.87,24.72,0.05528109984434174,0.03800000000000061,0.15000000000000213,0.03750000000000053,62.048,63.15,61.15,0.7310376187310739,-0.5089999999999997,2.0,0.5,0.39298,0.3962,0.3906,0.0018181309083781581,-0.0006500000000000006,0.005599999999999994,0.002149999999999999,0.01524,0.0204,0.01,0.003752652395306552,-0.00265,0.010400000000000001,0.0026000000000000003,65.63,66.15,65.14,0.33929338337197357,0.23800000000000096,1.0100000000000051,0.2525000000000013
PR_DEF_NB_A_20250903-091451_01920.jpg,stream_images/PR_DEF_NB_A_20250903-091451_01920.jpg,2025-09-03 09:14:51,사전공정,불량,납부족 검사군,1920,R003579,23.61,23.42,23.17,23.0,23.0,51.2,50.23,49.43,48.54,47.79,0.2022,0.2003,0.2,0.2003,0.2009,0.0491,0.0488,0.0488,0.0489,0.0487,74.73,74.8,75.0,75.0,75.0,23.240000000000002,49.438,0.20074,0.04886,74.90599999999999,3.9083852201082245,3.3660895214145983,True,EWMA+단일점,가속도,47.41985366840756,진동,18.981040649861544,컨베이어 이송계열 점검,23.240000000000002,23.61,23.0,0.24058262613912917,-0.16400000000000006,0.6099999999999994,0.15249999999999986,49.438,51.2,47.79,1.2045148400912302,-0.8510000000000005,3.4100000000000037,0.8525000000000009,0.20074,0.2022,0.2,0.000786384130053493,-0.0002599999999999991,0.0021999999999999797,0.000774999999999991,0.04886,0.0491,0.0487,0.00013564659966250393,-6.999999999999993e-05,0.0003999999999999976,0.00014999999999999736,74.90599999999999,75.0,74.73,0.11723480711802207,0.07399999999999948,0.269999999999996,0.067499999999999
PR_DEF_NB_A_20250903-092030_01921.jpg,stream_images/PR_DEF_NB_A_20250903-092030_01921.jpg,2025-09-03 09:20:30,사전공정,불량,납부족 검사군,1921,R003580,25.27,25.48,25.69,25.9,26.09,50.79,50.93,50.94,50.85,50.88,0.4502,0.4494,0.4482,0.4436,0.4421,0.0472,0.0474,0.0476,0.0484,0.0489,60.91,61.9,63.13,64.51,65.52,25.686,50.878,0.4467,0.0479,63.193999999999996,3.0220553633378353,3.297282689799246,True,EWMA 상한 이탈,가속도,72.56946204034507,진동,12.776541535840982,컨베이어 이송계열 점검,25.686,26.09,25.27,0.29138290958805374,0.20599999999999988,0.8200000000000003,0.20500000000000007,50.878,50.94,50.79,0.0549181208709835,0.010000000000000852,0.14999999999999858,0.067499999999999,0.4467,0.4502,0.4421,0.0032422214606655144,-0.002200000000000002,0.008099999999999996,0.002024999999999999,0.0479,0.0489,0.0472,0.0006449806198638838,0.0004400000000000001,0.0017000000000000001,0.00042500000000000003,63.193999999999996,65.52,60.91,1.6755488652975785,1.1830000000000005,4.609999999999999,1.1524999999999999
PR_DEF_NB_A_20250903-092223_01922.jpg,stream_images/PR_DEF_NB_A_20250903-092223_01922.jpg,2025-09-03 09:22:23,사전공정,불량,납부족 검사군,1922,R003581,25.39,25.61,25.87,26.09,26.31,56.25,55.37,54.77,53.98,53.77,0.5472,0.5412,0.5423,0.5411,0.5417,0.0186,0.0203,0.0217,0.0238,0.0245,64.33,63.47,63.08,62.22,61.58,25.854000000000003,54.827999999999996,0.5427000000000001,0.02178,62.936,2.6668602629864853,3.171198204436694,True,EWMA 상한 이탈,진동,65.77653381343347,소음,15.290077393273883,실장 설비(마운터) 점검,25.854000000000003,26.31,25.39,0.32824381182285783,0.23199999999999968,0.9199999999999982,0.22999999999999954,54.827999999999996,56.25,53.77,0.911885957782002,-0.6349999999999995,2.479999999999997,0.6199999999999992,0.5427000000000001,0.5472,0.5411,0.0022899781658347806,-0.001110000000000011,0.006099999999999994,0.002224999999999977,0.02178,0.0245,0.0186,0.002181192334481305,0.0015300000000000008,0.0059000000000000025,0.0014750000000000006,62.936,64.33,61.58,0.9592205168781577,-0.675,2.75,0.6875
PR_DEF_NB_A_20250903-092259_01923.jpg,stream_images/PR_DEF_NB_A_20250903-092259_01923.jpg,2025-09-03 09:22:59,사전공정,불량,납부족 검사군,1923,R003582,26.53,26.73,27.0,27.0,27.0,77.34,77.03,77.23,77.43,77.47,0.2953,0.3198,0.3451,0.3715,0.3979,0.0122,0.0134,0.0138,0.0148,0.0159,74.4,73.88,73.74,73.45,73.12,26.851999999999997,77.3,0.34591999999999995,0.014020000000000001,73.71799999999999,5.357213213756089,3.6084012063005733,True,EWMA+단일점,습도,78.46399389159711,온도,8.944767548172528,자재 보관 환경 점검,26.851999999999997,27.0,26.53,0.19197916553626287,0.12099999999999973,0.46999999999999886,0.11749999999999972,77.3,77.47,77.03,0.15824032355882017,0.06599999999999966,0.4399999999999977,0.1875,0.34591999999999995,0.3979,0.2953,0.03633611977082858,0.025689999999999998,0.10259999999999997,0.025649999999999992,0.014020000000000001,0.0159,0.0122,0.0012560254774486067,0.00088,0.0037,0.000925,73.71799999999999,74.4,73.12,0.4292505096094818,-0.2989999999999995,1.2800000000000011,0.3200000000000003
PR_DEF_NB_A_20250903-092451_01924.jpg,stream_images/PR_DEF_NB_A_20250903-092451_01924.jpg,2025-09-03 09:24:51,사전공정,불량,납부족 검사군,1924,R003583,25.76,25.74,25.77,25.78,25.79,70.35,69.86,69.95,69.89,69.59,0.4281,0.4156,0.4015,0.3909,0.3719,0.0318,0.0299,0.027,0.0251,0.0223,67.8,68.66,69.06,69.4,69.97,25.768,69.928,0.4016,0.02722,68.978,3.5821274514144523,3.603146455323349,True,EWMA 상한 이탈,습도,92.62565807973384,온도,3.4467304856127154,자재 보관 환경 점검,25.768,25.79,25.74,0.01720465053408555,0.009999999999999787,0.05000000000000071,0.01750000000000096,69.928,70.35,69.59,0.24449130863897517,-0.14899999999999808,0.7599999999999909,0.23499999999999943,0.4016,0.4281,0.3719,0.019467100451787876,-0.013709999999999995,0.05619999999999997,0.014049999999999993,0.02722,0.0318,0.0223,0.0033736626980182833,-0.00238,0.009500000000000001,0.0023750000000000004,68.978,69.97,67.8,0.7290651548387169,0.5080000000000012,2.1700000000000017,0.5425000000000004
PR_DEF_NB_A_20250903-092511_01925.jpg,stream_images/PR_DEF_NB_A_20250903-092511_01925.jpg,2025-09-03 09:25:11,사전공정,불량,납부족 검사군,1925,R003584,23.24,23.17,23.08,23.0,23.0,41.58,41.41,41.5,41.47,41.45,0.3178,0.2944,0.2691,0.2423,0.2136,0.0403,0.04,0.04,0.04,0.04,66.09,67.25,68.35,69.38,70.47,23.098,41.48199999999999,0.26744,0.040060000000000005,68.30799999999999,2.949485135677978,3.472414191394275,True,EWMA 상한 이탈,가속도,33.25038311849987,온도,30.460238445051647,컨베이어 이송계열 점검,23.098,23.24,23.0,0.09474175425861595,-0.06499999999999986,0.23999999999999844,0.05999999999999961,41.48199999999999,41.58,41.41,0.057061370470748426,-0.019999999999998862,0.1700000000000017,0.07750000000000057,0.26744,0.3178,0.2136,0.03686866420145976,-0.026050000000000007,0.10420000000000001,0.026050000000000004,0.040060000000000005,0.0403,0.04,0.00012000000000000065,-6.0000000000000334e-05,0.00030000000000000165,7.500000000000041e-05,68.30799999999999,70.47,66.09,1.5403947546002597,1.0889999999999986,4.3799999999999955,1.0949999999999989
PR_DEF_NB_A_20250903-092604_01926.jpg,stream_images/PR_DEF_NB_A_20250903-092604_01926.jpg,2025-09-03 09:26:04,사전공정,불량,납부족 검사군,1926,R003585,26.55,26.57,26.62,26.68,26.66,68.24,67.96,67.67,67.04,66.87,0.4749,0.4844,0.4911,0.5,0.5,0.039,0.0367,0.0347,0.0327,0.0299,66.44,66.88,67.29,67.89,68.47,26.616000000000003,67.55600000000001,0.49008,0.034600000000000006,67.394,3.839285101863891,3.5457883734881985,True,EWMA+단일점,습도,62.16295281178377,진동,16.821543393178782,자재 보관 환경 점검,26.616000000000003,26.68,26.55,0.05003998401278694,0.03299999999999983,0.129999999999999,0.037499999999999645,67.55600000000001,68.24,66.87,0.5255321112929211,-0.36599999999999683,1.3699999999999903,0.3424999999999976,0.49008,0.5,0.4749,0.009597374641015118,0.0065800000000000025,0.02510000000000001,0.006275000000000003,0.034600000000000006,0.039,0.0299,0.0031457908385650827,-0.0022200000000000006,0.0091,0.002275,67.394,68.47,66.44,0.7195720950676181,0.5070000000000008,2.030000000000001,0.5075000000000003
PR_DEF_NB_A_20250903-092655_01927.jpg,stream_images/PR_DEF_NB_A_20250903-092655_01927.jpg,2025-09-03 09:26:55,사전공정,불량,납부족 검사군,1927,R003586,26.54,26.53,26.48,26.47,26.44,57.97,58.19,57.89,57.77,57.81,0.5058,0.5134,0.5255,0.5343,0.5398,0.0208,0.0231,0.026,0.0282,0.0308,62.64,63.81,64.85,65.43,66.13,26.492,57.926,0.52376,0.025779999999999997,64.572,2.7788920412991573,3.3924091070503906,True,EWMA 상한 이탈,진동,49.17366851737149,습도,23.76199665676177,실장 설비(마운터) 점검,26.492,26.54,26.44,0.03762977544445332,-0.0259999999999998,0.09999999999999787,0.024999999999999467,57.926,58.19,57.77,0.14880860190190429,-0.07399999999999878,0.4199999999999946,0.16999999999999815,0.52376,0.5398,0.5058,0.012659320676876765,0.008889999999999986,0.03399999999999992,0.00849999999999998,0.025779999999999997,0.0308,0.0208,0.0035521261238869325,0.0025100000000000005,0.010000000000000002,0.0025000000000000005,64.572,66.13,62.64,1.2291525535912935,0.8599999999999994,3.489999999999995,0.8724999999999987
PR_DEF_NB_A_20250903-092820_01928.jpg,stream_images/PR_DEF_NB_A_20250903-092820_01928.jpg,2025-09-03 09:28:20,사전공정,불량,납부족 검사군,1928,R003587,25.12,25.16,25.16,25.14,25.19,44.5,44.75,45.65,45.91,46.26,0.5972,0.5877,0.5765,0.5695,0.5577,0.0288,0.03,0.0302,0.0304,0.0317,69.39,68.83,68.5,68.03,67.5,25.154,45.414,0.57772,0.030219999999999997,68.45,2.768341962524146,3.267595678145142,True,EWMA 상한 이탈,진동,86.1681077093719,습도,8.504247210056896,실장 설비(마운터) 점검,25.154,25.19,25.12,0.023323807579381257,0.012000000000000099,0.07000000000000028,0.027499999999999858,45.414,46.26,44.5,0.6773064299118963,0.46799999999999925,1.759999999999998,0.4399999999999995,0.57772,0.5972,0.5577,0.01377626945148794,-0.009719999999999996,0.03949999999999998,0.009874999999999995,0.030219999999999997,0.0317,0.0288,0.000926066952223218,0.0006200000000000001,0.0029,0.000725,68.45,69.39,67.5,0.6495229018287191,-0.45799999999999985,1.8900000000000006,0.47250000000000014
PR_DEF_NB_A_20250903-093002_01929.jpg,stream_images/PR_DEF_NB_A_20250903-093002_01929.jpg,2025-09-03 09:30:02,사전공정,불량,납부족 검사군,1929,R003588,24.84,25.09,25.35,25.6,25.88,55.69,56.17,56.95,57.51,58.7,0.2562,0.2479,0.2438,0.2431,0.2355,0.0348,0.0383,0.0397,0.04,0.04,82.24,81.9,82.05,81.79,81.72,25.351999999999997,57.004,0.2453,0.03856,81.94000000000001,4.0436781855316095,3.4228121796224356,True,EWMA+단일점,소음,67.2587666311129,가속도,14.405889128780814,설비 가동 소음원 점검,25.351999999999997,25.88,24.84,0.36635501907302975,0.259,1.0399999999999991,0.2599999999999998,57.004,58.7,55.69,1.0542789004812732,0.7360000000000007,3.010000000000005,0.7525000000000013,0.2453,0.2562,0.2355,0.006763135367564365,-0.004619999999999999,0.020699999999999996,0.005174999999999999,0.03856,0.04,0.0348,0.001982523644247403,0.0012100000000000006,0.005200000000000003,0.0013000000000000008,81.94000000000001,82.24,81.72,0.18686893802876628,-0.11499999999999914,0.519999999999996,0.20499999999999474
PR_DEF_NB_A_20250903-093031_01930.jpg,stream_images/PR_DEF_NB_A_20250903-093031_01930.jpg,2025-09-03 09:30:31,사전공정,불량,납부족 검사군,1930,R003589,24.05,24.36,24.64,24.93,25.18,41.38,41.57,42.01,42.43,42.63,0.545,0.5401,0.5351,0.5292,0.5283,0.0197,0.0181,0.0157,0.0143,0.0136,71.29,71.09,71.4,71.44,71.83,24.631999999999998,42.004000000000005,0.5355399999999999,0.01628,71.41,2.871928799975271,3.312635503693003,True,EWMA 상한 이탈,진동,53.333514118462,습도,23.836262178342185,실장 설비(마운터) 점검,24.631999999999998,25.18,24.05,0.40046972419897087,0.2829999999999998,1.129999999999999,0.28249999999999975,42.004000000000005,42.63,41.38,0.4798166316417136,0.33599999999999997,1.25,0.3125,0.5355399999999999,0.545,0.5283,0.0063732566243640465,-0.004430000000000012,0.016700000000000048,0.004175000000000012,0.01628,0.0197,0.0136,0.002299913041834408,-0.0016,0.0060999999999999995,0.0015249999999999999,71.41,71.83,71.09,0.24256957764731943,0.14299999999999785,0.7399999999999949,0.23499999999999943
PR_DEF_NB_A_20250903-093611_01931.jpg,stream_images/PR_DEF_NB_A_20250903-093611_01931.jpg,2025-09-03 09:36:11,사전공정,불량,납부족 검사군,1931,R003590,25.06,25.0,24.96,24.9,24.88,61.81,61.72,60.88,60.68,60.12,0.2852,0.26,0.2316,0.2053,0.2,0.0363,0.0369,0.0381,0.0388,0.0391,71.41,71.99,72.63,73.14,73.69,24.96,61.041999999999994,0.23642000000000002,0.03784,72.57199999999999,2.96937495628057,3.2439833942105167,True,EWMA 상한 이탈,습도,41.35296134567034,가속도,23.966156657164067,자재 보관 환경 점검,24.96,25.06,24.88,0.06572670690062005,-0.04600000000000008,0.17999999999999972,0.04499999999999993,61.041999999999994,61.81,60.12,0.6413859992235574,-0.4420000000000009,1.6900000000000048,0.4225000000000012,0.23642000000000002,0.2852,0.2,0.03241483610941138,-0.02251,0.0852,0.0213,0.03784,0.0391,0.0363,0.0010800000000000009,0.0007500000000000007,0.002800000000000004,0.000700000000000001,72.57199999999999,73.69,71.41,0.8080693039585167,0.5710000000000008,2.280000000000001,0.5700000000000003
PR_DEF_NB_A_20250903-093826_01932.jpg,stream_images/PR_DEF_NB_A_20250903-093826_01932.jpg,2025-09-03 09:38:26,사전공정,불량,납부족 검사군,1932,R003591,26.9,27.0,27.0,27.0,27.0,63.47,63.39,63.23,63.07,62.96,0.2487,0.2691,0.2937,0.3165,0.335,0.0143,0.014,0.015,0.0159,0.0167,70.21,69.61,68.57,67.78,66.93,26.98,63.224000000000004,0.2926,0.015179999999999999,68.61999999999999,3.1547208037973533,3.226130876127884,True,EWMA 상한 이탈,습도,52.7956742375533,온도,29.472204153038867,자재 보관 환경 점검,26.98,27.0,26.9,0.04000000000000057,0.020000000000000285,0.10000000000000142,0.025000000000000355,63.224000000000004,63.47,62.96,0.19053608582103237,-0.13399999999999962,0.509999999999998,0.1274999999999995,0.2926,0.335,0.2487,0.031143667093006245,0.022000000000000002,0.08630000000000002,0.021575000000000004,0.015179999999999999,0.0167,0.014,0.001002796090937734,0.0006699999999999999,0.0026999999999999993,0.0007499999999999998,68.61999999999999,70.21,66.93,1.1893191329496011,-0.8389999999999972,3.279999999999987,0.8199999999999967
PR_DEF_NB_A_20250903-093849_01933.jpg,stream_images/PR_DEF_NB_A_20250903-093849_01933.jpg,2025-09-03 09:38:49,사전공정,불량,납부족 검사군,1933,R003592,24.23,23.92,23.59,23.3,23.03,63.3,63.23,63.69,64.63,64.78,0.2606,0.2641,0.264,0.2722,0.2729,0.0224,0.0235,0.025,0.0259,0.027,71.92,70.98,69.86,69.11,68.21,23.614,63.926,0.26676,0.024759999999999997,70.01599999999999,2.895370920384883,3.159978884979284,True,EWMA 상한 이탈,습도,68.5721446407456,온도,16.64837283891487,자재 보관 환경 점검,23.614,24.23,23.03,0.427392091644195,-0.30199999999999994,1.1999999999999993,0.2999999999999998,63.926,64.78,63.23,0.6567982947602719,0.43600000000000066,1.5500000000000043,0.40500000000000114,0.26676,0.2729,0.2606,0.004897591244683443,0.003269999999999995,0.012299999999999978,0.003124999999999989,0.024759999999999997,0.027,0.0224,0.0016451139778143032,0.00116,0.0046,0.00115,70.01599999999999,71.92,68.21,1.316155006068817,-0.929000000000002,3.710000000000008,0.927500000000002
PR_DEF_NB_A_20250903-093938_01934.jpg,stream_images/PR_DEF_NB_A_20250903-093938_01934.jpg,2025-09-03 09:39:38,사전공정,불량,납부족 검사군,1934,R003593,24.94,24.62,24.36,24.13,23.85,65.34,65.55,65.51,65.57,65.58,0.3736,0.3818,0.3886,0.3932,0.4017,0.0343,0.0359,0.0386,0.04,0.04,68.06,67.5,66.67,66.4,66.03,24.380000000000003,65.50999999999999,0.38777999999999996,0.03776,66.93199999999999,3.106151443332586,3.1492133966499445,True,EWMA 상한 이탈,습도,73.83494124713972,가속도,21.33711839233322,자재 보관 환경 점검,24.380000000000003,24.94,23.85,0.378153408023781,-0.2670000000000002,1.0899999999999999,0.27249999999999996,65.50999999999999,65.58,65.34,0.0883176086632757,0.04999999999999858,0.23999999999999488,0.07999999999999474,0.38777999999999996,0.4017,0.3736,0.009598416536075112,0.006760000000000005,0.028100000000000014,0.0070250000000000035,0.03776,0.04,0.0343,0.0022878811157925156,0.0015500000000000006,0.005700000000000004,0.001425000000000001,66.93199999999999,68.06,66.03,0.7430047106176375,-0.5159999999999997,2.030000000000001,0.5075000000000003
PR_DEF_NB_A_20250903-093939_01935.jpg,stream_images/PR_DEF_NB_A_20250903-093939_01935.jpg,2025-09-03 09:39:39,사전공정,불량,납부족 검사군,1935,R003594,25.42,25.36,25.29,25.25,25.19,55.27,54.68,53.79,52.96,52.4,0.5381,0.5395,0.5414,0.5427,0.5466,0.0317,0.0303,0.0288,0.0276,0.0264,70.98,71.68,72.15,72.73,73.46,25.302,53.82000000000001,0.5416599999999999,0.028959999999999996,72.2,2.5549151866263093,3.0303537546452177,True,EWMA 상한 이탈,진동,71.73077617795532,소음,17.69527495308225,실장 설비(마운터) 점검,25.302,25.42,25.19,0.08084553172563104,-0.05700000000000003,0.23000000000000043,0.05750000000000011,53.82000000000001,55.27,52.4,1.0582060290888549,-0.7460000000000008,2.8700000000000045,0.7175000000000011,0.5416599999999999,0.5466,0.5381,0.0029288905749447042,0.0020199999999999884,0.008499999999999952,0.002124999999999988,0.028959999999999996,0.0317,0.0264,0.0018831887850133348,-0.00133,0.005299999999999999,0.0013249999999999998,72.2,73.46,70.98,0.8520328632159643,0.6009999999999976,2.4799999999999898,0.6199999999999974
PR_DEF_NB_A_20250903-093954_01936.jpg,stream_images/PR_DEF_NB_A_20250903-093954_01936.jpg,2025-09-03 09:39:54,사전공정,불량,납부족 검사군,1936,R003595,23.14,23.0,23.0,23.0,23.0,61.55,61.22,60.52,60.56,60.0,0.3909,0.4022,0.4077,0.4152,0.4225,0.0164,0.0169,0.0167,0.0176,0.0172,69.98,68.83,68.19,67.31,66.15,23.028,60.77,0.4077,0.016959999999999996,68.09200000000001,2.7410322769600457,2.972489459108184,True,EWMA 상한 이탈,습도,45.575358630942844,온도,37.66613720283001,자재 보관 환경 점검,23.028,23.14,23.0,0.05600000000000023,-0.028000000000000115,0.14000000000000057,0.03500000000000014,60.77,61.55,60.0,0.549618049194164,-0.3759999999999991,1.5499999999999972,0.40749999999999886,0.4077,0.4225,0.3909,0.010842324474023076,0.007619999999999993,0.03159999999999996,0.00789999999999999,0.016959999999999996,0.0176,0.0164,0.00041279534881100594,0.00023,0.0011999999999999997,0.0004999999999999996,68.09200000000001,69.98,66.15,1.3039693247925723,-0.9179999999999993,3.8299999999999983,0.9574999999999996
PR_DEF_NB_A_20250903-094724_01937.jpg,stream_images/PR_DEF_NB_A_20250903-094724_01937.jpg,2025-09-03 09:47:24,사전공정,불량,납부족 검사군,1937,R003596,23.03,23.0,23.0,23.0,23.0,49.13,49.23,49.27,49.31,48.92,0.3454,0.3407,0.3408,0.3379,0.3327,0.0492,0.0489,0.0482,0.0479,0.0482,68.91,69.11,68.7,68.67,68.6,23.006,49.172000000000004,0.33949999999999997,0.048479999999999995,68.798,3.173012160614582,3.0125939994094635,True,EWMA 상한 이탈,가속도,69.83969879601378,온도,28.88587185083937,컨베이어 이송계열 점검,23.006,23.03,23.0,0.012000000000000455,-0.006000000000000227,0.030000000000001137,0.007500000000000284,49.172000000000004,49.31,48.92,0.1394847661933014,-0.03399999999999963,0.39000000000000057,0.14250000000000007,0.33949999999999997,0.3454,0.3327,0.004165093036175781,-0.0028200000000000005,0.012699999999999989,0.0032249999999999918,0.048479999999999995,0.0492,0.0479,0.0004874423042781581,-0.00030000000000000024,0.0013000000000000025,0.00040000000000000105,68.798,69.11,68.6,0.18712562625145715,-0.10600000000000023,0.5100000000000051,0.177500000000002
PR_DEF_NB_A_20250903-094729_01938.jpg,stream_images/PR_DEF_NB_A_20250903-094729_01938.jpg,2025-09-03 09:47:29,사전공정,불량,납부족 검사군,1938,R003597,23.04,23.16,23.24,23.27,23.31,47.17,47.22,46.85,46.49,46.92,0.2129,0.239,0.2681,0.3005,0.3353,0.0449,0.0447,0.0443,0.0446,0.0447,70.53,70.31,70.27,70.21,69.72,23.204,46.93000000000001,0.27115999999999996,0.04464,70.208,2.960772210304719,3.0022296415885146,True,EWMA 상한 이탈,가속도,56.03819638574561,온도,26.87275162651752,컨베이어 이송계열 점검,23.204,23.31,23.04,0.09562426470305518,0.06499999999999986,0.2699999999999996,0.0674999999999999,46.93000000000001,47.22,46.49,0.2614574535177753,-0.12299999999999969,0.7299999999999969,0.30249999999999844,0.27115999999999996,0.3353,0.2129,0.04338809053184986,0.030629999999999998,0.12239999999999998,0.030599999999999995,0.04464,0.0449,0.0443,0.00019595917942265476,-5.000000000000074e-05,0.0006000000000000033,0.0002500000000000002,70.208,70.53,69.72,0.26686326086593554,-0.17200000000000132,0.8100000000000023,0.20250000000000057
PR_DEF_NB_A_20250903-094821_01939.jpg,stream_images/PR_DEF_NB_A_20250903-094821_01939.jpg,2025-09-03 09:48:21,사전공정,불량,납부족 검사군,1939,R003598,25.24,25.34,25.4,25.52,25.61,55.97,55.52,55.42,55.17,54.93,0.2829,0.2616,0.2366,0.2136,0.2,0.0313,0.0307,0.0298,0.0278,0.0263,78.46,78.67,78.92,79.36,79.74,25.421999999999997,55.40200000000001,0.23894,0.029179999999999994,79.03,3.1379177750223413,3.02936726827528,True,EWMA 상한 이탈,소음,71.13001071198707,진동,16.519464339959132,설비 가동 소음원 점검,25.421999999999997,25.61,25.24,0.13059862173851633,0.09200000000000016,0.370000000000001,0.09250000000000025,55.40200000000001,55.97,54.93,0.3502798880895102,-0.24299999999999997,1.0399999999999991,0.2599999999999998,0.23894,0.2829,0.2,0.030364031352901732,-0.021379999999999993,0.08289999999999997,0.020724999999999993,0.029179999999999994,0.0313,0.0263,0.0018648324321504071,-0.0012900000000000006,0.005000000000000001,0.0012500000000000002,79.03,79.74,78.46,0.46467192727772955,0.325,1.2800000000000011,0.3200000000000003
PR_DEF_NB_A_20250903-095214_01940.jpg,stream_images/PR_DEF_NB_A_20250903-095214_01940.jpg,2025-09-03 09:52:14,사전공정,불량,납부족 검사군,1940,R003599,25.59,25.74,25.87,26.0,26.17,68.37,68.25,67.84,67.68,67.85,0.2779,0.2965,0.3131,0.3252,0.3473,0.0367,0.0383,0.0394,0.04,0.04,62.75,62.87,63.31,63.59,64.27,25.874000000000002,67.998,0.31199999999999994,0.038880000000000005,63.358000000000004,3.707657948893225,3.1650254043988695,True,EWMA+단일점,습도,70.0903189892564,가속도,17.783908541429504,자재 보관 환경 점검,25.874000000000002,26.17,25.59,0.20105720578979583,0.14200000000000051,0.5800000000000018,0.14500000000000046,67.998,68.37,67.68,0.26452977148139667,-0.16100000000000136,0.6899999999999977,0.2149999999999963,0.31199999999999994,0.3473,0.2779,0.02376804577578898,0.016750000000000004,0.06940000000000002,0.017350000000000004,0.038880000000000005,0.04,0.0367,0.0012544321424453365,0.0008299999999999995,0.0032999999999999974,0.0008249999999999993,63.358000000000004,64.27,62.75,0.54693326832439,0.3759999999999998,1.519999999999996,0.379999999999999
PR_DEF_NB_A_20250903-095741_01941.jpg,stream_images/PR_DEF_NB_A_20250903-095741_01941.jpg,2025-09-03 09:57:41,사전공정,불량,납부족 검사군,1941,R003600,24.26,24.34,24.38,24.37,24.38,69.47,69.28,69.38,69.7,70.39,0.4388,0.4074,0.3715,0.3398,0.3144,0.0115,0.0129,0.0153,0.017,0.0185,63.21,63.76,64.55,65.45,66.11,24.346,69.64399999999999,0.37438000000000005,0.015040000000000001,64.616,3.6797215485309045,3.2679646332252767,True,EWMA+단일점,습도,84.59478277019015,가속도,9.390623551220738,자재 보관 환경 점검,24.346,24.38,24.26,0.04543126676640141,0.0269999999999996,0.11999999999999744,0.034999999999998366,69.64399999999999,70.39,69.28,0.3980251248351046,0.2260000000000005,1.1099999999999994,0.3249999999999993,0.37438000000000005,0.4388,0.3144,0.044815015340843076,-0.03164,0.12440000000000001,0.031100000000000003,0.015040000000000001,0.0185,0.0115,0.0025687350972803716,0.0018099999999999998,0.006999999999999999,0.0017499999999999998,64.616,66.11,63.21,1.062216550426513,0.7490000000000002,2.8999999999999986,0.7249999999999996
PR_DEF_NB_A_20250903-100703_01942.jpg,stream_images/PR_DEF_NB_A_20250903-100703_01942.jpg,2025-09-03 10:07:03,사전공정,불량,납부족 검사군,1942,R003601,24.95,24.91,24.97,25.01,25.09,56.97,57.5,57.92,58.05,58.37,0.2748,0.2944,0.3161,0.3401,0.3693,0.0127,0.0122,0.0106,0.01,0.01,76.25,76.0,76.13,75.91,75.9,24.986,57.762,0.31894,0.0111,76.03799999999998,2.871229517514043,3.18861761008303,True,EWMA 상한 이탈,소음,46.460003136454645,가속도,30.267829014953723,설비 가동 소음원 점검,24.986,25.09,24.91,0.0611882341631136,0.038000000000000256,0.17999999999999972,0.054999999999999716,57.762,58.37,56.97,0.48445433221305756,0.3349999999999994,1.3999999999999986,0.34999999999999964,0.31894,0.3693,0.2748,0.033294119600914523,0.023470000000000008,0.09450000000000003,0.023625000000000007,0.0111,0.0127,0.01,0.0011349008767288886,-0.0007599999999999999,0.0026999999999999993,0.0006749999999999998,76.03799999999998,76.25,75.9,0.13437261625792546,-0.07899999999999921,0.3499999999999943,0.1524999999999963
PR_DEF_NB_A_20250903-100917_01943.jpg,stream_images/PR_DEF_NB_A_20250903-100917_01943.jpg,2025-09-03 10:09:17,사전공정,불량,납부족 검사군,1943,R003602,24.21,24.29,24.31,24.39,24.41,40.72,41.22,41.79,41.83,42.21,0.3386,0.3188,0.2968,0.2703,0.2434,0.0174,0.0173,0.0185,0.0187,0.0183,87.58,87.49,87.3,87.07,87.04,24.322,41.554,0.29358,0.018039999999999997,87.296,4.884042567249829,3.52770260151639,True,EWMA+단일점,소음,85.20897846048156,습도,9.052084703537426,설비 가동 소음원 점검,24.322,24.41,24.21,0.07222188034107116,0.05,0.1999999999999993,0.04999999999999982,41.554,42.21,40.72,0.5233201696858247,0.3590000000000003,1.490000000000002,0.3725000000000005,0.29358,0.3386,0.2434,0.033862096804539436,-0.02389,0.0952,0.0238,0.018039999999999997,0.0187,0.0173,0.000578273291792039,0.0003200000000000005,0.001400000000000002,0.0004750000000000006,87.296,87.58,87.04,0.21675792949739897,-0.14999999999999858,0.539999999999992,0.134999999999998
PR_DEF_NB_A_20250903-101124_01944.jpg,stream_images/PR_DEF_NB_A_20250903-101124_01944.jpg,2025-09-03 10:11:24,사전공정,불량,납부족 검사군,1944,R003603,23.33,23.53,23.67,23.83,24.01,58.45,58.19,58.2,57.7,57.47,0.3937,0.3663,0.3365,0.3051,0.272,0.0457,0.0465,0.0478,0.0488,0.0498,63.4,63.21,63.3,62.86,62.63,23.674,58.001999999999995,0.33472,0.047720000000000005,63.08,3.2805608147039287,3.478274244153898,True,EWMA 상한 이탈,가속도,60.836033220431474,습도,17.474997818671113,컨베이어 이송계열 점검,23.674,24.01,23.33,0.2350829640786424,0.16600000000000037,0.6800000000000033,0.17000000000000082,58.001999999999995,58.45,57.47,0.3604108766394273,-0.24500000000000027,0.980000000000004,0.25000000000000355,0.33472,0.3937,0.272,0.04310509946630445,-0.030459999999999997,0.12169999999999997,0.030424999999999994,0.047720000000000005,0.0498,0.0457,0.0014878171930717836,0.0010500000000000002,0.0040999999999999995,0.0010249999999999999,63.08,63.4,62.63,0.28934408582170673,-0.18899999999999934,0.769999999999996,0.23749999999999716
PR_DEF_NB_A_20250903-101243_01945.jpg,stream_images/PR_DEF_NB_A_20250903-101243_01945.jpg,2025-09-03 10:12:43,사전공정,불량,납부족 검사군,1945,R003604,24.69,24.49,24.24,23.99,23.82,74.17,74.04,73.83,73.94,73.34,0.4511,0.4714,0.4907,0.5,0.5,0.0217,0.0239,0.0268,0.0299,0.0335,61.25,61.19,61.02,60.74,60.42,24.246,73.864,0.48263999999999996,0.02716,60.924,4.6637130317788005,3.7153620016788786,True,EWMA+단일점,습도,77.38330123980468,소음,10.35297685084387,자재 보관 환경 점검,24.246,24.69,23.82,0.31740195336513005,-0.2240000000000002,0.870000000000001,0.21750000000000025,73.864,74.17,73.34,0.28499824560863507,-0.17600000000000052,0.8299999999999983,0.2624999999999993,0.48263999999999996,0.5,0.4511,0.01891460811119279,0.012640000000000002,0.0489,0.012225,0.02716,0.0335,0.0217,0.004201713936002783,0.00296,0.011800000000000001,0.0029500000000000004,60.924,61.25,60.42,0.30793505808855115,-0.21099999999999924,0.8299999999999983,0.20749999999999957
PR_DEF_NB_A_20250903-101348_01946.jpg,stream_images/PR_DEF_NB_A_20250903-101348_01946.jpg,2025-09-03 10:13:48,사전공정,불량,납부족 검사군,1946,R003605,23.32,23.53,23.7,23.91,24.14,78.31,78.9,79.68,80.0,80.0,0.4922,0.5,0.5,0.5,0.5,0.0219,0.0202,0.0183,0.0166,0.0143,61.06,60.49,60.0,60.0,60.0,23.72,79.378,0.49844,0.01826,60.31,5.728199738410229,4.117929549025149,True,EWMA+단일점,습도,77.96526794986495,진동,8.439457464495808,자재 보관 환경 점검,23.72,24.14,23.32,0.2860069929215018,0.20199999999999996,0.8200000000000003,0.20500000000000007,79.378,80.0,78.31,0.6684429669014393,0.44799999999999895,1.6899999999999977,0.42249999999999943,0.49844,0.5,0.4922,0.0031199999999999895,0.0015599999999999948,0.007799999999999974,0.0019499999999999934,0.01826,0.0219,0.0143,0.002662780501656116,-0.0018799999999999997,0.007599999999999999,0.0018999999999999998,60.31,61.06,60.0,0.4202856171700393,-0.2610000000000007,1.0600000000000023,0.26500000000000057
PR_DEF_NB_A_20250903-101632_01947.jpg,stream_images/PR_DEF_NB_A_20250903-101632_01947.jpg,2025-09-03 10:16:32,사전공정,불량,납부족 검사군,1947,R003606,26.96,27.0,27.0,27.0,27.0,51.91,52.6,53.18,53.86,54.42,0.2502,0.2702,0.2826,0.2966,0.3152,0.0405,0.0404,0.0412,0.0417,0.0425,61.69,61.55,61.14,60.35,60.0,26.992,53.194,0.28296,0.041260000000000005,60.946000000000005,3.073112324521516,3.908966104124423,True,EWMA 상한 이탈,가속도,35.60406837862057,온도,31.073312038684502,컨베이어 이송계열 점검,26.992,27.0,26.96,0.01599999999999966,0.00799999999999983,0.03999999999999915,0.009999999999999787,53.194,54.42,51.91,0.8886304068621567,0.6280000000000008,2.510000000000005,0.6275000000000013,0.28296,0.3152,0.2502,0.022188429417153432,0.015639999999999998,0.065,0.01625,0.041260000000000005,0.0425,0.0404,0.0007812809993849855,0.0005300000000000006,0.0021000000000000046,0.0005500000000000019,60.946000000000005,61.69,60.0,0.6642469420328544,-0.45799999999999913,1.6899999999999977,0.42249999999999943
PR_DEF_NB_A_20250903-102037_01948.jpg,stream_images/PR_DEF_NB_A_20250903-102037_01948.jpg,2025-09-03 10:20:37,사전공정,불량,납부족 검사군,1948,R003607,24.14,24.19,24.26,24.35,24.46,59.44,60.0,60.0,60.0,60.0,0.3096,0.3232,0.3418,0.3588,0.3753,0.037,0.038,0.0381,0.0397,0.04,75.99,75.08,75.0,75.0,75.0,24.28,59.888,0.34174000000000004,0.03856,75.214,2.9618240161805764,3.7195376865356535,True,EWMA 상한 이탈,소음,35.633317294890624,습도,33.16502206958696,설비 가동 소음원 점검,24.28,24.46,24.14,0.11436782764396643,0.08000000000000007,0.3200000000000003,0.08000000000000007,59.888,60.0,59.44,0.22400000000000092,0.11200000000000046,0.5600000000000023,0.14000000000000057,0.34174000000000004,0.3753,0.3096,0.023639086276757836,0.01670000000000001,0.06570000000000004,0.01642500000000001,0.03856,0.04,0.037,0.0011253443917308163,0.0007700000000000005,0.0030000000000000027,0.0007500000000000007,75.214,75.99,75.0,0.38923514743660864,-0.2059999999999988,0.9899999999999949,0.24749999999999872
PR_DEF_NB_A_20250903-102342_01949.jpg,stream_images/PR_DEF_NB_A_20250903-102342_01949.jpg,2025-09-03 10:23:42,사전공정,불량,납부족 검사군,1949,R003608,26.69,26.9,27.0,27.0,27.0,45.65,45.83,45.91,46.35,46.76,0.5091,0.504,0.5,0.5,0.5,0.0194,0.0166,0.0139,0.0109,0.01,65.4,64.46,63.44,62.64,61.55,26.918,46.099999999999994,0.5026200000000001,0.01416,63.498000000000005,2.9096168146404855,3.55755351215662,True,EWMA 상한 이탈,진동,34.71928527085961,온도,32.00375000332375,실장 설비(마운터) 점검,26.918,27.0,26.69,0.12039933554633885,0.07199999999999988,0.3099999999999987,0.07749999999999968,46.099999999999994,46.76,45.65,0.4023928428786977,0.2740000000000002,1.1099999999999994,0.27749999999999986,0.5026200000000001,0.5091,0.5,0.003591322876044424,-0.0022199999999999998,0.009099999999999997,0.0022749999999999992,0.01416,0.0194,0.01,0.0035046255149444997,-0.00245,0.0094,0.00235,63.498000000000005,65.4,61.55,1.3473885853754306,-0.9520000000000011,3.8500000000000085,0.9625000000000021
PR_DEF_NB_A_20250903-102513_01950.jpg,stream_images/PR_DEF_NB_A_20250903-102513_01950.jpg,2025-09-03 10:25:13,사전공정,불량,납부족 검사군,1950,R003609,26.5,26.6,26.77,26.91,27.0,41.13,41.39,41.27,41.78,42.16,0.2351,0.2363,0.2311,0.2255,0.215,0.0457,0.0467,0.0475,0.0477,0.0488,60.13,61.39,62.4,63.39,64.33,26.756,41.54600000000001,0.2286,0.04728,62.327999999999996,3.7639950334984618,3.5988418164249887,True,EWMA+단일점,가속도,44.76487237649772,온도,16.16341664968816,컨베이어 이송계열 점검,26.756,27.0,26.5,0.18618270596379224,0.13099999999999987,0.5,0.125,41.54600000000001,42.16,41.13,0.37558487722484046,0.24499999999999886,1.029999999999994,0.31749999999999723,0.2286,0.2363,0.215,0.007776374476579691,-0.005100000000000002,0.021300000000000013,0.005625000000000005,0.04728,0.0488,0.0457,0.0010361467077590913,0.0007200000000000012,0.0031000000000000055,0.0007750000000000014,62.327999999999996,64.33,60.13,1.473233179099628,1.0399999999999991,4.199999999999996,1.049999999999999
PR_DEF_NB_A_20250903-102528_01951.jpg,stream_images/PR_DEF_NB_A_20250903-102528_01951.jpg,2025-09-03 10:25:28,사전공정,불량,납부족 검사군,1951,R003610,24.47,24.24,24.04,23.83,23.69,49.75,49.84,49.59,49.64,49.43,0.2787,0.2683,0.2611,0.2572,0.2516,0.0189,0.0196,0.022,0.0235,0.0258,85.66,85.81,86.05,86.46,86.7,24.054,49.65,0.26338,0.02196,86.136,4.454010517859121,3.7698755567118156,True,EWMA+단일점,소음,91.15912251026974,진동,4.951595850708966,설비 가동 소음원 점검,24.054,24.47,23.69,0.27947092872068047,-0.19699999999999954,0.7799999999999976,0.1949999999999994,49.65,49.84,49.43,0.14014278433083954,-0.08400000000000034,0.4100000000000037,0.15000000000000036,0.26338,0.2787,0.2516,0.009392209537696658,-0.006530000000000003,0.027100000000000013,0.006775000000000003,0.02196,0.0258,0.0189,0.002531876774252649,0.00177,0.0069,0.001725,86.136,86.7,85.66,0.39072240785498885,0.2730000000000004,1.0400000000000063,0.26000000000000156
PR_DEF_NB_A_20250903-102602_01952.jpg,stream_images/PR_DEF_NB_A_20250903-102602_01952.jpg,2025-09-03 10:26:02,사전공정,불량,납부족 검사군,1952,R003611,24.52,24.26,24.08,23.82,23.67,60.32,60.65,60.99,61.65,62.1,0.4554,0.4823,0.5,0.5,0.5,0.015,0.0168,0.0191,0.0212,0.0227,69.09,70.33,71.62,72.37,73.59,24.07,61.14200000000001,0.48754,0.018959999999999998,71.4,2.827252185580578,3.581350882485568,True,EWMA 상한 이탈,습도,46.19870596300324,진동,30.05676643226095,자재 보관 환경 점검,24.07,24.52,23.67,0.30371038836365105,-0.2139999999999997,0.8499999999999979,0.21249999999999947,61.14200000000001,62.1,60.32,0.6506427591236225,0.45600000000000024,1.7800000000000011,0.4450000000000003,0.48754,0.5,0.4554,0.017471073235494138,0.010689999999999995,0.04459999999999997,0.011149999999999993,0.018959999999999998,0.0227,0.015,0.002806136133547338,0.0019800000000000004,0.007700000000000002,0.0019250000000000005,71.4,73.59,69.09,1.5662949913729542,1.1040000000000005,4.5,1.125
PR_DEF_NB_A_20250903-103156_01953.jpg,stream_images/PR_DEF_NB_A_20250903-103156_01953.jpg,2025-09-03 10:31:56,사전공정,불량,납부족 검사군,1953,R003612,26.51,26.45,26.32,26.2,26.17,49.96,49.68,49.34,48.88,48.35,0.2766,0.3091,0.3381,0.3661,0.3968,0.0473,0.0465,0.0457,0.045,0.0442,65.17,65.33,66.03,66.35,66.42,26.330000000000002,49.242000000000004,0.33734,0.04574,65.86,2.6405935939331764,3.39319942477509,True,EWMA 상한 이탈,가속도,78.49760441786594,온도,18.810762492837828,컨베이어 이송계열 점검,26.330000000000002,26.51,26.17,0.13371611720357426,-0.09299999999999997,0.33999999999999986,0.08499999999999996,49.242000000000004,49.96,48.35,0.5733550383488397,-0.4019999999999996,1.6099999999999994,0.40249999999999986,0.33734,0.3968,0.2766,0.042071491535242714,0.029739999999999996,0.12019999999999997,0.030049999999999993,0.04574,0.0473,0.0442,0.001089219904335208,-0.0007699999999999999,0.0030999999999999986,0.0007749999999999996,65.86,66.42,65.17,0.5176098917138265,0.3519999999999996,1.25,0.3125
PR_DEF_NB_A_20250903-103255_01954.jpg,stream_images/PR_DEF_NB_A_20250903-103255_01954.jpg,2025-09-03 10:32:55,사전공정,불량,납부족 검사군,1954,R003613,23.83,23.89,23.93,23.93,23.97,61.45,60.93,60.9,60.34,60.0,0.3567,0.3484,0.3355,0.3235,0.314,0.0224,0.0202,0.0176,0.0159,0.0136,73.22,71.92,71.28,70.32,69.33,23.910000000000004,60.724000000000004,0.33562000000000003,0.01794,71.214,2.379125268457845,3.190384593511641,True,EWMA 상한 이탈,습도,60.16746730971985,온도,15.245519569525767,자재 보관 환경 점검,23.910000000000004,23.97,23.83,0.04732863826479712,0.03200000000000003,0.14000000000000057,0.03500000000000014,60.724000000000004,61.45,60.0,0.5044045995032165,-0.3490000000000002,1.4500000000000028,0.3625000000000007,0.33562000000000003,0.3567,0.314,0.015633476900549028,-0.011030000000000002,0.042700000000000016,0.010675000000000004,0.01794,0.0224,0.0136,0.0031019993552546072,-0.00219,0.0088,0.0022,71.214,73.22,69.33,1.3323302893802285,-0.9380000000000009,3.8900000000000006,0.9725000000000001
PR_DEF_NB_A_20250903-103609_01955.jpg,stream_images/PR_DEF_NB_A_20250903-103609_01955.jpg,2025-09-03 10:36:09,사전공정,불량,납부족 검사군,1955,R003614,26.81,26.53,26.3,26.07,25.81,66.03,65.21,64.31,63.54,63.13,0.3267,0.3154,0.3084,0.2987,0.2875,0.0213,0.0219,0.022,0.0222,0.0228,71.11,71.2,70.86,70.44,70.2,26.304000000000002,64.444,0.30734000000000006,0.02204,70.762,2.9144684273510926,3.135201360279532,True,EWMA 상한 이탈,습도,74.03421427770218,온도,15.060033821972906,자재 보관 환경 점검,26.304000000000002,26.81,25.81,0.34811492355255336,-0.24600000000000008,1.0,0.25,64.444,66.03,63.13,1.0643232591651832,-0.7469999999999992,2.8999999999999986,0.7249999999999996,0.30734000000000006,0.3267,0.2875,0.013484598622131846,-0.009510000000000001,0.03920000000000001,0.009800000000000003,0.02204,0.0228,0.0213,0.0004841487374764087,0.00033000000000000043,0.0015000000000000013,0.00037500000000000033,70.762,71.2,70.2,0.38524797209070427,-0.25799999999999984,1.0,0.27250000000000085
PR_DEF_NB_A_20250903-103611_01956.jpg,stream_images/PR_DEF_NB_A_20250903-103611_01956.jpg,2025-09-03 10:36:11,사전공정,불량,납부족 검사군,1956,R003615,24.16,24.06,23.94,23.92,23.9,59.56,59.62,59.96,60.0,60.0,0.2436,0.2243,0.2,0.2,0.2,0.0264,0.0231,0.021,0.0179,0.0145,75.93,76.38,76.57,76.83,77.24,23.996,59.827999999999996,0.21357999999999996,0.02058,76.59,3.253771477075124,3.1589153836386505,True,EWMA 상한 이탈,소음,40.78018538381292,습도,26.988459797137853,설비 가동 소음원 점검,23.996,24.16,23.9,0.09911609354691069,-0.06600000000000002,0.26000000000000156,0.06500000000000039,59.827999999999996,60.0,59.56,0.19579581200832671,0.1259999999999998,0.4399999999999977,0.10999999999999943,0.21357999999999996,0.2436,0.2,0.017716478205331895,-0.011149999999999998,0.0436,0.0109,0.02058,0.0264,0.0145,0.004112128402664488,-0.0029,0.011899999999999999,0.0029749999999999998,76.59,77.24,75.93,0.43822368717356797,0.3069999999999979,1.309999999999988,0.327499999999997
PR_DEF_NB_A_20250903-103657_01957.jpg,stream_images/PR_DEF_NB_A_20250903-103657_01957.jpg,2025-09-03 10:36:57,사전공정,불량,납부족 검사군,1957,R003616,23.87,23.81,23.76,23.72,23.66,44.57,44.27,43.62,43.04,42.66,0.2155,0.2198,0.2283,0.2265,0.2299,0.0276,0.0261,0.0252,0.0252,0.0233,79.26,79.71,80.03,80.35,80.81,23.764,43.632,0.22400000000000003,0.025480000000000003,80.03200000000001,3.5343626342431254,3.2340048337595455,True,EWMA 상한 이탈,소음,64.94768937220043,진동,16.395521439668155,설비 가동 소음원 점검,23.764,23.87,23.66,0.07227724399837081,-0.051000000000000156,0.21000000000000085,0.05250000000000021,43.632,44.57,42.66,0.7186487319963784,-0.5050000000000011,1.9100000000000037,0.4775000000000009,0.22400000000000003,0.2299,0.2155,0.0054669918602463655,0.00355,0.014399999999999996,0.004499999999999997,0.025480000000000003,0.0276,0.0233,0.0013991425945914157,-0.0009499999999999998,0.004299999999999998,0.0010749999999999996,80.03200000000001,80.81,79.26,0.5302980294136489,0.3739999999999995,1.5499999999999972,0.3874999999999993
PR_DEF_NB_A_20250903-103709_01958.jpg,stream_images/PR_DEF_NB_A_20250903-103709_01958.jpg,2025-09-03 10:37:09,사전공정,불량,납부족 검사군,1958,R003617,26.45,26.64,26.91,27.0,27.0,63.99,63.82,63.28,63.38,62.88,0.4174,0.436,0.458,0.4786,0.5,0.0396,0.0374,0.0352,0.0333,0.0313,65.04,64.42,64.15,63.66,62.84,26.8,63.470000000000006,0.458,0.03536,64.022,3.3431078592062717,3.2558254388488908,True,EWMA 상한 이탈,습도,47.88053092354254,온도,21.299172577139153,자재 보관 환경 점검,26.8,27.0,26.45,0.21918029108475987,0.14600000000000007,0.5500000000000007,0.13750000000000018,63.470000000000006,63.99,62.88,0.396282727355104,-0.2659999999999997,1.1099999999999994,0.32750000000000057,0.458,0.5,0.4174,0.02939632630108736,0.020780000000000003,0.0826,0.02065,0.03536,0.0396,0.0313,0.002928890574944718,-0.0020700000000000002,0.008300000000000002,0.0020750000000000005,64.022,65.04,62.84,0.740172952761719,-0.5160000000000011,2.200000000000003,0.5500000000000007
PR_DEF_NB_A_20250903-103710_01959.jpg,stream_images/PR_DEF_NB_A_20250903-103710_01959.jpg,2025-09-03 10:37:10,사전공정,불량,납부족 검사군,1959,R003618,25.68,25.88,26.01,26.15,26.31,56.13,56.41,56.63,56.79,56.79,0.3019,0.3225,0.3491,0.3732,0.399,0.021,0.024,0.0257,0.028,0.0315,84.2,83.64,83.21,83.11,82.81,26.006,56.55,0.34914,0.026039999999999997,83.394,3.9244828748779055,3.389556926054694,True,EWMA+단일점,소음,86.70692174583158,습도,8.26591510801738,설비 가동 소음원 점검,26.006,26.31,25.68,0.21694238866574658,0.15299999999999975,0.629999999999999,0.15749999999999975,56.55,56.79,56.13,0.2520317440323732,0.16999999999999957,0.6599999999999966,0.16499999999999915,0.34914,0.399,0.3019,0.0346589440116112,0.02449,0.09710000000000002,0.024275000000000005,0.026039999999999997,0.0315,0.021,0.0035589886203807953,0.0024999999999999996,0.010499999999999999,0.0026249999999999997,83.394,84.2,82.81,0.4828498731489954,-0.33100000000000024,1.3900000000000006,0.34750000000000014
PR_DEF_NB_A_20250903-103731_01960.jpg,stream_images/PR_DEF_NB_A_20250903-103731_01960.jpg,2025-09-03 10:37:31,사전공정,불량,납부족 검사군,1960,R003619,24.93,24.76,24.61,24.47,24.32,41.22,40.61,40.0,40.0,40.0,0.3814,0.4058,0.4288,0.4535,0.4787,0.0246,0.0253,0.0266,0.0275,0.0287,84.18,83.74,83.86,83.77,84.05,24.618000000000002,40.366,0.42964,0.026539999999999998,83.92,4.216662997956272,3.5549781404350096,True,EWMA+단일점,소음,78.97635332318748,습도,15.83718453057983,설비 가동 소음원 점검,24.618000000000002,24.93,24.32,0.2136726468221894,-0.15100000000000016,0.6099999999999994,0.15249999999999986,40.366,41.22,40.0,0.48799999999999955,-0.3049999999999997,1.2199999999999989,0.3049999999999997,0.42964,0.4787,0.3814,0.03427048876219889,0.02423,0.0973,0.024325,0.026539999999999998,0.0287,0.0246,0.0014759403781996073,0.00104,0.0040999999999999995,0.0010249999999999999,83.92,84.18,83.74,0.1691153452528811,-0.023000000000001818,0.44000000000001194,0.23250000000000526
PR_DEF_NB_A_20250903-103757_01961.jpg,stream_images/PR_DEF_NB_A_20250903-103757_01961.jpg,2025-09-03 10:37:57,사전공정,불량,납부족 검사군,1961,R003620,25.22,25.25,25.26,25.23,25.23,44.8,44.73,44.34,43.93,43.61,0.229,0.2038,0.2,0.2,0.2,0.0488,0.0491,0.0497,0.05,0.05,62.57,62.12,62.09,62.24,62.21,25.238000000000003,44.282000000000004,0.20656,0.049519999999999995,62.246,3.5948073185842193,3.562943976064852,True,EWMA 상한 이탈,가속도,59.626354274474615,진동,20.881355428251155,컨베이어 이송계열 점검,25.238000000000003,25.26,25.22,0.014696938456699723,3.552713678800501e-16,0.0400000000000027,0.01750000000000096,44.282000000000004,44.8,43.61,0.4577947138183218,-0.3179999999999993,1.1899999999999977,0.29749999999999943,0.20656,0.229,0.2,0.011316112406652737,-0.00618,0.028999999999999998,0.0072499999999999995,0.049519999999999995,0.05,0.0488,0.0004874423042781582,0.00033000000000000043,0.0011999999999999997,0.0002999999999999999,62.246,62.57,62.09,0.1711841114122451,-0.05999999999999943,0.4799999999999969,0.16499999999999915
PR_DEF_NB_A_20250903-104240_01962.jpg,stream_images/PR_DEF_NB_A_20250903-104240_01962.jpg,2025-09-03 10:42:40,사전공정,불량,납부족 검사군,1962,R003621,26.36,26.09,25.84,25.5,25.28,52.35,52.41,52.02,52.15,52.02,0.522,0.5264,0.5332,0.5415,0.5513,0.0216,0.0197,0.0178,0.0163,0.0151,70.64,69.84,69.36,68.92,68.29,25.814,52.19,0.53488,0.018099999999999998,69.41000000000001,2.4059857287495565,3.331552326601793,True,EWMA 상한 이탈,진동,75.19131333495595,가속도,10.645906743700905,실장 설비(마운터) 점검,25.814,26.36,25.28,0.3895433223660747,-0.27499999999999963,1.0799999999999983,0.2699999999999996,52.19,52.41,52.02,0.16334013591276147,-0.09199999999999946,0.38999999999999346,0.17749999999999488,0.53488,0.5513,0.522,0.010526803883420647,0.007369999999999999,0.029299999999999993,0.007324999999999998,0.018099999999999998,0.0216,0.0151,0.0023298068589477543,-0.0016400000000000002,0.006500000000000001,0.0016250000000000001,69.41000000000001,70.64,68.29,0.7993497357227296,-0.5619999999999991,2.3499999999999943,0.5874999999999986
PR_DEF_NB_A_20250903-104242_01963.jpg,stream_images/PR_DEF_NB_A_20250903-104242_01963.jpg,2025-09-03 10:42:42,사전공정,불량,납부족 검사군,1963,R003622,23.27,23.04,23.0,23.0,23.0,64.46,65.0,65.17,64.97,65.24,0.2631,0.2961,0.327,0.3598,0.3876,0.0262,0.0299,0.0335,0.0368,0.04,72.06,71.83,71.15,71.0,71.17,23.062,64.968,0.32672,0.033280000000000004,71.442,3.336221975049407,3.332486256291316,True,EWMA 상한 이탈,습도,59.707868711805745,온도,24.57872503358283,자재 보관 환경 점검,23.062,23.27,23.0,0.1051475154247592,-0.05799999999999983,0.2699999999999996,0.0674999999999999,64.968,65.24,64.46,0.27345200675804315,0.1530000000000001,0.7800000000000011,0.2950000000000017,0.32672,0.3876,0.2631,0.04423986437592232,0.031270000000000006,0.1245,0.031125,0.033280000000000004,0.04,0.0262,0.004881557128621972,0.0034500000000000004,0.0138,0.00345,71.442,72.06,71.0,0.4212077872024679,-0.26099999999999995,1.0600000000000023,0.307500000000001
PR_DEF_NB_A_20250903-104310_01964.jpg,stream_images/PR_DEF_NB_A_20250903-104310_01964.jpg,2025-09-03 10:43:10,사전공정,불량,납부족 검사군,1964,R003623,26.25,26.01,25.84,25.66,25.47,72.07,72.63,73.2,73.2,73.63,0.3491,0.373,0.4035,0.4331,0.4625,0.0334,0.0345,0.0357,0.0365,0.0378,63.41,63.24,62.86,62.22,61.57,25.846000000000004,72.946,0.40424,0.03558,62.660000000000004,4.376725340128707,3.541334073058794,True,EWMA+단일점,습도,81.56477291118529,가속도,7.372575994783624,자재 보관 환경 점검,25.846000000000004,26.25,25.47,0.27059933481071285,-0.19100000000000036,0.7800000000000011,0.19500000000000028,72.946,73.63,72.07,0.5411321465224574,0.3690000000000012,1.5600000000000023,0.39000000000000057,0.40424,0.4625,0.3491,0.04060549716479285,0.02869,0.1134,0.02835,0.03558,0.0378,0.0334,0.0015302287410710856,0.0010799999999999998,0.004400000000000001,0.0011000000000000003,62.660000000000004,63.41,61.57,0.6812635319756954,-0.4699999999999996,1.8399999999999963,0.4599999999999991
PR_DEF_NB_A_20250903-104458_01965.jpg,stream_images/PR_DEF_NB_A_20250903-104458_01965.jpg,2025-09-03 10:44:58,사전공정,불량,납부족 검사군,1965,R003624,25.41,25.24,25.12,25.03,24.88,72.38,72.18,72.25,72.05,71.86,0.4994,0.4769,0.457,0.4365,0.4198,0.0215,0.0192,0.0162,0.0133,0.01,66.02,65.16,64.23,63.21,62.21,25.136,72.144,0.45792,0.01604,64.166,4.202893231084554,3.6736459046639465,True,EWMA+단일점,습도,82.4985317060384,진동,8.277396143312977,자재 보관 환경 점검,25.136,25.41,24.88,0.18051038751274123,-0.12699999999999995,0.5300000000000011,0.13250000000000028,72.144,72.38,71.86,0.17760630619434614,-0.11700000000000017,0.519999999999996,0.1649999999999956,0.45792,0.4994,0.4198,0.02826173384631594,-0.01996,0.0796,0.0199,0.01604,0.0215,0.01,0.004094191006780216,-0.0028899999999999993,0.011499999999999998,0.0028749999999999995,64.166,66.02,62.21,1.3542023482478514,-0.9569999999999986,3.809999999999995,0.9524999999999988
PR_DEF_NB_A_20250903-105018_01966.jpg,stream_images/PR_DEF_NB_A_20250903-105018_01966.jpg,2025-09-03 10:50:18,사전공정,불량,납부족 검사군,1966,R003625,25.65,25.96,26.22,26.47,26.73,44.16,43.25,42.25,40.97,40.27,0.3884,0.4083,0.4189,0.4307,0.4478,0.045,0.0458,0.0466,0.0471,0.0474,61.61,63.29,64.22,65.5,66.78,26.206,42.18,0.41882,0.04638,64.28,3.1418028060737,3.567277284945898,True,EWMA 상한 이탈,가속도,58.7399578838366,습도,18.87785179648465,컨베이어 이송계열 점검,26.206,26.73,25.65,0.37792062658711845,0.2670000000000002,1.0800000000000018,0.27000000000000046,42.18,44.16,40.27,1.4270529072182276,-1.005999999999999,3.8899999999999935,0.9724999999999984,0.41882,0.4478,0.3884,0.020084959546884818,0.014119999999999994,0.05939999999999995,0.014849999999999988,0.04638,0.0474,0.045,0.0008772684879784528,0.0006100000000000001,0.0023999999999999994,0.0005999999999999998,64.28,66.78,61.61,1.7805055461862516,1.2550000000000003,5.170000000000002,1.2925000000000004
PR_DEF_NB_A_20250903-105028_01967.jpg,stream_images/PR_DEF_NB_A_20250903-105028_01967.jpg,2025-09-03 10:50:28,사전공정,불량,납부족 검사군,1967,R003626,23.3,23.38,23.4,23.45,23.49,44.59,44.72,44.91,44.69,44.94,0.4062,0.4107,0.4151,0.4231,0.4295,0.0202,0.0173,0.0149,0.0125,0.0106,87.01,87.71,88.83,89.65,90.0,23.404,44.769999999999996,0.41692,0.015099999999999999,88.64000000000001,5.273049565629804,3.908431741082679,True,EWMA+단일점,소음,83.80269400125027,온도,6.655064951083292,설비 가동 소음원 점검,23.404,23.49,23.3,0.06468384651518426,0.044999999999999575,0.18999999999999773,0.04749999999999943,44.769999999999996,44.94,44.59,0.13401492454200578,0.06699999999999875,0.3499999999999943,0.197499999999998,0.41692,0.4295,0.4062,0.00840675918532224,0.005899999999999994,0.023299999999999987,0.005824999999999997,0.015099999999999999,0.0202,0.0106,0.0034029399054347105,-0.0024,0.0096,0.0024,88.64000000000001,90.0,87.01,1.1338077438437264,0.7920000000000001,2.989999999999995,0.7474999999999987
PR_DEF_NB_A_20250903-105114_01968.jpg,stream_images/PR_DEF_NB_A_20250903-105114_01968.jpg,2025-09-03 10:51:14,사전공정,불량,납부족 검사군,1968,R003627,26.43,26.45,26.52,26.57,26.58,78.65,78.82,79.26,79.44,79.51,0.2517,0.2578,0.2589,0.2664,0.2697,0.0226,0.0241,0.0258,0.0269,0.0285,62.97,64.21,64.86,65.53,66.7,26.51,79.136,0.2609,0.02558,64.854,5.346655302006129,4.196076453267369,True,EWMA+단일점,습도,89.0862763688611,온도,5.934152876722105,자재 보관 환경 점검,26.51,26.58,26.43,0.06099180272790748,0.041999999999999815,0.14999999999999858,0.037499999999999645,79.136,79.51,78.65,0.34167821118707653,0.23400000000000035,0.8599999999999994,0.21499999999999986,0.2609,0.2697,0.2517,0.006417787780847862,0.004460000000000008,0.018000000000000016,0.004500000000000004,0.02558,0.0285,0.0226,0.002068235963327203,0.0014600000000000006,0.0059000000000000025,0.0014750000000000006,64.854,66.7,62.97,1.251312910506403,0.8780000000000016,3.730000000000004,0.932500000000001
PR_DEF_NB_A_20250903-105218_01969.jpg,stream_images/PR_DEF_NB_A_20250903-105218_01969.jpg,2025-09-03 10:52:18,사전공정,불량,납부족 검사군,1969,R003628,23.78,23.53,23.27,23.09,23.0,54.66,54.59,54.2,53.99,54.06,0.5678,0.5771,0.5829,0.591,0.5974,0.0287,0.0305,0.0321,0.0336,0.0356,73.75,73.27,72.48,72.14,71.36,23.334,54.3,0.5832399999999999,0.0321,72.6,3.3945452357387773,4.035770209761651,True,EWMA 상한 이탈,진동,60.32856201394009,온도,17.632718931316546,실장 설비(마운터) 점검,23.334,23.78,23.0,0.287235095348741,-0.20000000000000034,0.7800000000000011,0.19500000000000028,54.3,54.66,53.99,0.2747362371439183,-0.179999999999999,0.6699999999999946,0.18499999999999872,0.5832399999999999,0.5974,0.5678,0.01036274095015409,0.007310000000000016,0.02960000000000007,0.007400000000000018,0.0321,0.0356,0.0287,0.0023924882444852262,0.0016899999999999999,0.0069,0.001725,72.6,73.75,71.36,0.8408329203831156,-0.5909999999999996,2.3900000000000006,0.5975000000000001
PR_DEF_NB_A_20250903-105344_01970.jpg,stream_images/PR_DEF_NB_A_20250903-105344_01970.jpg,2025-09-03 10:53:44,사전공정,불량,납부족 검사군,1970,R003629,25.27,25.5,25.72,25.92,26.05,55.57,55.02,54.62,54.07,53.34,0.538,0.5422,0.55,0.5578,0.567,0.0199,0.0182,0.0168,0.0159,0.0144,66.34,65.49,64.5,63.2,62.13,25.692,54.524,0.5509999999999999,0.01704,64.332,2.7219886869661196,3.7730139052025446,True,EWMA 상한 이탈,진동,69.07237750708369,가속도,10.985604007506595,실장 설비(마운터) 점검,25.692,26.05,25.27,0.2813823022153318,0.1980000000000004,0.7800000000000011,0.19500000000000028,54.524,55.57,53.34,0.7690669671751602,-0.5409999999999997,2.229999999999997,0.5574999999999992,0.5509999999999999,0.567,0.538,0.010485036957493251,0.007359999999999978,0.028999999999999915,0.007249999999999979,0.01704,0.0199,0.0144,0.00188955021102907,-0.0013300000000000002,0.005500000000000001,0.0013750000000000004,64.332,66.34,62.13,1.5186493999603716,-1.0709999999999993,4.210000000000001,1.0525000000000002
PR_DEF_NB_A_20250903-105450_01971.jpg,stream_images/PR_DEF_NB_A_20250903-105450_01971.jpg,2025-09-03 10:54:50,사전공정,불량,납부족 검사군,1971,R003630,25.74,26.07,26.38,26.65,26.93,51.65,51.6,51.55,51.47,51.52,0.308,0.3227,0.335,0.3448,0.3579,0.045,0.0453,0.0465,0.0476,0.0476,73.55,72.5,71.43,70.42,69.18,26.354000000000003,51.55800000000001,0.33368000000000003,0.0464,71.41600000000001,2.851832626754913,3.5887776495130184,True,EWMA 상한 이탈,가속도,72.03534929099624,온도,16.79964840550578,컨베이어 이송계열 점검,26.354000000000003,26.93,25.74,0.41897971311269966,0.2960000000000001,1.1900000000000013,0.2975000000000003,51.55800000000001,51.65,51.47,0.06241794613730873,-0.03899999999999935,0.17999999999999972,0.057500000000000995,0.33368000000000003,0.3579,0.308,0.017274420395486503,0.012190000000000001,0.0499,0.012475,0.0464,0.0476,0.045,0.0011009087155618327,0.0007500000000000013,0.002600000000000005,0.0006500000000000013,71.41600000000001,73.55,69.18,1.5310728264847464,-1.0819999999999979,4.36999999999999,1.0924999999999976
PR_DEF_NB_A_20250903-105524_01972.jpg,stream_images/PR_DEF_NB_A_20250903-105524_01972.jpg,2025-09-03 10:55:24,사전공정,불량,납부족 검사군,1972,R003631,26.1,26.12,26.17,26.2,26.23,49.26,50.31,51.03,51.6,52.4,0.3922,0.3756,0.3607,0.3495,0.3392,0.0328,0.0309,0.0281,0.0257,0.022,83.91,83.06,82.18,81.0,80.32,26.163999999999998,50.92,0.36344,0.0279,82.094,3.5164625765510737,3.5743146349206296,True,EWMA 상한 이탈,소음,90.62597910122341,온도,8.185998783284761,설비 가동 소음원 점검,26.163999999999998,26.23,26.1,0.048414873747640315,0.03399999999999963,0.129999999999999,0.03249999999999975,50.92,52.4,49.26,1.0763456693832147,0.757,3.1400000000000006,0.7850000000000001,0.36344,0.3922,0.3392,0.018785164359142563,-0.01321,0.05299999999999999,0.013249999999999998,0.0279,0.0328,0.022,0.0038131351929875244,-0.002680000000000001,0.010800000000000004,0.002700000000000001,82.094,83.91,80.32,1.310138923931353,-0.9240000000000009,3.5900000000000034,0.8975000000000009
PR_DEF_NB_A_20250903-105533_01973.jpg,stream_images/PR_DEF_NB_A_20250903-105533_01973.jpg,2025-09-03 10:55:33,사전공정,불량,납부족 검사군,1973,R003632,23.89,23.95,24.0,24.1,24.23,47.34,46.76,46.03,45.36,45.21,0.3976,0.4116,0.4253,0.4425,0.4573,0.0134,0.0136,0.0141,0.0146,0.0135,76.28,75.6,75.0,75.0,75.0,24.034,46.14,0.42686,0.01384,75.376,2.5919267540027886,3.377837058737062,True,EWMA 상한 이탈,소음,48.2067538481245,가속도,23.827426689198052,설비 가동 소음원 점검,24.034,24.23,23.89,0.1197664393726392,0.08300000000000018,0.33999999999999986,0.08499999999999996,46.14,47.34,45.21,0.8136092428186893,-0.5660000000000004,2.1300000000000026,0.5325000000000006,0.42686,0.4573,0.3976,0.02127276192693369,0.015029999999999993,0.059699999999999975,0.014924999999999994,0.01384,0.0146,0.0134,0.00044988887516807973,0.00011999999999999996,0.0011999999999999997,0.000575,75.376,76.28,75.0,0.5082361655765948,-0.31599999999999967,1.2800000000000011,0.3200000000000003
PR_DEF_NB_A_20250903-105556_01974.jpg,stream_images/PR_DEF_NB_A_20250903-105556_01974.jpg,2025-09-03 10:55:56,사전공정,불량,납부족 검사군,1974,R003633,24.37,24.57,24.75,24.96,25.14,50.39,50.84,51.72,52.57,53.16,0.5454,0.5394,0.534,0.5299,0.5243,0.0162,0.0182,0.0205,0.0226,0.0246,60.65,60.01,60.0,60.0,60.0,24.758000000000003,51.73599999999999,0.5346,0.02042,60.13199999999999,2.7496878288989564,3.252207212769441,True,EWMA 상한 이탈,진동,57.119151642228005,소음,37.65162626605637,실장 설비(마운터) 점검,24.758000000000003,25.14,24.37,0.2730128202117988,0.19299999999999998,0.7699999999999996,0.1924999999999999,51.73599999999999,53.16,50.39,1.0332589220519688,0.7269999999999989,2.769999999999996,0.692499999999999,0.5346,0.5454,0.5243,0.00732420644165632,-0.005169999999999997,0.021100000000000008,0.005275000000000002,0.02042,0.0246,0.0162,0.00299893314363625,0.00212,0.008400000000000001,0.0021000000000000003,60.13199999999999,60.65,60.0,0.2590289559103379,-0.1309999999999995,0.6499999999999986,0.16249999999999964
PR_DEF_NB_A_20250903-105625_01975.jpg,stream_images/PR_DEF_NB_A_20250903-105625_01975.jpg,2025-09-03 10:56:25,사전공정,불량,납부족 검사군,1975,R003634,24.07,23.91,23.81,23.69,23.5,49.57,49.33,48.97,48.55,48.33,0.4947,0.4969,0.5,0.5,0.5,0.0412,0.0405,0.0404,0.04,0.04,62.73,62.92,63.04,63.54,63.96,23.796,48.95,0.49832,0.04042,63.238,2.8040190492053223,3.1625695800566174,True,EWMA 상한 이탈,가속도,38.465730583894114,진동,35.460017781552736,컨베이어 이송계열 점검,23.796,24.07,23.5,0.1934528366294999,-0.13599999999999995,0.5700000000000003,0.14250000000000007,48.95,49.57,48.33,0.4633788946423873,-0.3260000000000005,1.240000000000002,0.3100000000000005,0.49832,0.5,0.4947,0.002172003683238137,0.0013700000000000045,0.005300000000000027,0.0013250000000000067,0.04042,0.0412,0.04,0.0004399999999999999,-0.00029,0.0011999999999999997,0.0002999999999999999,63.238,63.96,62.73,0.44963985588468536,0.30800000000000055,1.230000000000004,0.307500000000001
PR_DEF_NB_A_20250903-105825_01976.jpg,stream_images/PR_DEF_NB_A_20250903-105825_01976.jpg,2025-09-03 10:58:25,사전공정,불량,납부족 검사군,1976,R003635,23.99,24.15,24.34,24.51,24.7,51.82,52.26,52.36,52.67,52.93,0.4941,0.4972,0.4999,0.5,0.5,0.0154,0.0138,0.0116,0.01,0.01,77.08,77.14,77.0,76.82,76.84,24.338,52.408,0.49824,0.01216,76.976,3.1840953086753214,3.1668747257803584,True,EWMA 상한 이탈,소음,46.58115580191109,진동,27.63036134291387,설비 가동 소음원 점검,24.338,24.7,23.99,0.2518253362948223,0.17800000000000046,0.7100000000000009,0.1775000000000002,52.408,52.93,51.82,0.37711536696347997,0.26300000000000023,1.1099999999999994,0.27749999999999986,0.49824,0.5,0.4941,0.0023311799587333545,0.0014600000000000058,0.005900000000000016,0.001475000000000004,0.01216,0.0154,0.01,0.002136913662270893,-0.00146,0.0054,0.00135,76.976,77.14,76.82,0.12737346662472607,-0.07999999999999971,0.3200000000000074,0.10000000000000497
PR_DEF_NB_A_20250903-105940_01977.jpg,stream_images/PR_DEF_NB_A_20250903-105940_01977.jpg,2025-09-03 10:59:40,사전공정,불량,납부족 검사군,1977,R003636,25.44,25.61,25.85,26.11,26.34,58.92,59.66,60.0,60.0,60.0,0.5841,0.5933,0.5991,0.6,0.6,0.012,0.0104,0.01,0.01,0.01,60.59,61.6,63.29,64.42,65.18,25.869999999999997,59.715999999999994,0.5953,0.01048,63.016,3.839347815409346,3.301369343706156,True,EWMA+단일점,진동,51.83357767907738,습도,18.88347217418709,실장 설비(마운터) 점검,25.869999999999997,26.34,25.44,0.3260061349115991,0.2299999999999997,0.8999999999999986,0.22499999999999964,59.715999999999994,60.0,58.92,0.41921832021036426,0.25,1.0799999999999983,0.2699999999999996,0.5953,0.6,0.5841,0.006132862300753217,0.003849999999999998,0.015900000000000025,0.003975000000000006,0.01048,0.012,0.01,0.0007756287771866127,-0.00043999999999999996,0.002,0.0005,63.016,65.18,60.59,1.7099543853565224,1.2000000000000006,4.590000000000003,1.1475000000000009
PR_DEF_NB_A_20250903-110112_01978.jpg,stream_images/PR_DEF_NB_A_20250903-110112_01978.jpg,2025-09-03 11:01:12,사전공정,불량,납부족 검사군,1978,R003637,26.75,26.77,26.78,26.77,26.79,61.53,61.24,61.36,61.64,62.01,0.4843,0.4913,0.4903,0.4892,0.4902,0.0247,0.0257,0.0267,0.0277,0.0283,63.6,64.33,64.63,65.26,65.53,26.772,61.556,0.48906,0.026619999999999998,64.67,3.020688802553653,3.2452332354756557,True,EWMA 상한 이탈,습도,43.10592995623942,진동,26.64258516308926,자재 보관 환경 점검,26.772,26.79,26.75,0.01326649916142153,0.00799999999999983,0.03999999999999915,0.015000000000000568,61.556,62.01,61.24,0.26537520607622606,0.13599999999999923,0.769999999999996,0.2649999999999988,0.48906,0.4913,0.4843,0.0024711131095115856,0.0009700000000000042,0.007000000000000006,0.0025249999999999995,0.026619999999999998,0.0283,0.0247,0.00130598621738516,0.0009199999999999996,0.003599999999999999,0.0008999999999999998,64.67,65.53,63.6,0.6855362864210773,0.47900000000000065,1.9299999999999997,0.48249999999999993
PR_DEF_NB_A_20250903-110303_01979.jpg,stream_images/PR_DEF_NB_A_20250903-110303_01979.jpg,2025-09-03 11:03:03,사전공정,불량,납부족 검사군,1979,R003638,25.87,25.59,25.31,25.0,24.71,41.72,41.37,41.57,41.45,41.34,0.5357,0.5299,0.5204,0.5126,0.5078,0.0154,0.0139,0.0109,0.01,0.01,65.84,65.1,64.61,63.82,62.89,25.296,41.49,0.52128,0.01204,64.452,2.9503740094953423,3.186261390279593,True,EWMA 상한 이탈,진동,43.04228381840846,습도,25.565006319503414,실장 설비(마운터) 점검,25.296,25.87,24.71,0.4116114672843797,-0.29100000000000004,1.1600000000000001,0.29000000000000004,41.49,41.72,41.34,0.13985706989637592,-0.06799999999999855,0.37999999999999545,0.19500000000000028,0.52128,0.5357,0.5078,0.01039295915512035,-0.0073099999999999945,0.027899999999999925,0.006974999999999981,0.01204,0.0154,0.01,0.002207804339156892,-0.00147,0.0054,0.00135,64.452,65.84,62.89,1.0208506257038783,-0.718,2.950000000000003,0.7375000000000007
PR_DEF_NB_A_20250903-110503_01980.jpg,stream_images/PR_DEF_NB_A_20250903-110503_01980.jpg,2025-09-03 11:05:03,사전공정,불량,납부족 검사군,1980,R003639,25.77,25.81,25.86,25.88,25.88,41.9,42.23,41.76,41.85,41.79,0.2551,0.2651,0.2791,0.2868,0.2986,0.0447,0.0459,0.0472,0.0487,0.0496,63.77,64.49,65.65,66.8,67.43,25.839999999999996,41.90599999999999,0.27694,0.04722,65.628,3.1197608044325618,3.172961273110187,True,EWMA 상한 이탈,가속도,64.76636175017231,습도,20.6292094136279,컨베이어 이송계열 점검,25.839999999999996,25.88,25.77,0.0433589667773575,0.028999999999999915,0.10999999999999943,0.027499999999999858,41.90599999999999,42.23,41.76,0.16906803364326364,-0.05999999999999943,0.46999999999999886,0.2375000000000007,0.27694,0.2986,0.2551,0.015415654381180185,0.010869999999999996,0.04349999999999998,0.010874999999999996,0.04722,0.0496,0.0447,0.0017859451279364658,0.00126,0.004900000000000002,0.0012250000000000004,65.628,67.43,63.77,1.3688301574702406,0.963000000000001,3.6600000000000037,0.9150000000000009
PR_DEF_NB_A_20250903-110557_01981.jpg,stream_images/PR_DEF_NB_A_20250903-110557_01981.jpg,2025-09-03 11:05:57,사전공정,불량,납부족 검사군,1981,R003640,25.07,25.05,24.99,24.98,24.9,50.37,50.08,49.74,49.24,48.53,0.5598,0.5615,0.5612,0.5608,0.5639,0.023,0.0249,0.0276,0.0301,0.0323,64.69,63.96,62.89,61.84,61.0,24.998,49.592,0.5614399999999999,0.02758,62.876,2.6226828477486883,3.0629055880378875,True,EWMA 상한 이탈,진동,82.39081451110192,소음,16.311923928955462,실장 설비(마운터) 점검,24.998,25.07,24.9,0.059799665550904886,-0.04100000000000037,0.1700000000000017,0.042500000000000426,49.592,50.37,48.53,0.6507042338881761,-0.4519999999999989,1.8399999999999963,0.4599999999999991,0.5614399999999999,0.5639,0.5598,0.001357350360076567,0.0007499999999999951,0.0040999999999999925,0.001375000000000015,0.02758,0.0323,0.023,0.00337010385596646,0.0023800000000000006,0.009300000000000003,0.0023250000000000007,62.876,64.69,61.0,1.3459955423403145,-0.9499999999999993,3.6899999999999977,0.9224999999999994
PR_DEF_NB_A_20250903-110738_01982.jpg,stream_images/PR_DEF_NB_A_20250903-110738_01982.jpg,2025-09-03 11:07:38,사전공정,불량,납부족 검사군,1982,R003641,26.46,26.37,26.23,26.1,25.99,56.72,56.54,56.01,55.95,55.16,0.2714,0.2769,0.285,0.3034,0.3088,0.0452,0.0454,0.0468,0.0468,0.048,70.88,70.03,69.36,67.99,66.89,26.23,56.076,0.28909999999999997,0.04644,69.03,2.955292350138119,3.041382940457934,True,EWMA 상한 이탈,가속도,67.48956404033774,온도,12.952058784520545,컨베이어 이송계열 점검,26.23,26.46,25.99,0.17146428199482308,-0.12100000000000044,0.4700000000000024,0.1175000000000006,56.076,56.72,55.16,0.5457691819808084,-0.3710000000000001,1.5600000000000023,0.39000000000000057,0.28909999999999997,0.3088,0.2714,0.01463912565695098,0.01013000000000001,0.037400000000000044,0.009350000000000011,0.04644,0.048,0.0452,0.0010307278981380107,0.0007000000000000006,0.002800000000000004,0.000700000000000001,69.03,70.88,66.89,1.4277674880736004,-1.0019999999999996,3.989999999999995,0.9974999999999987
PR_DEF_NB_A_20250903-110904_01983.jpg,stream_images/PR_DEF_NB_A_20250903-110904_01983.jpg,2025-09-03 11:09:04,사전공정,불량,납부족 검사군,1983,R003642,23.68,23.74,23.83,23.92,23.97,41.6,42.01,42.55,43.37,44.08,0.5923,0.5988,0.6,0.6,0.6,0.0281,0.0284,0.0277,0.0274,0.0278,68.66,68.61,68.72,68.54,68.6,23.828,42.722,0.5982200000000001,0.02788,68.626,3.2751230090731314,3.0881309541809734,True,EWMA 상한 이탈,진동,73.78220909149779,습도,15.247658850075965,실장 설비(마운터) 점검,23.828,23.97,23.68,0.10796295661012656,0.07600000000000015,0.28999999999999915,0.07249999999999979,42.722,44.08,41.6,0.9010527176586276,0.6319999999999993,2.479999999999997,0.6199999999999992,0.5982200000000001,0.6,0.5923,0.002996264340808373,0.0016599999999999838,0.007699999999999929,0.0019249999999999823,0.02788,0.0284,0.0274,0.0003429285639896454,-0.00016000000000000042,0.0010000000000000009,0.00042500000000000003,68.626,68.72,68.54,0.06053098380168423,-0.018999999999999774,0.1799999999999926,0.09999999999999432
PR_DEF_NB_A_20250903-110909_01984.jpg,stream_images/PR_DEF_NB_A_20250903-110909_01984.jpg,2025-09-03 11:09:09,사전공정,불량,납부족 검사군,1984,R003643,25.47,25.68,25.92,26.11,26.32,59.01,59.08,59.13,59.13,59.2,0.5329,0.5344,0.5401,0.5451,0.5504,0.0132,0.0165,0.0187,0.0208,0.0233,60.29,60.0,60.0,60.0,60.0,25.9,59.11,0.54058,0.0185,60.05799999999999,3.319581996811998,3.1344211627071785,True,EWMA 상한 이탈,진동,41.474657410157775,소음,26.158073888451966,실장 설비(마운터) 점검,25.9,26.32,25.47,0.30139674848942916,0.21300000000000024,0.8500000000000014,0.21250000000000036,59.11,59.2,59.01,0.06292853089021103,0.04300000000000139,0.19000000000000483,0.04750000000000121,0.54058,0.5504,0.5329,0.006546266111303448,0.004569999999999996,0.01749999999999996,0.00437499999999999,0.0185,0.0233,0.0132,0.0034773553169039255,0.00245,0.010100000000000001,0.0025250000000000003,60.05799999999999,60.29,60.0,0.11599999999999967,-0.05799999999999983,0.28999999999999915,0.07249999999999979
PR_DEF_NB_A_20250903-110927_01985.jpg,stream_images/PR_DEF_NB_A_20250903-110927_01985.jpg,2025-09-03 11:09:27,사전공정,불량,납부족 검사군,1985,R003644,26.6,26.52,26.39,26.26,26.18,60.18,60.0,60.0,60.0,60.0,0.271,0.2888,0.31,0.3287,0.3511,0.0178,0.0161,0.0129,0.0105,0.01,70.91,71.91,73.3,74.34,75.0,26.390000000000004,60.036,0.30992000000000003,0.01346,73.09200000000001,2.843398063139755,3.076216542793694,True,EWMA 상한 이탈,습도,37.38041720271833,가속도,21.47132302754985,자재 보관 환경 점검,26.390000000000004,26.6,26.18,0.15620499351813322,-0.11000000000000014,0.4200000000000017,0.10500000000000043,60.036,60.18,60.0,0.0719999999999999,-0.03599999999999994,0.17999999999999972,0.04499999999999993,0.30992000000000003,0.3511,0.271,0.02831716087463572,0.02001,0.0801,0.020025,0.01346,0.0178,0.01,0.003061110909457545,-0.0021199999999999995,0.0078,0.00195,73.09200000000001,75.0,70.91,1.509932448820147,1.0610000000000013,4.090000000000003,1.0225000000000009
PR_DEF_NB_A_20250903-111017_01986.jpg,stream_images/PR_DEF_NB_A_20250903-111017_01986.jpg,2025-09-03 11:10:17,사전공정,불량,납부족 검사군,1986,R003645,23.29,23.13,23.0,23.0,23.0,51.8,52.03,52.16,51.96,51.88,0.5628,0.558,0.5514,0.5458,0.5401,0.0187,0.0191,0.0182,0.0173,0.0164,60.66,60.78,61.08,61.17,60.76,23.084,51.96600000000001,0.55162,0.01794,60.89,3.3104167586697333,3.1230565859689023,True,EWMA 상한 이탈,진동,47.43006000568399,온도,24.59590475118855,실장 설비(마운터) 점검,23.084,23.29,23.0,0.11464728518373173,-0.07099999999999973,0.28999999999999915,0.07249999999999979,51.96600000000001,52.16,51.8,0.12387090053761564,0.009000000000001052,0.35999999999999943,0.15999999999999837,0.55162,0.5628,0.5401,0.008152643742983008,-0.005759999999999999,0.022699999999999942,0.005674999999999986,0.01794,0.0191,0.0164,0.0009769339793455846,-0.0006399999999999999,0.0026999999999999975,0.0007749999999999988,60.89,61.17,60.66,0.198191826269401,0.059000000000000344,0.5100000000000051,0.2300000000000022
PR_DEF_NB_A_20250903-111048_01987.jpg,stream_images/PR_DEF_NB_A_20250903-111048_01987.jpg,2025-09-03 11:10:48,사전공정,불량,납부족 검사군,1987,R003646,25.16,25.06,24.92,24.8,24.76,68.3,68.78,68.84,68.91,68.88,0.2922,0.2979,0.31,0.3165,0.325,0.0338,0.0344,0.0357,0.0345,0.0347,74.28,73.41,72.15,71.06,70.17,24.94,68.74199999999999,0.30832000000000004,0.03462,72.214,3.6231936840367958,3.223084005582481,True,EWMA+단일점,습도,80.29596663322866,가속도,9.000815595243445,자재 보관 환경 점검,24.94,25.16,24.76,0.1517893276880815,-0.10599999999999951,0.3999999999999986,0.09999999999999964,68.74199999999999,68.91,68.3,0.22524653160481778,0.1289999999999992,0.6099999999999994,0.16000000000000014,0.30832000000000004,0.325,0.2922,0.011969862154594764,0.00842,0.032799999999999996,0.008199999999999999,0.03462,0.0357,0.0338,0.0006177378084592217,0.00019000000000000128,0.0019000000000000059,0.0008250000000000011,72.214,74.28,70.17,1.4974992487477237,-1.0569999999999993,4.109999999999999,1.0274999999999999
PR_DEF_NB_A_20250903-111131_01988.jpg,stream_images/PR_DEF_NB_A_20250903-111131_01988.jpg,2025-09-03 11:11:31,사전공정,불량,납부족 검사군,1988,R003647,24.44,24.55,24.66,24.82,24.93,41.94,42.92,43.71,44.73,45.57,0.3086,0.3346,0.3561,0.3768,0.3984,0.0428,0.043,0.0434,0.0439,0.0446,74.6,74.46,74.5,74.47,74.26,24.68,43.773999999999994,0.35490000000000005,0.043539999999999995,74.458,2.8557225317121886,3.149611710808423,True,EWMA 상한 이탈,가속도,53.55258744406829,소음,30.954376286643814,컨베이어 이송계열 점검,24.68,24.93,24.44,0.17720045146669303,0.12499999999999964,0.48999999999999844,0.12249999999999961,43.773999999999994,45.57,41.94,1.2834734122684428,0.907,3.6300000000000026,0.9075000000000006,0.35490000000000005,0.3984,0.3086,0.031397706922640066,0.02218,0.08979999999999999,0.022449999999999998,0.043539999999999995,0.0446,0.0428,0.0006499230723708783,0.00045000000000000107,0.001800000000000003,0.00045000000000000075,74.458,74.6,74.26,0.11070682002478105,-0.06699999999999733,0.3399999999999892,0.10500000000000043
PR_DEF_NB_A_20250903-111726_01989.jpg,stream_images/PR_DEF_NB_A_20250903-111726_01989.jpg,2025-09-03 11:17:26,사전공정,불량,납부족 검사군,1989,R003648,25.08,25.18,25.27,25.36,25.55,50.05,50.39,50.57,50.72,50.79,0.2066,0.2075,0.2094,0.2145,0.2158,0.0328,0.0321,0.0332,0.033,0.0334,82.86,83.41,84.39,84.91,84.84,25.288,50.504,0.21076,0.0329,84.082,4.217205146022828,3.3631303978513043,True,EWMA+단일점,소음,80.94276589437051,진동,14.22390563706025,설비 가동 소음원 점검,25.288,25.55,25.08,0.16067358214716013,0.11200000000000046,0.4700000000000024,0.1175000000000006,50.504,50.79,50.05,0.2652998303806475,0.18100000000000022,0.740000000000002,0.1850000000000005,0.21076,0.2158,0.2066,0.003719462326734871,0.002539999999999998,0.009199999999999986,0.0022999999999999965,0.0329,0.0334,0.0321,0.00044721359549995893,0.00020999999999999976,0.0013000000000000025,0.0006000000000000016,84.082,84.91,82.86,0.8123890693503951,0.5460000000000008,2.049999999999997,0.5299999999999976
PR_DEF_NB_A_20250903-111738_01990.jpg,stream_images/PR_DEF_NB_A_20250903-111738_01990.jpg,2025-09-03 11:17:38,사전공정,불량,납부족 검사군,1990,R003649,25.45,25.54,25.67,25.74,25.86,78.35,78.93,79.85,80.0,80.0,0.397,0.3961,0.4011,0.4064,0.4058,0.0355,0.0377,0.0394,0.04,0.04,63.34,63.62,63.89,64.03,64.35,25.651999999999997,79.426,0.40128,0.03852,63.846000000000004,5.426018111038177,3.7757079404886786,True,EWMA+단일점,습도,87.5793779471582,가속도,7.861618171562114,자재 보관 환경 점검,25.651999999999997,25.86,25.45,0.14469277798148739,0.10199999999999995,0.41000000000000014,0.10250000000000004,79.426,80.0,78.35,0.6697044124089374,0.43700000000000044,1.6500000000000057,0.4125000000000014,0.40128,0.4064,0.3961,0.004285510471344097,0.0027899999999999926,0.010299999999999976,0.0029499999999999943,0.03852,0.04,0.0355,0.0017290459797240803,0.0011300000000000012,0.004500000000000004,0.001125000000000001,63.846000000000004,64.35,63.34,0.34551989812454864,0.24299999999999855,1.009999999999991,0.2524999999999977
PR_DEF_NB_A_20250903-112011_01991.jpg,stream_images/PR_DEF_NB_A_20250903-112011_01991.jpg,2025-09-03 11:20:11,사전공정,불량,납부족 검사군,1991,R003650,24.95,24.84,24.64,24.49,24.36,40.02,40.0,40.0,40.0,40.0,0.3329,0.3586,0.3801,0.4014,0.4202,0.0428,0.0433,0.0439,0.0444,0.0447,64.59,64.88,65.41,66.07,66.43,24.656,40.004000000000005,0.37864000000000003,0.04382,65.476,2.8259296718930313,3.5857522867695497,True,EWMA 상한 이탈,가속도,56.695184267035536,습도,38.28721737904217,컨베이어 이송계열 점검,24.656,24.95,24.36,0.21712669112755362,-0.1530000000000001,0.5899999999999999,0.14749999999999996,40.004000000000005,40.02,40.0,0.008000000000001251,-0.0040000000000006255,0.020000000000003126,0.005000000000000782,0.37864000000000003,0.4202,0.3329,0.030793284982281458,0.02174000000000001,0.08730000000000004,0.02182500000000001,0.04382,0.0447,0.0428,0.0006968500556073743,0.0004900000000000002,0.001899999999999999,0.00047499999999999973,65.476,66.43,64.59,0.6939048926185785,0.48700000000000043,1.8400000000000034,0.46000000000000085
PR_DEF_NB_A_20250903-112128_01992.jpg,stream_images/PR_DEF_NB_A_20250903-112128_01992.jpg,2025-09-03 11:21:28,사전공정,불량,납부족 검사군,1992,R003651,24.53,24.41,24.3,24.17,24.11,44.09,44.16,44.27,44.35,44.16,0.4871,0.4552,0.426,0.4023,0.3761,0.0448,0.045,0.045,0.0457,0.0459,71.18,72.13,73.08,74.17,75.0,24.304,44.206,0.42934,0.045279999999999994,73.112,3.008497143896977,3.4703012581950357,True,EWMA 상한 이탈,가속도,57.85228135641023,소음,18.159741520139235,컨베이어 이송계열 점검,24.304,24.53,24.11,0.15357083056361992,-0.10800000000000018,0.4200000000000017,0.10500000000000043,44.206,44.35,44.09,0.09221713506718873,0.03299999999999912,0.259999999999998,0.11250000000000071,0.42934,0.4871,0.3761,0.03894039547821773,-0.027489999999999997,0.11099999999999999,0.027749999999999997,0.045279999999999994,0.0459,0.0448,0.0004354308211415458,0.00029000000000000065,0.0011000000000000038,0.00027500000000000094,73.112,75.0,71.18,1.3698087457743864,0.9679999999999993,3.819999999999993,0.9549999999999983
